{
    "train_loss": [
        2.3091942808151247,
        0.34653414801073573,
        0.15339288322059438,
        0.10680340483958523,
        0.08085692611141325,
        0.06409831344554938,
        0.05138587425210377,
        0.04121076307505161,
        0.03387612345077893,
        0.02742415492445513,
        0.02245773079802181,
        0.01822452931218904,
        0.014724691807197004,
        0.011800150862944898,
        0.009524474179009822,
        0.007577581190975253,
        0.006193126354368191,
        0.0049621255902142425,
        0.00388979660683527,
        0.003164590440884128,
        0.002579218804364605,
        0.0020573397141721334,
        0.001694420098269913,
        0.0014306224929315952,
        0.001137819319848773
    ],
    "train_acc": [
        0.1055,
        0.9051166666666667,
        0.95475,
        0.96715,
        0.97525,
        0.981,
        0.9845166666666667,
        0.9877333333333334,
        0.99025,
        0.9921666666666666,
        0.9936333333333334,
        0.9953666666666666,
        0.9965833333333334,
        0.9975833333333334,
        0.9980333333333333,
        0.9987833333333334,
        0.9989666666666667,
        0.9993666666666666,
        0.99965,
        0.9997166666666667,
        0.99985,
        0.9999166666666667,
        0.9999333333333333,
        0.99995,
        0.99995
    ],
    "test_loss": [
        2.3092392925262453,
        0.19037398852035403,
        0.13167735320823268,
        0.11175412855217,
        0.10666352124216792,
        0.10181379703168641,
        0.10298301944291562,
        0.10381784571067547,
        0.10436222054658828,
        0.1070588547572339,
        0.10814003851962897,
        0.11276591257613484,
        0.11538913123835826,
        0.12165833221399562,
        0.12723945552497617,
        0.12897446879129154,
        0.13348263873925653,
        0.13805342940989368,
        0.1436230149886191,
        0.14730077957094348,
        0.15355993139006904,
        0.1568319438652462,
        0.16222277559907772,
        0.16648858619313445,
        0.17085781043036044
    ],
    "test_acc": [
        0.1053,
        0.9404,
        0.9591,
        0.9647,
        0.9689,
        0.9714,
        0.9719,
        0.9726,
        0.9738,
        0.974,
        0.9747,
        0.9754,
        0.975,
        0.9755,
        0.9751,
        0.9757,
        0.9754,
        0.9753,
        0.9757,
        0.9756,
        0.9758,
        0.9762,
        0.9764,
        0.9763,
        0.9768
    ]
}