{
    "train_loss": [
        2.305674257342021,
        0.27170522415023296,
        0.11319354941497246,
        0.07620772620805073,
        0.057778429755929395,
        0.04518124320625211,
        0.03533337114427899,
        0.027995290137678968,
        0.02190131314709385,
        0.016424931290656242,
        0.012696472655768109,
        0.009718303011841272,
        0.007405372841493348,
        0.005349777934772631,
        0.004183123938344486,
        0.0028726947972943437,
        0.002382017278313636,
        0.0018656563661749222,
        0.0015435116280878025,
        0.0012458777831268037,
        0.0010690428706907431,
        0.0009111801527858111,
        0.0007932395350471191,
        0.0007063081126086993,
        0.0006034323670363618
    ],
    "train_acc": [
        0.10793333333333334,
        0.92095,
        0.9663166666666667,
        0.97715,
        0.9823166666666666,
        0.9857666666666667,
        0.9888166666666667,
        0.9917166666666667,
        0.99365,
        0.9956333333333334,
        0.9968666666666667,
        0.99785,
        0.9987,
        0.9991833333333333,
        0.9995,
        0.9997666666666667,
        0.99985,
        0.9999333333333333,
        0.9999333333333333,
        0.9999833333333333,
        0.9999833333333333,
        0.9999833333333333,
        0.9999833333333333,
        0.9999833333333333,
        1.0
    ],
    "test_loss": [
        2.3052435230255126,
        0.1481912778550759,
        0.10212048507151195,
        0.08776237559859874,
        0.08736757562819403,
        0.08207429883921431,
        0.07807392940785503,
        0.08011683872174871,
        0.07893358200295661,
        0.08710013323620461,
        0.08554968301052614,
        0.08305410297017497,
        0.08498170513043032,
        0.08580709130160714,
        0.0893662974703529,
        0.09219486415744682,
        0.0924380475473564,
        0.09525830351452032,
        0.09643832023381176,
        0.09693684451007173,
        0.09797363333314014,
        0.10046174558398568,
        0.10175667530484431,
        0.10273588310121877,
        0.10398751859699078
    ],
    "test_acc": [
        0.1066,
        0.9546,
        0.9671,
        0.973,
        0.9745,
        0.9772,
        0.9786,
        0.9783,
        0.9793,
        0.9772,
        0.9788,
        0.9794,
        0.9788,
        0.9793,
        0.9799,
        0.9788,
        0.9791,
        0.9791,
        0.9791,
        0.9798,
        0.9799,
        0.9797,
        0.9797,
        0.9797,
        0.9797
    ]
}