{
    "train_loss": [
        2.304665460205078,
        0.2739688460814456,
        0.1148582645772025,
        0.07709914305729713,
        0.056172065427158184,
        0.0429965770496754,
        0.03360604198411844,
        0.026087814972314907,
        0.019850494884993894,
        0.015101660421821605,
        0.011805052519397334,
        0.008779163000973495,
        0.006539629068392257,
        0.0047553137271823705,
        0.0036868589799804964,
        0.002716086766350251,
        0.0020825035282622632,
        0.0015884106706619558,
        0.00130162475115243,
        0.0010224297494086931,
        0.0008462170382414231,
        0.0006998502026299084,
        0.0006017847196661375,
        0.0005249367163723093,
        0.0004530075696292704
    ],
    "train_acc": [
        0.08203333333333333,
        0.9216833333333333,
        0.96565,
        0.9768166666666667,
        0.9831166666666666,
        0.9871666666666666,
        0.9903666666666666,
        0.9925833333333334,
        0.9947,
        0.99625,
        0.9972166666666666,
        0.9983666666666666,
        0.9990166666666667,
        0.9993833333333333,
        0.9997333333333334,
        0.9997833333333334,
        0.9998833333333333,
        0.99995,
        0.9999833333333333,
        0.9999833333333333,
        1.0,
        1.0,
        1.0,
        1.0,
        1.0
    ],
    "test_loss": [
        2.3036648399353026,
        0.15494124752124772,
        0.0963074354559416,
        0.08293228024048731,
        0.08303452395402128,
        0.0803495272286149,
        0.07185406456346682,
        0.07456651215626026,
        0.07703922340558639,
        0.08037235606695058,
        0.07930132013193258,
        0.08301138837232584,
        0.08572228010190479,
        0.08871631294095247,
        0.09017405136413421,
        0.09184941883536193,
        0.09640596394429868,
        0.09700243347414965,
        0.1000260402287008,
        0.1022547188060904,
        0.10447316207312284,
        0.10673488462063165,
        0.10920256623534354,
        0.11075664921517316,
        0.11321421880935534
    ],
    "test_acc": [
        0.0829,
        0.9509,
        0.9709,
        0.9745,
        0.9741,
        0.9758,
        0.9778,
        0.9788,
        0.9778,
        0.9787,
        0.9777,
        0.9778,
        0.9774,
        0.9779,
        0.9777,
        0.9779,
        0.9781,
        0.9785,
        0.978,
        0.9781,
        0.9781,
        0.978,
        0.9779,
        0.9779,
        0.9777
    ]
}