{
    "train_loss": [
        2.303097758293152,
        0.2948854727119207,
        0.1248144941301706,
        0.08426130251567811,
        0.06343010924508174,
        0.04987421280289224,
        0.039968999781525905,
        0.03179604288538054,
        0.024966609595845027,
        0.019947935142719992,
        0.01568272921742464,
        0.012387950162725217,
        0.009343286786096298,
        0.007247242047327958,
        0.005477811021641459,
        0.004227095746435798,
        0.0032249782635288492,
        0.0024565187755118093,
        0.001941048845654375,
        0.0015004560132351932,
        0.0011991044660156656,
        0.000962488870617754,
        0.0008063353200691936,
        0.0006852588743499648,
        0.0005842051009882425
    ],
    "train_acc": [
        0.10706666666666667,
        0.9166666666666666,
        0.9631666666666666,
        0.9751,
        0.9808166666666667,
        0.98515,
        0.9878333333333333,
        0.9909333333333333,
        0.9927166666666667,
        0.9948666666666667,
        0.9960166666666667,
        0.9969666666666667,
        0.9980166666666667,
        0.9987833333333334,
        0.9993,
        0.9995833333333334,
        0.9997166666666667,
        0.9998333333333334,
        0.9998833333333333,
        0.99995,
        0.99995,
        0.9999833333333333,
        1.0,
        1.0,
        1.0
    ],
    "test_loss": [
        2.3041049377441407,
        0.1533437360841781,
        0.11292042282805778,
        0.09471582722713938,
        0.08589533576573595,
        0.08013722214550945,
        0.0842436478602729,
        0.08529682313951416,
        0.08439958044865216,
        0.09368506203784946,
        0.09443301721986208,
        0.09522515683544147,
        0.099562828988473,
        0.10276249071539394,
        0.10549471712603345,
        0.10875005649243472,
        0.11266671277881392,
        0.115405988908479,
        0.11912080535134276,
        0.12195774538982335,
        0.1251693801476182,
        0.12811471430719437,
        0.13140355995697484,
        0.13404637390157845,
        0.13682906351440507
    ],
    "test_acc": [
        0.1043,
        0.9544,
        0.9666,
        0.9706,
        0.976,
        0.9757,
        0.9753,
        0.976,
        0.9765,
        0.9752,
        0.976,
        0.9759,
        0.9756,
        0.9756,
        0.9767,
        0.9753,
        0.976,
        0.9761,
        0.9766,
        0.9758,
        0.9764,
        0.9763,
        0.9763,
        0.9765,
        0.9764
    ]
}