{
    "train_loss": [
        2.305674257342021,
        0.3040252563379705,
        0.12558453513104467,
        0.08307945245372442,
        0.06140320114119289,
        0.04824952715513888,
        0.037748948952126375,
        0.02938569008720806,
        0.02252310144902755,
        0.017205120733507464,
        0.01325702629734266,
        0.009891545586090357,
        0.007437402255760325,
        0.005676291696963567,
        0.004186497896267647,
        0.003139715856953097,
        0.002454046884833473,
        0.0018166805116777117,
        0.0014172654362690756,
        0.0011225933803011225,
        0.0009047889850547507,
        0.0007546029261385772,
        0.0006340975375038983,
        0.0005433248237216162,
        0.000466068200499843
    ],
    "train_acc": [
        0.10793333333333334,
        0.914,
        0.9630833333333333,
        0.9753333333333334,
        0.98215,
        0.9849833333333333,
        0.9885666666666667,
        0.9908666666666667,
        0.99345,
        0.9957333333333334,
        0.9966666666666667,
        0.9981666666666666,
        0.9987833333333334,
        0.99915,
        0.9995333333333334,
        0.9996666666666667,
        0.99975,
        0.9999166666666667,
        0.9999666666666667,
        0.9999833333333333,
        1.0,
        1.0,
        1.0,
        1.0,
        1.0
    ],
    "test_loss": [
        2.3052435230255126,
        0.16110614479836077,
        0.11583867689291946,
        0.09679511313493713,
        0.09624125781230977,
        0.09057594637489984,
        0.09254829726753779,
        0.09377824521288367,
        0.09318844279951263,
        0.09725332165106255,
        0.1002906490855116,
        0.10162557215733502,
        0.10410459752261882,
        0.10855568120041385,
        0.11462753082943354,
        0.11735746377476375,
        0.12173680444231484,
        0.12602695847230858,
        0.12951914774221088,
        0.13249092766290074,
        0.13585637315685564,
        0.13979319556432965,
        0.1431948025378401,
        0.14655501319973235,
        0.149754932740502
    ],
    "test_acc": [
        0.1066,
        0.9504,
        0.9628,
        0.9703,
        0.9713,
        0.976,
        0.9746,
        0.9749,
        0.9748,
        0.9758,
        0.976,
        0.9764,
        0.9759,
        0.9761,
        0.9749,
        0.9765,
        0.9756,
        0.9761,
        0.9756,
        0.9754,
        0.9757,
        0.9754,
        0.9754,
        0.9752,
        0.9756
    ]
}