{
    "train_loss": [
        2.2988321739832562,
        0.2832780423305929,
        0.12122733928080028,
        0.08266868305321938,
        0.06037695427024349,
        0.046707896462882245,
        0.03623127973450949,
        0.028107593672421837,
        0.021968652204672253,
        0.01627643036105992,
        0.01288073889637623,
        0.009368173384059385,
        0.007368618855099825,
        0.005467849750433299,
        0.00410189489085789,
        0.003101326248103511,
        0.0024394933177797006,
        0.0018358073971002948,
        0.0013790925103318178,
        0.001089880000663856,
        0.0009077243661815408,
        0.0007718036298961624,
        0.0006602824009153136,
        0.0005661134520260273,
        0.00048786168815058336
    ],
    "train_acc": [
        0.16486666666666666,
        0.9177166666666666,
        0.9642,
        0.97535,
        0.98155,
        0.9854833333333334,
        0.9888666666666667,
        0.9917333333333334,
        0.9940166666666667,
        0.9959833333333333,
        0.9970333333333333,
        0.9981166666666667,
        0.9987666666666667,
        0.9992833333333333,
        0.9995666666666667,
        0.9997833333333334,
        0.99985,
        0.9999,
        0.9999666666666667,
        1.0,
        0.9999833333333333,
        1.0,
        1.0,
        1.0,
        1.0
    ],
    "test_loss": [
        2.2975090656280517,
        0.14759921556618064,
        0.1054909966936335,
        0.08842627496885834,
        0.0860042939928011,
        0.08620305655245465,
        0.0767028430152197,
        0.07877634594316478,
        0.08035728320674025,
        0.08576094375081666,
        0.08405684829187841,
        0.08699032140491002,
        0.08888100494265387,
        0.08906883639603291,
        0.09185867133377643,
        0.09613246933630078,
        0.09689706073463039,
        0.09874865137650961,
        0.10034623925220405,
        0.10295204136900198,
        0.10476496790577298,
        0.10616608611000583,
        0.1083917927748874,
        0.11056639806431831,
        0.11289726784931209
    ],
    "test_acc": [
        0.167,
        0.956,
        0.9675,
        0.9724,
        0.9739,
        0.9755,
        0.9767,
        0.9775,
        0.9785,
        0.978,
        0.9778,
        0.979,
        0.9784,
        0.9791,
        0.9786,
        0.9794,
        0.9795,
        0.9801,
        0.9802,
        0.9802,
        0.9809,
        0.981,
        0.9805,
        0.9803,
        0.9809
    ]
}