{
    "train_loss": [
        2.305034884007772,
        0.4214119018363456,
        0.226662852678382,
        0.173055033707187,
        0.14922688734300513,
        0.13180159538259856,
        0.11859837356343875,
        0.10427268972919701,
        0.09620376578775394,
        0.08651225549148792,
        0.08022626600002813,
        0.0738010247930036,
        0.07068643006504095,
        0.0643200017814372,
        0.062244080256878276,
        0.05808924731870652,
        0.05427741384505375,
        0.05039382396776358,
        0.04668265132815003,
        0.04442236674782815,
        0.046241838075543176,
        0.040780007037045714,
        0.04053155518010928,
        0.034964914030324916,
        0.03521936895403247
    ],
    "train_acc": [
        0.07181666666666667,
        0.8844166666666666,
        0.9357833333333333,
        0.9508,
        0.9571,
        0.9637166666666667,
        0.9667666666666667,
        0.9705166666666667,
        0.9721666666666666,
        0.9740666666666666,
        0.9759,
        0.9776,
        0.9790666666666666,
        0.9805833333333334,
        0.9814666666666667,
        0.9828,
        0.98335,
        0.9848833333333333,
        0.9858833333333333,
        0.9867,
        0.9860666666666666,
        0.9873666666666666,
        0.9874666666666667,
        0.98905,
        0.9886166666666667
    ],
    "test_loss": [
        2.3044456077575686,
        0.2984210096891038,
        0.18454700814312092,
        0.1814586225972511,
        0.166038840078493,
        0.16283239666084992,
        0.15466074708292726,
        0.16284775975930096,
        0.1609475139289665,
        0.16353651083886217,
        0.16219387617879694,
        0.16279333656052913,
        0.1665082832606371,
        0.1734367582108335,
        0.16296251613563112,
        0.16791051476463653,
        0.17033083218575243,
        0.16320524802430744,
        0.16794576765247324,
        0.17020600831700494,
        0.1734010830789177,
        0.177646943148341,
        0.18103083536329362,
        0.1836176109140287,
        0.18805405819817433
    ],
    "test_acc": [
        0.0753,
        0.9188,
        0.9486,
        0.9482,
        0.959,
        0.9591,
        0.9625,
        0.9625,
        0.962,
        0.9622,
        0.9635,
        0.9652,
        0.9653,
        0.9647,
        0.9684,
        0.9672,
        0.9657,
        0.9682,
        0.9673,
        0.9674,
        0.9674,
        0.9667,
        0.9664,
        0.9679,
        0.9672
    ]
}