{
    "train_loss": [
        2.304665460205078,
        0.2946846421612427,
        0.12492191675280531,
        0.08364622893154156,
        0.06157474307539523,
        0.04724461619891032,
        0.03703802712399726,
        0.028770031922431372,
        0.022311769553369474,
        0.017364285935531736,
        0.013069499720289604,
        0.009967359498330748,
        0.007333626200947534,
        0.005620999057310493,
        0.004342247065484319,
        0.003320638427954595,
        0.0025827826054463476,
        0.0019447670104716368,
        0.0015644770912233354,
        0.0012355737670509991,
        0.0009821226903263943,
        0.0008008566581954094,
        0.0006646999350367582,
        0.0005609818327656173,
        0.000480715669795401
    ],
    "train_acc": [
        0.08203333333333333,
        0.9161,
        0.96245,
        0.97435,
        0.9815333333333334,
        0.9859666666666667,
        0.98915,
        0.99145,
        0.99385,
        0.9953833333333333,
        0.9968333333333333,
        0.998,
        0.99895,
        0.9992833333333333,
        0.9994833333333333,
        0.9997166666666667,
        0.9998,
        0.9999333333333333,
        0.9999833333333333,
        0.9999833333333333,
        0.9999833333333333,
        0.9999833333333333,
        1.0,
        1.0,
        1.0
    ],
    "test_loss": [
        2.3036648399353026,
        0.16405578271681442,
        0.10436001207698137,
        0.08814007493241224,
        0.08512006862536946,
        0.08059626459746505,
        0.07995335985054043,
        0.08132470828971981,
        0.08442399132460032,
        0.08649083285869683,
        0.0886462406878435,
        0.09165459608241393,
        0.09664663009886511,
        0.097999174749891,
        0.1015262493217669,
        0.10397035197746163,
        0.10705170395170889,
        0.11109369596245217,
        0.11417316929182425,
        0.11758090220486837,
        0.12156133187600321,
        0.12356703142788267,
        0.12643848820085082,
        0.1295687297965183,
        0.13215589898282332
    ],
    "test_acc": [
        0.0829,
        0.95,
        0.9701,
        0.9732,
        0.9746,
        0.9769,
        0.9768,
        0.9775,
        0.9763,
        0.9767,
        0.9776,
        0.9782,
        0.9779,
        0.9781,
        0.9779,
        0.9781,
        0.978,
        0.9779,
        0.978,
        0.9775,
        0.9775,
        0.9775,
        0.9775,
        0.9776,
        0.9778
    ]
}