{
    "train_loss": [
        2.3056429417292277,
        0.2732729724841813,
        0.11597068012415741,
        0.0799096175165226,
        0.06000602720495469,
        0.04672489499880661,
        0.03639564480926686,
        0.029201412433494504,
        0.022459139108335514,
        0.017315131661723233,
        0.013452132135482315,
        0.010592804994771056,
        0.008450634132952533,
        0.005921891007893949,
        0.0047392354599480315,
        0.003433971284077184,
        0.0026519961495499946,
        0.001963873057056003,
        0.0015577541229184722,
        0.0013263107045179785,
        0.0011566850739252437,
        0.0009642268620027395,
        0.0008342925331368991,
        0.0007001699661306764,
        0.0006179810415892821
    ],
    "train_acc": [
        0.07833333333333334,
        0.92115,
        0.9652666666666667,
        0.9753333333333334,
        0.98195,
        0.9854,
        0.9886333333333334,
        0.9910833333333333,
        0.9935333333333334,
        0.9957333333333334,
        0.9969333333333333,
        0.9976166666666667,
        0.9979333333333333,
        0.9989833333333333,
        0.9994333333333333,
        0.9996,
        0.9997333333333334,
        0.9999,
        0.9999833333333333,
        0.99995,
        0.99995,
        0.99995,
        0.9999833333333333,
        1.0,
        1.0
    ],
    "test_loss": [
        2.3049506702423095,
        0.13781975266980007,
        0.10512268428476527,
        0.09292958740729373,
        0.07922295651508611,
        0.07789131928398856,
        0.07690453894585225,
        0.0783824747877712,
        0.0736277760958641,
        0.07391627600952061,
        0.07664084486839073,
        0.07826988031942761,
        0.07954379828078527,
        0.07995702878649488,
        0.08100889524314339,
        0.0831818606374423,
        0.08488240313487812,
        0.08536670724051452,
        0.0880218779521935,
        0.08922977528057288,
        0.09123813901331192,
        0.09400749604097901,
        0.09347834759924634,
        0.0946706709611443,
        0.09662182010536996
    ],
    "test_acc": [
        0.0826,
        0.9578,
        0.967,
        0.9717,
        0.9751,
        0.9771,
        0.9764,
        0.9758,
        0.9784,
        0.9782,
        0.9783,
        0.9792,
        0.9792,
        0.9796,
        0.9796,
        0.9799,
        0.9795,
        0.9797,
        0.9798,
        0.9804,
        0.9792,
        0.9792,
        0.9802,
        0.9797,
        0.9798
    ]
}