{
    "train_loss": [
        2.304665460205078,
        0.33711014883064977,
        0.14925322864092885,
        0.1042655603102874,
        0.07906692200655815,
        0.062312544870526954,
        0.049761014999158214,
        0.04026969840416762,
        0.03234232903262855,
        0.02579739010730094,
        0.02042124752134185,
        0.016246620614355046,
        0.01264136860568329,
        0.009797959877307338,
        0.007681196376322238,
        0.0060479754019717984,
        0.004709440830976863,
        0.0037655576768675205,
        0.0030566143503528466,
        0.002427496280494314,
        0.0019508748575265765,
        0.0015761788485766644,
        0.0013124007791785292,
        0.0010988964535551431,
        0.0009339495713738117
    ],
    "train_acc": [
        0.08203333333333333,
        0.9077166666666666,
        0.9554833333333334,
        0.9689666666666666,
        0.9767666666666667,
        0.9814333333333334,
        0.98545,
        0.9880166666666667,
        0.9906833333333334,
        0.99265,
        0.99435,
        0.9958333333333333,
        0.9971166666666667,
        0.9979333333333333,
        0.9985833333333334,
        0.9991333333333333,
        0.9993666666666666,
        0.9996166666666667,
        0.9997833333333334,
        0.9998333333333334,
        0.9999,
        0.9999166666666667,
        0.9999833333333333,
        1.0,
        1.0
    ],
    "test_loss": [
        2.3036648399353026,
        0.18945294723697007,
        0.12441017102142796,
        0.10889134352913825,
        0.10193737983515894,
        0.0975231279046071,
        0.09658425421841384,
        0.0986887675206337,
        0.09829171684972096,
        0.10251720109469889,
        0.10422425898175422,
        0.10792388002558924,
        0.1126300174505099,
        0.11804947151204692,
        0.12295533672010146,
        0.12656893540084974,
        0.13259763968807214,
        0.13639748326652332,
        0.14287936534526866,
        0.14832044819788506,
        0.15207924930052463,
        0.15711714661803694,
        0.16238162047460367,
        0.1674975342859102,
        0.17312271013020836
    ],
    "test_acc": [
        0.0829,
        0.9418,
        0.9605,
        0.9689,
        0.9712,
        0.9726,
        0.9739,
        0.9756,
        0.9752,
        0.9749,
        0.9761,
        0.9753,
        0.9747,
        0.9752,
        0.9748,
        0.9745,
        0.9743,
        0.9749,
        0.9748,
        0.9748,
        0.9744,
        0.9748,
        0.9752,
        0.9751,
        0.975
    ]
}