{
    "train_loss": [
        2.3056429417292277,
        0.2810280683079114,
        0.11852252913693277,
        0.08105053156812986,
        0.06014763359367886,
        0.04617582886394618,
        0.035850958575769136,
        0.0280806727541824,
        0.021768348162705176,
        0.016161761625143118,
        0.0123261893318983,
        0.009393441134179314,
        0.007191244769553441,
        0.0051245930493499375,
        0.004072073310245416,
        0.0029161728417167847,
        0.002123450990326279,
        0.0016290665344400811,
        0.0012718999581215248,
        0.0010288015584186013,
        0.0008548459429080007,
        0.0007270572453634291,
        0.0006177561263071678,
        0.000532421772563259,
        0.0004637076621990275
    ],
    "train_acc": [
        0.07833333333333334,
        0.9198166666666666,
        0.9646166666666667,
        0.97585,
        0.9815666666666667,
        0.9856166666666667,
        0.9892833333333333,
        0.9916666666666667,
        0.99375,
        0.996,
        0.9972666666666666,
        0.9979,
        0.9986833333333334,
        0.9992833333333333,
        0.9995666666666667,
        0.9997,
        0.9999166666666667,
        0.9999166666666667,
        0.9999666666666667,
        0.9999833333333333,
        0.9999833333333333,
        0.9999833333333333,
        1.0,
        1.0,
        1.0
    ],
    "test_loss": [
        2.3049506702423095,
        0.14837782785110176,
        0.10562054221923463,
        0.0973025586937787,
        0.0849486066754791,
        0.08586161689228684,
        0.08779146239446345,
        0.08927790980239224,
        0.08147318630423829,
        0.08750866516483723,
        0.08866451006840641,
        0.09144478235480949,
        0.092982872808157,
        0.0970677836753717,
        0.09847633764524062,
        0.10156056912065917,
        0.10402773633568609,
        0.10609414748410977,
        0.10933625887104481,
        0.11218193025055702,
        0.11472240209429142,
        0.11753167377619848,
        0.11917063743154467,
        0.12098460718485399,
        0.12355969979956692
    ],
    "test_acc": [
        0.0826,
        0.9534,
        0.9671,
        0.9721,
        0.9745,
        0.975,
        0.9755,
        0.974,
        0.9783,
        0.9777,
        0.9779,
        0.9791,
        0.978,
        0.9783,
        0.9782,
        0.9793,
        0.9791,
        0.9785,
        0.9792,
        0.9783,
        0.9784,
        0.979,
        0.9787,
        0.9791,
        0.9789
    ]
}