{
    "train_loss": [
        2.303097758293152,
        0.2642787965766465,
        0.1123273926955803,
        0.07680156268614034,
        0.0575655955581499,
        0.04504933377934115,
        0.035906878120667535,
        0.028368446365516865,
        0.021858375061037563,
        0.017171353006541358,
        0.01266546059459494,
        0.009770486497044263,
        0.007038777655439958,
        0.005567063245302567,
        0.004098444307681848,
        0.00296274511941765,
        0.0023750443330055,
        0.0018291702613362892,
        0.0014611295117101302,
        0.001199047699436439,
        0.0010333801239077152,
        0.0008887095266002944,
        0.0007714627322684654,
        0.0006857928696325084,
        0.0006035372385927617
    ],
    "train_acc": [
        0.10706666666666667,
        0.9234666666666667,
        0.96645,
        0.9773333333333334,
        0.9826,
        0.9863,
        0.9887333333333334,
        0.9912833333333333,
        0.9935666666666667,
        0.9953833333333333,
        0.9969,
        0.99785,
        0.99875,
        0.9990833333333333,
        0.9995333333333334,
        0.9998,
        0.99985,
        0.9999666666666667,
        1.0,
        1.0,
        1.0,
        1.0,
        1.0,
        1.0,
        1.0
    ],
    "test_loss": [
        2.3041049377441407,
        0.13571008116826416,
        0.11152706528431736,
        0.08233968605255941,
        0.0752006414559146,
        0.07372837179564959,
        0.07842907750399608,
        0.07419402460745696,
        0.07413252969569575,
        0.08502617104768324,
        0.0780684285682622,
        0.07979080941619537,
        0.08466891209834808,
        0.08911367395758422,
        0.08436825293295643,
        0.08558030436156282,
        0.0879453639410544,
        0.0907209210494975,
        0.09150700483051614,
        0.09370745244081329,
        0.09429373957264625,
        0.09634626963128409,
        0.09751735042342324,
        0.09957664564620017,
        0.10059215760975312
    ],
    "test_acc": [
        0.1043,
        0.9601,
        0.9645,
        0.9737,
        0.977,
        0.9789,
        0.978,
        0.9786,
        0.9781,
        0.9768,
        0.9794,
        0.979,
        0.979,
        0.979,
        0.9795,
        0.9799,
        0.9796,
        0.98,
        0.9798,
        0.9804,
        0.9803,
        0.9806,
        0.9807,
        0.9803,
        0.9809
    ]
}