{
    "train_loss": [
        2.3051901514689126,
        0.274779352608944,
        0.11697895439273368,
        0.08070306032399337,
        0.06118696272901725,
        0.047540703990878924,
        0.03646841877468978,
        0.02858082390713292,
        0.022546664042072128,
        0.01782638947561718,
        0.013522748950429255,
        0.010276248636656661,
        0.007616846702356997,
        0.005766700723745968,
        0.004430710530047115,
        0.0032085744223981616,
        0.0023787183088309727,
        0.0019092179877762702,
        0.0014704785439601314,
        0.0012240547061621327,
        0.0010481829370001128,
        0.0008957423929359038,
        0.0007847009447957125,
        0.0006896859014563081,
        0.0006031558146070123
    ],
    "train_acc": [
        0.07936666666666667,
        0.9200333333333334,
        0.9652,
        0.9760666666666666,
        0.9809,
        0.9852166666666666,
        0.9891833333333333,
        0.99145,
        0.99375,
        0.9950333333333333,
        0.9967833333333334,
        0.9977833333333334,
        0.9985833333333334,
        0.9990666666666667,
        0.99955,
        0.9997,
        0.9999,
        0.9999166666666667,
        0.9999833333333333,
        1.0,
        1.0,
        1.0,
        1.0,
        1.0,
        1.0
    ],
    "test_loss": [
        2.3060512508392335,
        0.13728769618645312,
        0.10279171963152475,
        0.10057832001558273,
        0.08194319617943838,
        0.07868556611367385,
        0.07554982067754026,
        0.07629009720823741,
        0.07363904183806808,
        0.07898951937232378,
        0.07788395859026187,
        0.07398687164170792,
        0.07471038391908914,
        0.07837539996992254,
        0.07921185663320165,
        0.0833462974533224,
        0.08414573364200721,
        0.08574705881281372,
        0.08631062537400673,
        0.08905083405485865,
        0.08881465403209217,
        0.09194762093030584,
        0.09277537954370513,
        0.09412311615698847,
        0.09519084370418811
    ],
    "test_acc": [
        0.077,
        0.9579,
        0.9684,
        0.9685,
        0.9757,
        0.9751,
        0.9776,
        0.9778,
        0.9778,
        0.978,
        0.9776,
        0.9785,
        0.9803,
        0.9801,
        0.9796,
        0.9785,
        0.9789,
        0.9792,
        0.9794,
        0.979,
        0.9793,
        0.979,
        0.9789,
        0.9794,
        0.9795
    ]
}