{
    "train_loss": [
        2.305674257342021,
        0.4302075253543599,
        0.21575101643958283,
        0.16826685689192575,
        0.14483434911562362,
        0.13017342791784856,
        0.11482967655132488,
        0.1078489329778793,
        0.09525772777889918,
        0.08811033326538818,
        0.08326500389362167,
        0.0753872586869408,
        0.07150813926905958,
        0.06778209689970773,
        0.06401285185421417,
        0.05730743616803814,
        0.05412095582609698,
        0.05078356178009716,
        0.047238928583154954,
        0.044358222829327776,
        0.0420573366115601,
        0.04071660388316951,
        0.037751317752929316,
        0.03306443396856877,
        0.03299231371231909
    ],
    "train_acc": [
        0.10793333333333334,
        0.88295,
        0.9361666666666667,
        0.9498666666666666,
        0.9573,
        0.9626333333333333,
        0.9664833333333334,
        0.9689166666666666,
        0.972,
        0.9741166666666666,
        0.9754166666666667,
        0.97775,
        0.9786333333333334,
        0.9799166666666667,
        0.9813,
        0.9828166666666667,
        0.9836666666666667,
        0.9846333333333334,
        0.9858333333333333,
        0.9863833333333333,
        0.9870666666666666,
        0.9872,
        0.9882833333333333,
        0.9898166666666667,
        0.9898166666666667
    ],
    "test_loss": [
        2.3052435230255126,
        0.24850879574193385,
        0.18755706274891273,
        0.16480616468392545,
        0.1599764125428832,
        0.16105350967814155,
        0.17035590484602725,
        0.16029960708262078,
        0.1608849238425657,
        0.16045082800366392,
        0.15248364908196663,
        0.15256215740211027,
        0.16277177197093337,
        0.16560308968873988,
        0.16374924406794325,
        0.14998691175776208,
        0.14691467453784135,
        0.15264494587347174,
        0.1511942583810997,
        0.15520760574964618,
        0.15817189478570076,
        0.16798872225151107,
        0.1676225219391036,
        0.16522292773766498,
        0.16979815549491217
    ],
    "test_acc": [
        0.1066,
        0.9272,
        0.9428,
        0.9511,
        0.9584,
        0.9579,
        0.9591,
        0.9596,
        0.9605,
        0.9646,
        0.9655,
        0.9689,
        0.9661,
        0.9672,
        0.9679,
        0.9692,
        0.9711,
        0.9697,
        0.9685,
        0.9695,
        0.9706,
        0.9696,
        0.9709,
        0.9718,
        0.9707
    ]
}