{
    "train_loss": [
        2.2972562834421795,
        0.26789902753215283,
        0.11289648533704069,
        0.07611149551455552,
        0.057363217444201774,
        0.04489383755956854,
        0.03513934793778074,
        0.027357075969008535,
        0.021226107227755468,
        0.016904178650880203,
        0.013108360163815693,
        0.009574973170464636,
        0.007184443320571881,
        0.005591778343858618,
        0.004049343660683795,
        0.003084712954920049,
        0.0023633381090068495,
        0.001800897064861446,
        0.0014713159470902202,
        0.0012034129259878047,
        0.0010411477009756632,
        0.0009075101644295747,
        0.0007985770948596325,
        0.0006970874763359056,
        0.0006217747429179033
    ],
    "train_acc": [
        0.1213,
        0.9225166666666667,
        0.9663833333333334,
        0.9772833333333333,
        0.9827833333333333,
        0.98645,
        0.9896333333333334,
        0.9921,
        0.9939,
        0.9955,
        0.99675,
        0.9980666666666667,
        0.9987,
        0.9990833333333333,
        0.9995666666666667,
        0.9997166666666667,
        0.99985,
        0.9999666666666667,
        0.9999666666666667,
        1.0,
        0.9999833333333333,
        0.9999833333333333,
        1.0,
        1.0,
        1.0
    ],
    "test_loss": [
        2.2965717933654783,
        0.14295644301166757,
        0.09560711900391616,
        0.08954945723240962,
        0.07638262290424318,
        0.07465449948604509,
        0.07495483775831235,
        0.08104819565671278,
        0.07781644539207064,
        0.07605557222114875,
        0.07528967045111612,
        0.07922047812401342,
        0.07897109222739196,
        0.08209601396637303,
        0.08140017831649483,
        0.0840657635376215,
        0.08655715333231444,
        0.08746120394939239,
        0.08926458425421409,
        0.09156461845955059,
        0.09249896912861028,
        0.09225357845393048,
        0.09402206958631805,
        0.09521974078957345,
        0.09628758369562684
    ],
    "test_acc": [
        0.1282,
        0.9554,
        0.9705,
        0.9728,
        0.9782,
        0.9778,
        0.9787,
        0.9766,
        0.9783,
        0.9794,
        0.9798,
        0.9792,
        0.9804,
        0.9804,
        0.9804,
        0.9803,
        0.9807,
        0.9806,
        0.9806,
        0.9804,
        0.9811,
        0.9806,
        0.9805,
        0.9807,
        0.9808
    ]
}