{
    "train_loss": [
        2.305674257342021,
        0.34933256785090394,
        0.15170274649712567,
        0.10448262640356552,
        0.079320939625074,
        0.06219429660157281,
        0.050072792714468475,
        0.04056049407083968,
        0.032796674391589176,
        0.026487080980001503,
        0.020923481749633946,
        0.016666855693645052,
        0.013224143069140595,
        0.010411128608761333,
        0.008109625325778295,
        0.006305643116976012,
        0.004942053440009401,
        0.0037777164838810554,
        0.003098675058217056,
        0.002450929947404618,
        0.0019745175647558955,
        0.0015186077572550154,
        0.001259859964617751,
        0.0010366749280619298,
        0.0008840715674012845
    ],
    "train_acc": [
        0.10793333333333334,
        0.90485,
        0.9546166666666667,
        0.9685,
        0.9757166666666667,
        0.98075,
        0.98455,
        0.9875833333333334,
        0.9899833333333333,
        0.9921,
        0.9939166666666667,
        0.99555,
        0.99685,
        0.9975166666666667,
        0.9984166666666666,
        0.9989333333333333,
        0.9992833333333333,
        0.9995833333333334,
        0.9997333333333334,
        0.9998666666666667,
        0.9999,
        0.9999666666666667,
        1.0,
        1.0,
        1.0
    ],
    "test_loss": [
        2.3052435230255126,
        0.19077613968318327,
        0.13316484511247836,
        0.11037475460554123,
        0.10520165605806396,
        0.10175552128169438,
        0.10397890963808969,
        0.10427808566442509,
        0.10685704405603065,
        0.11168173744903943,
        0.11492945390663221,
        0.1197730824994811,
        0.12522139692901138,
        0.12892045391685475,
        0.13524144998249102,
        0.14035198330775833,
        0.1464519710817026,
        0.15244934010297212,
        0.1584905052881445,
        0.16197056714404126,
        0.1666566468643563,
        0.17196383362897597,
        0.17711350203719578,
        0.18242182393599668,
        0.18668220599534496
    ],
    "test_acc": [
        0.1066,
        0.9417,
        0.9597,
        0.9672,
        0.9699,
        0.9716,
        0.9723,
        0.9737,
        0.9729,
        0.9735,
        0.9729,
        0.974,
        0.9737,
        0.9731,
        0.9734,
        0.9732,
        0.9734,
        0.9734,
        0.9731,
        0.9733,
        0.9738,
        0.9732,
        0.9735,
        0.9736,
        0.9737
    ]
}