{
    "train_loss": [
        2.3051901514689126,
        0.3059448952324688,
        0.13221010088259355,
        0.08957005951369647,
        0.06750957933098155,
        0.05269750090379578,
        0.04152133616356926,
        0.032345418910891266,
        0.025903832006419786,
        0.02016797647470048,
        0.01579353491540969,
        0.011970967391754796,
        0.009242896567865925,
        0.00702183996188392,
        0.005252342822267055,
        0.003944682113346972,
        0.0029731800504942886,
        0.0022641652134919848,
        0.0017296733666910548,
        0.0014061291222846612,
        0.0011059907070033086,
        0.0008932735767404699,
        0.0007440232049504103,
        0.0006348159988324183,
        0.0005376229296478591
    ],
    "train_acc": [
        0.07936666666666667,
        0.9140333333333334,
        0.9611166666666666,
        0.9730666666666666,
        0.9803,
        0.9847166666666667,
        0.9873833333333333,
        0.9910666666666667,
        0.9927,
        0.9947666666666667,
        0.9962166666666666,
        0.9973833333333333,
        0.9982833333333333,
        0.9988333333333334,
        0.9992,
        0.9996166666666667,
        0.9997833333333334,
        0.9998833333333333,
        0.9999333333333333,
        0.9999166666666667,
        0.9999833333333333,
        1.0,
        1.0,
        1.0,
        1.0
    ],
    "test_loss": [
        2.3060512508392335,
        0.15851063539478927,
        0.1123619807726238,
        0.09996913784273202,
        0.0880848634549533,
        0.0851321600534182,
        0.08719926572389632,
        0.08684354336863362,
        0.08447628368962369,
        0.0859717347046827,
        0.09182841229285811,
        0.09281459534545262,
        0.09387074293154535,
        0.09955162479599887,
        0.10430016930977999,
        0.10714776283167757,
        0.10976937982971535,
        0.11368977192946704,
        0.11724561442014918,
        0.12000707197947061,
        0.12338066707006924,
        0.12736918936280978,
        0.13080264699839092,
        0.13387484326921295,
        0.13691880000754994
    ],
    "test_acc": [
        0.077,
        0.9539,
        0.9658,
        0.9704,
        0.9731,
        0.9747,
        0.9751,
        0.9752,
        0.9764,
        0.9772,
        0.9772,
        0.9783,
        0.9781,
        0.9777,
        0.9775,
        0.9777,
        0.9781,
        0.9775,
        0.9772,
        0.9772,
        0.9776,
        0.9772,
        0.9776,
        0.9776,
        0.9772
    ]
}