{
    "train_loss": [
        2.303097758293152,
        0.27265753160646805,
        0.11507095900715018,
        0.07800399717303613,
        0.05790722071976634,
        0.044764160963457346,
        0.03593931037539005,
        0.027792739479525576,
        0.021409299613186886,
        0.016884884353225788,
        0.012556630951495269,
        0.009459997376164013,
        0.007154871695179448,
        0.005430399942122752,
        0.004053936380521763,
        0.003041107715736109,
        0.0023240306560979966,
        0.001792359262689024,
        0.001361650994465191,
        0.0010978147416165441,
        0.0009138885872363937,
        0.0007662808116354528,
        0.0006516866734005373,
        0.0005672432792562552,
        0.0004893353926296913
    ],
    "train_acc": [
        0.10706666666666667,
        0.9216166666666666,
        0.9659,
        0.9770666666666666,
        0.9819333333333333,
        0.98695,
        0.9892333333333333,
        0.99225,
        0.99405,
        0.99535,
        0.9969166666666667,
        0.99815,
        0.99875,
        0.9992833333333333,
        0.99955,
        0.99975,
        0.9998333333333334,
        0.9999166666666667,
        0.9999666666666667,
        1.0,
        1.0,
        1.0,
        1.0,
        1.0,
        1.0
    ],
    "test_loss": [
        2.3041049377441407,
        0.14121821098327636,
        0.10517284884252585,
        0.08352529388501426,
        0.07937685419757036,
        0.07557919983032843,
        0.07870756530436629,
        0.08217909891909876,
        0.07968557735399176,
        0.08903499309747667,
        0.08483460574856884,
        0.08744425655262414,
        0.09110259046871529,
        0.09255457749830177,
        0.09642063441297401,
        0.09810283791672164,
        0.10248125645316702,
        0.10368363360552849,
        0.10636632540564729,
        0.10925063354750833,
        0.11080569900367522,
        0.11352946527174393,
        0.11569117534015204,
        0.117841218616809,
        0.1199046238006801
    ],
    "test_acc": [
        0.1043,
        0.9579,
        0.9671,
        0.9734,
        0.9762,
        0.9773,
        0.9785,
        0.9773,
        0.9789,
        0.9765,
        0.9777,
        0.9781,
        0.9789,
        0.9784,
        0.9781,
        0.9784,
        0.9782,
        0.979,
        0.9788,
        0.9786,
        0.9787,
        0.9789,
        0.9786,
        0.9788,
        0.9791
    ]
}