{
    "train_loss": [
        2.303097758293152,
        0.3714160622918047,
        0.19641175592935955,
        0.1479782009736596,
        0.12705289182108584,
        0.11482797260237324,
        0.10025918466315464,
        0.09530499849415767,
        0.08734679959462907,
        0.07898119894103002,
        0.07612226116115368,
        0.06826556641910059,
        0.06388400863013953,
        0.06000732242485739,
        0.05500699272004778,
        0.05251426679054108,
        0.049815601287414545,
        0.045145851556583086,
        0.04311934986615878,
        0.040585129876605945,
        0.03520088808383126,
        0.035154718151884486,
        0.031497950352667954,
        0.029591127099688804,
        0.03040756726658667
    ],
    "train_acc": [
        0.10706666666666667,
        0.89465,
        0.9424333333333333,
        0.9560666666666666,
        0.96355,
        0.9669166666666666,
        0.9711833333333333,
        0.9729166666666667,
        0.9747666666666667,
        0.9776,
        0.9777666666666667,
        0.9794666666666667,
        0.9812333333333333,
        0.9817666666666667,
        0.98375,
        0.9846,
        0.9845666666666667,
        0.9857666666666667,
        0.9866,
        0.9873833333333333,
        0.98925,
        0.9892333333333333,
        0.9901333333333333,
        0.9907333333333334,
        0.9906
    ],
    "test_loss": [
        2.3041049377441407,
        0.22320419025304727,
        0.1850358793916006,
        0.15311997317052448,
        0.1667346814343644,
        0.15362416424446873,
        0.15890933844439295,
        0.15986059057543625,
        0.14837784018904104,
        0.14465800308338658,
        0.1467215853972932,
        0.139999285182911,
        0.1434675314489075,
        0.14889429856613937,
        0.14888897257255815,
        0.15633127608014433,
        0.1551868901072791,
        0.14809475183504678,
        0.1497928455498077,
        0.15934497877623363,
        0.15505169705561556,
        0.165766605084378,
        0.1705071286556068,
        0.17964472400762382,
        0.18090661019362275
    ],
    "test_acc": [
        0.1043,
        0.9344,
        0.9473,
        0.9576,
        0.9575,
        0.9618,
        0.9627,
        0.9646,
        0.9667,
        0.967,
        0.9676,
        0.9695,
        0.9687,
        0.967,
        0.969,
        0.9692,
        0.9691,
        0.9699,
        0.97,
        0.9701,
        0.9705,
        0.9718,
        0.972,
        0.9708,
        0.9696
    ]
}