{
    "train_loss": [
        2.3091942808151247,
        0.4156692314711089,
        0.20497661325414665,
        0.16234427877941246,
        0.13539804042609807,
        0.11678845316699589,
        0.10442910417332799,
        0.09746523711072866,
        0.08902089525457535,
        0.08105111599569288,
        0.0762553177508172,
        0.06913545436248004,
        0.06340534535670508,
        0.0615657648813493,
        0.055366846043529004,
        0.051203761133689775,
        0.04815772379754841,
        0.04357618889318925,
        0.04383301521049011,
        0.03953436416422227,
        0.03662181713728777,
        0.03573571813564774,
        0.03247432225688256,
        0.02940095701129451,
        0.028479587914289874
    ],
    "train_acc": [
        0.1055,
        0.8857833333333334,
        0.9393666666666667,
        0.9532333333333334,
        0.9613833333333334,
        0.96615,
        0.9693333333333334,
        0.9724,
        0.9744,
        0.9765666666666667,
        0.97745,
        0.9797833333333333,
        0.9819333333333333,
        0.9822833333333333,
        0.9833833333333334,
        0.98465,
        0.9855666666666667,
        0.9868666666666667,
        0.9864666666666667,
        0.9872666666666666,
        0.9885,
        0.9888666666666667,
        0.9896,
        0.99085,
        0.9908666666666667
    ],
    "test_loss": [
        2.3092392925262453,
        0.23302503419984133,
        0.18224857354152482,
        0.17501878609578125,
        0.1692179088801611,
        0.1614493178246601,
        0.16857866158402468,
        0.14500063239586836,
        0.15553616261972056,
        0.1644813313301067,
        0.16384772560684904,
        0.15789240157383383,
        0.16337926166967873,
        0.16432982132580343,
        0.15548055041457365,
        0.15951293372482045,
        0.16694325138303182,
        0.17540689863619652,
        0.18201810633990384,
        0.18474501793913245,
        0.1850099083871852,
        0.1852329044207164,
        0.1820689116219848,
        0.1886165162423097,
        0.18792327575633966
    ],
    "test_acc": [
        0.1053,
        0.9295,
        0.9501,
        0.9508,
        0.9555,
        0.9589,
        0.9584,
        0.9654,
        0.9638,
        0.9623,
        0.9645,
        0.9654,
        0.9653,
        0.9677,
        0.9687,
        0.9686,
        0.9687,
        0.9672,
        0.9672,
        0.9699,
        0.9684,
        0.9686,
        0.9704,
        0.9703,
        0.9711
    ]
}