{
    "train_loss": [
        2.3047236925125123,
        0.29582657573409377,
        0.126779106529026,
        0.08524924915054193,
        0.06411191567938077,
        0.049372704152981166,
        0.03820437574869478,
        0.029531058662453143,
        0.023291634748207436,
        0.01780954268701789,
        0.014005158869593803,
        0.010326609350201882,
        0.00807853262625114,
        0.006130193350698717,
        0.0046502666850335725,
        0.003434468803676066,
        0.0026024860996667456,
        0.0019856159295301816,
        0.0015377895059393175,
        0.0011837882244913102,
        0.0009360346990945277,
        0.0007764157696027854,
        0.0006526201544287519,
        0.0005551345063587401,
        0.00047332537179757176
    ],
    "train_acc": [
        0.09708333333333333,
        0.91675,
        0.96305,
        0.9746,
        0.98035,
        0.9852,
        0.9885833333333334,
        0.9919666666666667,
        0.9933666666666666,
        0.9955833333333334,
        0.9966666666666667,
        0.9978666666666667,
        0.9983666666666666,
        0.999,
        0.9993166666666666,
        0.99965,
        0.9998,
        0.9998666666666667,
        0.9999166666666667,
        0.9999833333333333,
        1.0,
        1.0,
        1.0,
        1.0,
        1.0
    ],
    "test_loss": [
        2.304498468017578,
        0.15094550632871687,
        0.10723582322848961,
        0.08823076926711947,
        0.08313816538570681,
        0.07653113518925529,
        0.07805365853331314,
        0.08210673744691485,
        0.08021165169124106,
        0.08588070478789496,
        0.08692737909180294,
        0.09074168408790641,
        0.09123949702265027,
        0.09660181698865099,
        0.09832502442694735,
        0.10150884900284102,
        0.10603502526331267,
        0.11050552969171874,
        0.11145021825715487,
        0.11557723046545516,
        0.11759575195435175,
        0.12151612899717557,
        0.12447041732404453,
        0.12751204529142346,
        0.1299988963824414
    ],
    "test_acc": [
        0.0999,
        0.9548,
        0.9688,
        0.9729,
        0.9758,
        0.9766,
        0.9778,
        0.9769,
        0.9778,
        0.9768,
        0.9772,
        0.978,
        0.9782,
        0.9765,
        0.9777,
        0.9784,
        0.9776,
        0.9766,
        0.9778,
        0.9773,
        0.9779,
        0.9771,
        0.9772,
        0.9768,
        0.9767
    ]
}