{
    "train_loss": [
        2.304665460205078,
        0.39469888161625716,
        0.19726944477192593,
        0.15597659213524312,
        0.13238494113534494,
        0.11263795711070707,
        0.0995908133679003,
        0.09103907658971572,
        0.08163355757758352,
        0.0774566790187524,
        0.0712524524963912,
        0.06613248337484234,
        0.058156208841408596,
        0.05622562083722907,
        0.052074124448667575,
        0.047372465383123945,
        0.04295207255747919,
        0.04195920880720572,
        0.039089930640028664,
        0.037591006781588006,
        0.03401018675756553,
        0.03291663453000872,
        0.029487886509721627,
        0.027131337497923565,
        0.026048419568865045
    ],
    "train_acc": [
        0.08203333333333333,
        0.8888333333333334,
        0.9431833333333334,
        0.9539666666666666,
        0.9616333333333333,
        0.9668166666666667,
        0.9716333333333333,
        0.97375,
        0.9757833333333333,
        0.97745,
        0.9781166666666666,
        0.9804,
        0.9823166666666666,
        0.9831333333333333,
        0.9844,
        0.98595,
        0.9871166666666666,
        0.9877666666666667,
        0.9881,
        0.9889333333333333,
        0.9897666666666667,
        0.9896333333333334,
        0.9909833333333333,
        0.9913333333333333,
        0.9917166666666667
    ],
    "test_loss": [
        2.3036648399353026,
        0.21764570724233054,
        0.1780602031247865,
        0.1606716334620025,
        0.14862909864888935,
        0.14399112981393408,
        0.1495088372733363,
        0.14199838286821467,
        0.14143860421512308,
        0.12780173763172362,
        0.13819312548054322,
        0.12766389608052586,
        0.12958409253790845,
        0.13550388953432613,
        0.13793296174908612,
        0.14620672266808973,
        0.141642100073226,
        0.1390484556083979,
        0.13984404291022334,
        0.14371127513749762,
        0.14724970575557567,
        0.15621430762816482,
        0.15523676095113956,
        0.1579174765773473,
        0.1622727719307446
    ],
    "test_acc": [
        0.0829,
        0.9301,
        0.9479,
        0.9517,
        0.9574,
        0.9629,
        0.962,
        0.9635,
        0.9631,
        0.9678,
        0.9665,
        0.9679,
        0.9713,
        0.9706,
        0.9691,
        0.9701,
        0.9715,
        0.973,
        0.9713,
        0.972,
        0.9708,
        0.9706,
        0.9726,
        0.972,
        0.9721
    ]
}