{
    "train_loss": [
        2.3056429417292277,
        0.3036852615389973,
        0.12803386526660374,
        0.0881517551938227,
        0.06619641587928733,
        0.051299529724402236,
        0.04078390100529359,
        0.032406126065254406,
        0.025099150369657826,
        0.019461156485875958,
        0.0154100784416935,
        0.011452145725468897,
        0.008932078106146279,
        0.00670640992919316,
        0.005179975636020606,
        0.0038721817721257576,
        0.002984860343384304,
        0.002300215555330478,
        0.001751099695887185,
        0.001393817437865286,
        0.0011107859125500461,
        0.0009163341766829674,
        0.0007760714433614592,
        0.0006609930772698719,
        0.000564648195750788
    ],
    "train_acc": [
        0.07833333333333334,
        0.9156,
        0.9617166666666667,
        0.97345,
        0.97985,
        0.98415,
        0.98765,
        0.9905333333333334,
        0.9929666666666667,
        0.9945166666666667,
        0.99615,
        0.9974833333333334,
        0.9981833333333333,
        0.99885,
        0.9992666666666666,
        0.9994833333333333,
        0.9997,
        0.9997833333333334,
        0.9998666666666667,
        0.9999333333333333,
        0.9999666666666667,
        1.0,
        0.9999833333333333,
        1.0,
        1.0
    ],
    "test_loss": [
        2.3049506702423095,
        0.159157819015719,
        0.11788314257375895,
        0.09861810646621744,
        0.08853416767014423,
        0.08938650266225014,
        0.0891207273035434,
        0.09668672798147564,
        0.08830793392684755,
        0.09254644977223234,
        0.09696158476312434,
        0.09896227425713042,
        0.10279485274755061,
        0.10463222902303089,
        0.10751513544095219,
        0.1104010616145427,
        0.1152582719765011,
        0.1185344834746998,
        0.12061197393646292,
        0.12376584400960178,
        0.12675882611012862,
        0.12969463309921694,
        0.13284317191029785,
        0.1353451045501227,
        0.13867244597421624
    ],
    "test_acc": [
        0.0826,
        0.95,
        0.9622,
        0.9713,
        0.973,
        0.9727,
        0.9734,
        0.9733,
        0.9756,
        0.9765,
        0.9755,
        0.9762,
        0.9754,
        0.9752,
        0.976,
        0.9757,
        0.9762,
        0.9759,
        0.9765,
        0.9759,
        0.9764,
        0.9765,
        0.9762,
        0.9764,
        0.9768
    ]
}