{
    "train_loss": [
        2.2988321739832562,
        0.2740405695817123,
        0.11611347306999378,
        0.0800779336938945,
        0.05927380704445143,
        0.04579675090142894,
        0.03550393081427416,
        0.027930649549147347,
        0.02181840841389494,
        0.01667427774475048,
        0.013146693999339066,
        0.009796975551120704,
        0.007791990357297588,
        0.00601547681999776,
        0.004309682955720306,
        0.0034408886184235598,
        0.002705279033351735,
        0.0020847096871141977,
        0.0016869849401048896,
        0.0013135342967818663,
        0.0010821304801169533,
        0.0009406483191167477,
        0.000814432685450988,
        0.0007121574689878294,
        0.000629858533129979
    ],
    "train_acc": [
        0.16486666666666666,
        0.9194,
        0.9648333333333333,
        0.9760833333333333,
        0.9817666666666667,
        0.9861666666666666,
        0.989,
        0.9919166666666667,
        0.9939666666666667,
        0.9956166666666667,
        0.997,
        0.9979833333333333,
        0.9986,
        0.9990833333333333,
        0.9994666666666666,
        0.9997333333333334,
        0.9998166666666667,
        0.9999333333333333,
        0.99995,
        0.9999666666666667,
        0.9999833333333333,
        1.0,
        1.0,
        1.0,
        1.0
    ],
    "test_loss": [
        2.2975090656280517,
        0.14272817211505026,
        0.09843809635590296,
        0.08207278933348135,
        0.080948043936037,
        0.08645944089131663,
        0.07285981006594666,
        0.07603795639951132,
        0.07651209029696729,
        0.08264824551201819,
        0.0796022333207752,
        0.08303140145171642,
        0.08668210333560723,
        0.08672239546912497,
        0.08354503504740829,
        0.08489926332303986,
        0.08773272537548701,
        0.0893113693648557,
        0.09020801818872667,
        0.09284770955913238,
        0.0932723288403604,
        0.09462434471871965,
        0.09632766782173434,
        0.09849175776746842,
        0.09972424616340136
    ],
    "test_acc": [
        0.167,
        0.9558,
        0.9704,
        0.9749,
        0.9761,
        0.9746,
        0.9783,
        0.9783,
        0.9787,
        0.9783,
        0.9796,
        0.9794,
        0.9786,
        0.9788,
        0.9791,
        0.9807,
        0.9803,
        0.9808,
        0.9806,
        0.9806,
        0.9805,
        0.9805,
        0.9808,
        0.9813,
        0.9807
    ]
}