{
    "train_loss": [
        2.304665460205078,
        0.2666557763680816,
        0.11278317744348508,
        0.07679886862311201,
        0.056706825422759476,
        0.0435727096149077,
        0.0344968825188252,
        0.027013411977747454,
        0.021016257078382235,
        0.01635250276472992,
        0.012306398580349681,
        0.00907271232152131,
        0.007010595319610578,
        0.005161468430560418,
        0.0038201809758828253,
        0.002919890290245174,
        0.0023406384295926877,
        0.0018009070447985987,
        0.0014895258447137423,
        0.0011789059684298119,
        0.0009939091423878143,
        0.000845221166680066,
        0.000749273413321742,
        0.0006631715745793586,
        0.0005802145707585093
    ],
    "train_acc": [
        0.08203333333333333,
        0.9224833333333333,
        0.9655666666666667,
        0.9772166666666666,
        0.9828833333333333,
        0.9867833333333333,
        0.98965,
        0.9921,
        0.9940166666666667,
        0.9957833333333334,
        0.9969666666666667,
        0.9983166666666666,
        0.99885,
        0.9993,
        0.9996666666666667,
        0.9997666666666667,
        0.9999,
        0.99985,
        0.99995,
        0.9999833333333333,
        1.0,
        1.0,
        1.0,
        1.0,
        1.0
    ],
    "test_loss": [
        2.3036648399353026,
        0.15197049389220774,
        0.09536137642019894,
        0.07937655489353929,
        0.08455875477226218,
        0.07567927699170542,
        0.0702861139561006,
        0.07426762826937774,
        0.06831931912042455,
        0.07526370322719832,
        0.07686775177064838,
        0.0813346692672797,
        0.07852507707196855,
        0.08337112128987464,
        0.0801448804632186,
        0.08275979774188302,
        0.08551148436095751,
        0.08633337237895215,
        0.08727082181571434,
        0.08886171763808139,
        0.08986661959671984,
        0.09126798444373196,
        0.09218763734114148,
        0.09315272562659048,
        0.09469856276313578
    ],
    "test_acc": [
        0.0829,
        0.952,
        0.9708,
        0.9756,
        0.9735,
        0.9771,
        0.9782,
        0.9777,
        0.9789,
        0.9791,
        0.9774,
        0.9768,
        0.9794,
        0.9772,
        0.9794,
        0.9787,
        0.9795,
        0.9784,
        0.9797,
        0.9789,
        0.979,
        0.9793,
        0.9797,
        0.9792,
        0.9793
    ]
}