{
    "train_loss": [
        2.2988321739832562,
        0.43348483114885167,
        0.22953461098197536,
        0.1812525736799386,
        0.1547315079666325,
        0.13233063234211975,
        0.12370348070019294,
        0.11018782072876833,
        0.09799909259344373,
        0.09353405021817965,
        0.0866259848615744,
        0.07574354799085943,
        0.07066789443476276,
        0.06669200612502221,
        0.06450174045897711,
        0.058184798585379276,
        0.055014413311647435,
        0.051219306096794884,
        0.0477840682689841,
        0.04598970034451837,
        0.04410607895370333,
        0.04151511829394936,
        0.03959452554296506,
        0.03650334037742376,
        0.035726742405535694
    ],
    "train_acc": [
        0.16486666666666666,
        0.8816666666666667,
        0.93165,
        0.9497333333333333,
        0.95695,
        0.9635833333333333,
        0.9664666666666667,
        0.9687166666666667,
        0.9718,
        0.9722833333333334,
        0.9737833333333333,
        0.9775166666666667,
        0.9784166666666667,
        0.9802,
        0.9805333333333334,
        0.9827666666666667,
        0.9832833333333333,
        0.98415,
        0.9855166666666667,
        0.986,
        0.9861833333333333,
        0.98715,
        0.9876166666666667,
        0.9883166666666666,
        0.9886833333333334
    ],
    "test_loss": [
        2.2975090656280517,
        0.26069647247167305,
        0.19822065023786853,
        0.16958616700520215,
        0.1576160607935104,
        0.1550602172035302,
        0.14928602532274635,
        0.151945002737315,
        0.13834090766449517,
        0.14440454673495243,
        0.1479130242218469,
        0.14251241712208634,
        0.1396025524761145,
        0.14106299572505132,
        0.1409484320942927,
        0.1324511973428217,
        0.12938964181973647,
        0.1346855837187146,
        0.1342407406248965,
        0.13864817737784318,
        0.14724182290722615,
        0.14832653779079652,
        0.14731516838249586,
        0.151947962882968,
        0.15160221021451595
    ],
    "test_acc": [
        0.167,
        0.9187,
        0.942,
        0.9519,
        0.9578,
        0.9596,
        0.9602,
        0.9606,
        0.9638,
        0.9647,
        0.9652,
        0.9654,
        0.9677,
        0.968,
        0.9676,
        0.9698,
        0.9708,
        0.9704,
        0.9712,
        0.9705,
        0.9697,
        0.9698,
        0.9717,
        0.9718,
        0.9724
    ]
}