{
    "train_loss": [
        2.3051901514689126,
        0.2824802880123258,
        0.12043307919527094,
        0.08180023064856651,
        0.061777529621166956,
        0.04773295485719767,
        0.037329087357290944,
        0.02921577840171861,
        0.022867218280514013,
        0.017484992985706292,
        0.013462552766625958,
        0.010348953018166563,
        0.00772609862222483,
        0.00582708917465518,
        0.004403630373947404,
        0.0032365832738735834,
        0.002367596376397511,
        0.0018240463539761643,
        0.0013722827221270507,
        0.0011240365769818465,
        0.0009228822384973312,
        0.0007725726161017858,
        0.0006603647481008876,
        0.00057068609845029,
        0.0004926414168314395
    ],
    "train_acc": [
        0.07936666666666667,
        0.9185833333333333,
        0.9642,
        0.9752333333333333,
        0.9813833333333334,
        0.9857,
        0.9889833333333333,
        0.9914166666666666,
        0.99375,
        0.99545,
        0.9969666666666667,
        0.9979666666666667,
        0.9986666666666667,
        0.9992333333333333,
        0.9995,
        0.9996333333333334,
        0.9998833333333333,
        0.9999166666666667,
        0.9999833333333333,
        1.0,
        1.0,
        1.0,
        1.0,
        1.0,
        1.0
    ],
    "test_loss": [
        2.3060512508392335,
        0.1438086705606431,
        0.1046938297110144,
        0.09775229945916217,
        0.08382592080870527,
        0.0796651957453636,
        0.08030856751728134,
        0.0805349126912035,
        0.07984146187379375,
        0.08213899314902429,
        0.08226314592739964,
        0.0811148025907708,
        0.0820942561412583,
        0.0880026457917982,
        0.09018709838229541,
        0.09045489656480461,
        0.09311978103877126,
        0.09663234930925266,
        0.097742152309943,
        0.10021214046819642,
        0.10188436218308874,
        0.10417636866562238,
        0.10604420548567471,
        0.10776772980297598,
        0.10950175978022855
    ],
    "test_acc": [
        0.077,
        0.9573,
        0.9668,
        0.9706,
        0.975,
        0.9754,
        0.9762,
        0.9775,
        0.9769,
        0.9773,
        0.9782,
        0.9787,
        0.9781,
        0.9774,
        0.9782,
        0.9785,
        0.9785,
        0.9779,
        0.9785,
        0.9785,
        0.9782,
        0.9788,
        0.9787,
        0.9786,
        0.9787
    ]
}