{
    "train_loss": [
        2.3091942808151247,
        0.30425958454671004,
        0.1301035451955783,
        0.08833074107822031,
        0.06589189417879097,
        0.05101455786655036,
        0.04015568262039111,
        0.03177106122259381,
        0.02441702980915531,
        0.019396693587124657,
        0.01488105455621438,
        0.011309906592258024,
        0.008471910510894015,
        0.006477867714623972,
        0.004918265182311704,
        0.0037390632982448493,
        0.0029967373900993558,
        0.0021669974916546644,
        0.0017140752000106337,
        0.0013052162505977028,
        0.001037794413385034,
        0.0008547625150394177,
        0.0007031273397170155,
        0.0005979620565173981,
        0.0005097168696922762
    ],
    "train_acc": [
        0.1055,
        0.9137333333333333,
        0.9612333333333334,
        0.9738833333333333,
        0.9805,
        0.9846833333333334,
        0.9879666666666667,
        0.99045,
        0.9928833333333333,
        0.99435,
        0.9960833333333333,
        0.9974333333333333,
        0.9984,
        0.9989166666666667,
        0.9994,
        0.9995166666666667,
        0.9996333333333334,
        0.9998833333333333,
        0.9998666666666667,
        0.99995,
        1.0,
        1.0,
        1.0,
        1.0,
        1.0
    ],
    "test_loss": [
        2.3092392925262453,
        0.1606737159276381,
        0.11466143210795708,
        0.1019050263600424,
        0.09411382282541017,
        0.08381481821407069,
        0.08550078029755823,
        0.08944433845786444,
        0.0899044625211125,
        0.09018005933859695,
        0.09293340414646772,
        0.09515931447179853,
        0.0990508380377286,
        0.10384175160218988,
        0.10945881473937075,
        0.11046461256215559,
        0.11487256469048272,
        0.11879483234274048,
        0.12253130559210422,
        0.12551395182056546,
        0.1290988528624908,
        0.1330184832585916,
        0.13674895353601063,
        0.13949738529319153,
        0.1430706667949158
    ],
    "test_acc": [
        0.1053,
        0.9522,
        0.9645,
        0.9685,
        0.9714,
        0.9743,
        0.9759,
        0.9751,
        0.9769,
        0.9764,
        0.978,
        0.9779,
        0.9772,
        0.9773,
        0.9769,
        0.9769,
        0.9769,
        0.9767,
        0.977,
        0.9776,
        0.9772,
        0.9772,
        0.9773,
        0.9771,
        0.9771
    ]
}