{
    "train_loss": [
        2.3091942808151247,
        0.2809147135517249,
        0.11843431698161488,
        0.07891443159601186,
        0.05805315040179024,
        0.04488143996233509,
        0.03445355340778478,
        0.026592210005429905,
        0.01997371947248818,
        0.015027214874652842,
        0.011668155425503392,
        0.008533600068459388,
        0.0064975293190361605,
        0.004818992822621355,
        0.003656116231271464,
        0.0027809065163856795,
        0.0020855546180587377,
        0.0015558025652973517,
        0.0012562266609106956,
        0.001005912608738069,
        0.0008400858335749793,
        0.0007108219473484639,
        0.0006019595955111138,
        0.0005235125970324186,
        0.0004516972342229508
    ],
    "train_acc": [
        0.1055,
        0.9184833333333333,
        0.9645166666666667,
        0.9762833333333333,
        0.9824,
        0.9868166666666667,
        0.9897166666666667,
        0.9923666666666666,
        0.9945833333333334,
        0.99625,
        0.99745,
        0.9983333333333333,
        0.9991,
        0.9994333333333333,
        0.9995,
        0.9997,
        0.9998833333333333,
        0.9999666666666667,
        0.9999833333333333,
        1.0,
        1.0,
        1.0,
        1.0,
        1.0,
        1.0
    ],
    "test_loss": [
        2.3092392925262453,
        0.14654160816613584,
        0.10186344611062668,
        0.08995860316744074,
        0.08404597423762898,
        0.07869825872871443,
        0.0788502852878184,
        0.08397204295222037,
        0.08494756153479757,
        0.08480607678863435,
        0.08720011600009366,
        0.08793797045776953,
        0.09222170271426634,
        0.09554602996415101,
        0.09975482319859215,
        0.10068436313816255,
        0.1042996847606259,
        0.10675426140413677,
        0.10836586893071312,
        0.11014876366594062,
        0.11324515435633886,
        0.1163309899386117,
        0.11847366149930981,
        0.12060619270141038,
        0.12318313922403154
    ],
    "test_acc": [
        0.1053,
        0.957,
        0.9688,
        0.9713,
        0.9746,
        0.9751,
        0.9764,
        0.9765,
        0.9762,
        0.9779,
        0.9774,
        0.9776,
        0.9777,
        0.978,
        0.9779,
        0.9779,
        0.9783,
        0.9779,
        0.9784,
        0.9783,
        0.9784,
        0.9781,
        0.9778,
        0.9781,
        0.9783
    ]
}