{
    "train_loss": [
        2.305034884007772,
        0.3420430870106444,
        0.14753283345885576,
        0.10073912272213105,
        0.07661282581749838,
        0.06137491234347496,
        0.04986045842166253,
        0.040329963505518145,
        0.032429893549699315,
        0.026256586441910985,
        0.02099609419883309,
        0.016641715962907984,
        0.013423596308731354,
        0.010796618427804914,
        0.008688313618308144,
        0.007009954626465547,
        0.005707034854461579,
        0.0046235997694797654,
        0.0037161770445804745,
        0.0030093245934830768,
        0.002416901107275544,
        0.0019858532415628315,
        0.0015962442303778309,
        0.0013401355210278369,
        0.0011141168448076015
    ],
    "train_acc": [
        0.07181666666666667,
        0.9064,
        0.9575666666666667,
        0.9702333333333333,
        0.9769166666666667,
        0.98125,
        0.9850333333333333,
        0.988,
        0.99055,
        0.9921333333333333,
        0.9940666666666667,
        0.9957166666666667,
        0.9966333333333334,
        0.9978333333333333,
        0.9983666666666666,
        0.9989166666666667,
        0.9992666666666666,
        0.99935,
        0.9995666666666667,
        0.9997833333333334,
        0.9998833333333333,
        0.9998833333333333,
        0.9999666666666667,
        0.9999666666666667,
        0.9999833333333333
    ],
    "test_loss": [
        2.3044456077575686,
        0.18286211518850176,
        0.1259037330187857,
        0.10769684751757887,
        0.0999110984095314,
        0.09760298847673475,
        0.10012395636978036,
        0.10056651193414072,
        0.10338065137396583,
        0.10558305479702258,
        0.11067408209493405,
        0.11651560787247163,
        0.1198219674270822,
        0.12377654464644977,
        0.12936415417147995,
        0.1326280930088914,
        0.1383727499391257,
        0.143584162945843,
        0.14897068998215945,
        0.15451053815078947,
        0.1588692706251776,
        0.16440724042607277,
        0.16897598335385286,
        0.1738440897820181,
        0.1782247151664638
    ],
    "test_acc": [
        0.0753,
        0.9443,
        0.9619,
        0.9694,
        0.9719,
        0.9741,
        0.9721,
        0.973,
        0.9738,
        0.9736,
        0.9741,
        0.9737,
        0.9746,
        0.9753,
        0.9752,
        0.9753,
        0.9752,
        0.9755,
        0.9753,
        0.9754,
        0.9749,
        0.9748,
        0.9745,
        0.9746,
        0.975
    ]
}