{
    "train_loss": [
        2.2972562834421795,
        0.37775423019484927,
        0.19407821291439856,
        0.1541312477362963,
        0.131784393668881,
        0.11539485010569915,
        0.10517955660124134,
        0.09213652423596189,
        0.08351325602762244,
        0.07606240450639097,
        0.07290554292112181,
        0.06268325372483356,
        0.06042825615730714,
        0.056266133421112016,
        0.052510118504073215,
        0.04843869807949283,
        0.04569129233017336,
        0.0427837128795602,
        0.041595608626224204,
        0.03794957173126398,
        0.035327491284992796,
        0.03516511365249691,
        0.031403644946491595,
        0.028607678386818016,
        0.027133453170811846
    ],
    "train_acc": [
        0.1213,
        0.89415,
        0.9428,
        0.95505,
        0.9623333333333334,
        0.9666333333333333,
        0.96905,
        0.9737666666666667,
        0.9757,
        0.9775833333333334,
        0.97845,
        0.9813166666666666,
        0.98235,
        0.9829333333333333,
        0.9836166666666667,
        0.9850833333333333,
        0.9858333333333333,
        0.9870166666666667,
        0.98745,
        0.98785,
        0.98925,
        0.9894166666666667,
        0.9901666666666666,
        0.9909166666666667,
        0.9914333333333334
    ],
    "test_loss": [
        2.2965717933654783,
        0.22700818161910866,
        0.17801552532991627,
        0.17379920555335265,
        0.14627696925181663,
        0.14858957500399703,
        0.1474598530788946,
        0.14989100693582705,
        0.14767540508325183,
        0.14292773103314285,
        0.14296513321173673,
        0.15748419529692492,
        0.147770188026207,
        0.14756021865579283,
        0.15249447347999104,
        0.15254966621215782,
        0.1451078529752015,
        0.16107463008401868,
        0.15656867344533212,
        0.16291066971204388,
        0.15962384704522578,
        0.1705557242863065,
        0.17919368866657312,
        0.1828929774632433,
        0.1873323116314083
    ],
    "test_acc": [
        0.1282,
        0.9324,
        0.9514,
        0.9519,
        0.9605,
        0.9625,
        0.9641,
        0.9633,
        0.9659,
        0.9677,
        0.9689,
        0.9678,
        0.9703,
        0.9704,
        0.9695,
        0.97,
        0.9701,
        0.9674,
        0.9703,
        0.9703,
        0.971,
        0.9708,
        0.9711,
        0.9715,
        0.971
    ]
}