{
    "train_loss": [
        2.2988321739832562,
        0.3487399314682931,
        0.158394393900161,
        0.10971529512242414,
        0.08392473471352908,
        0.06609248059222979,
        0.053695016248562995,
        0.043932140393344164,
        0.03650691997390144,
        0.029736185355988844,
        0.02392096291832895,
        0.019482938655966807,
        0.015683514965779598,
        0.012636828681470334,
        0.009940590741342976,
        0.007874863072178702,
        0.0061757909199167535,
        0.0050013311129676365,
        0.004047778695722933,
        0.003229134889194092,
        0.00263328388885866,
        0.002114909296561097,
        0.0017161069562512254,
        0.0014328717916326816,
        0.0011440928791915045
    ],
    "train_acc": [
        0.16486666666666666,
        0.9050833333333334,
        0.9531333333333334,
        0.96665,
        0.9744333333333334,
        0.9803666666666667,
        0.9839,
        0.9870333333333333,
        0.9894166666666667,
        0.99145,
        0.9931666666666666,
        0.99465,
        0.9961,
        0.9970333333333333,
        0.9979833333333333,
        0.9986166666666667,
        0.9992333333333333,
        0.9994666666666666,
        0.9996166666666667,
        0.9997166666666667,
        0.9998166666666667,
        0.9999,
        0.99995,
        0.9999666666666667,
        0.9999666666666667
    ],
    "test_loss": [
        2.2975090656280517,
        0.19538761844486,
        0.1335428950924892,
        0.10803830102536595,
        0.09771039508071262,
        0.09655087033442687,
        0.09289660165973328,
        0.09561401292662376,
        0.09738588970973797,
        0.10010490518780098,
        0.1024512954433991,
        0.10886600323397956,
        0.11133614852886513,
        0.11640038894810867,
        0.120095520012311,
        0.12123951240124191,
        0.126790670002466,
        0.13293460384580413,
        0.1360240848074604,
        0.14280741453591045,
        0.147044949128115,
        0.15106575229741748,
        0.1574364210839057,
        0.16196387916776492,
        0.16533596797810424
    ],
    "test_acc": [
        0.167,
        0.9401,
        0.9581,
        0.9678,
        0.9712,
        0.9719,
        0.974,
        0.9744,
        0.9754,
        0.9751,
        0.9742,
        0.9749,
        0.9739,
        0.9753,
        0.9747,
        0.9754,
        0.9757,
        0.9757,
        0.9763,
        0.9763,
        0.9765,
        0.9761,
        0.9761,
        0.9765,
        0.9768
    ]
}