{
    "train_loss": [
        2.3051901514689126,
        0.3544064977540945,
        0.15683990426243594,
        0.10759211172753325,
        0.0822122398608306,
        0.06498804146326147,
        0.05196951155688875,
        0.04204453766745258,
        0.033599106304150944,
        0.02715067166485372,
        0.02147336469942123,
        0.016877084807807818,
        0.013500364122397909,
        0.010619890687441146,
        0.008434882097046537,
        0.006658666614704147,
        0.005316720825362681,
        0.004204075711283469,
        0.0032732277975248865,
        0.002624379478944566,
        0.002069929399674348,
        0.0016501227354232596,
        0.0013252723795406146,
        0.0011118873038887074,
        0.0009228433692985176
    ],
    "train_acc": [
        0.07936666666666667,
        0.9042166666666667,
        0.9535,
        0.9679833333333333,
        0.97515,
        0.98025,
        0.9839166666666667,
        0.9871833333333333,
        0.9898333333333333,
        0.9917666666666667,
        0.9939666666666667,
        0.9953833333333333,
        0.99685,
        0.9977833333333334,
        0.9984166666666666,
        0.9990333333333333,
        0.9992166666666666,
        0.9995333333333334,
        0.9996666666666667,
        0.9998333333333334,
        0.9998666666666667,
        0.99995,
        0.9999666666666667,
        1.0,
        1.0
    ],
    "test_loss": [
        2.3060512508392335,
        0.1871173596834764,
        0.13028228416601195,
        0.11355775342661655,
        0.1045880543219595,
        0.10296890595282311,
        0.10466874657885929,
        0.10764310864031613,
        0.10849383220221644,
        0.11054636212756341,
        0.11393622638317855,
        0.11754110027074277,
        0.1223448363828757,
        0.12770376141953307,
        0.1338367418136581,
        0.13810472750236039,
        0.14175574254812276,
        0.14843691933266662,
        0.15274024067915992,
        0.1582190660799831,
        0.16258906773579265,
        0.16700278485103118,
        0.17145622271266805,
        0.17672426196896784,
        0.18129913434154804
    ],
    "test_acc": [
        0.077,
        0.9433,
        0.961,
        0.9651,
        0.9684,
        0.9707,
        0.9713,
        0.9707,
        0.9723,
        0.9733,
        0.9739,
        0.9739,
        0.9744,
        0.9745,
        0.9736,
        0.9749,
        0.975,
        0.9746,
        0.9743,
        0.9751,
        0.9749,
        0.9753,
        0.9754,
        0.9755,
        0.9751
    ]
}