{
    "train_loss": [
        2.2972562834421795,
        0.33573834476682046,
        0.1516801259517359,
        0.10765157225807197,
        0.08354744626279766,
        0.06700756122980771,
        0.05471387011682479,
        0.044501277153856066,
        0.03757216849855625,
        0.03037976158574911,
        0.024998592433211463,
        0.02000798881747743,
        0.016023853323225715,
        0.013073759409979749,
        0.01064221062765325,
        0.008538680307901086,
        0.006901989950487595,
        0.0056100539695115165,
        0.004642337936592497,
        0.003864176862577831,
        0.003066666260099597,
        0.0024642422554391643,
        0.0020197975439379366,
        0.0016310090777989683,
        0.0013608713895377198
    ],
    "train_acc": [
        0.1213,
        0.90825,
        0.9557833333333333,
        0.9684166666666667,
        0.97535,
        0.9802,
        0.98375,
        0.9869666666666667,
        0.9887,
        0.9913166666666666,
        0.9925666666666667,
        0.9944,
        0.9958166666666667,
        0.9969,
        0.9977333333333334,
        0.9985166666666667,
        0.9989833333333333,
        0.9993666666666666,
        0.99955,
        0.9996,
        0.9997166666666667,
        0.9998,
        0.9999,
        0.99995,
        0.99995
    ],
    "test_loss": [
        2.2965717933654783,
        0.18915792146604507,
        0.12843333038897253,
        0.11209950574423419,
        0.10394735219733266,
        0.09674482642325165,
        0.0979703012957485,
        0.10318511896005912,
        0.10147220002065678,
        0.10687078489937135,
        0.10829226169616943,
        0.1115247483274846,
        0.1161247711072617,
        0.12202607137020545,
        0.12374379509763532,
        0.12941008278610613,
        0.13309115768415442,
        0.13843443664409846,
        0.14200900153790957,
        0.14828954528303276,
        0.1540301594426289,
        0.15963454290612678,
        0.1635734205890065,
        0.16792352220601572,
        0.1730135805332991
    ],
    "test_acc": [
        0.1282,
        0.9403,
        0.9618,
        0.9688,
        0.9711,
        0.9733,
        0.9736,
        0.9729,
        0.9745,
        0.9735,
        0.9745,
        0.9758,
        0.9742,
        0.9745,
        0.9749,
        0.9745,
        0.9741,
        0.9738,
        0.9751,
        0.9751,
        0.9748,
        0.9756,
        0.9756,
        0.9755,
        0.9752
    ]
}