{
    "train_loss": [
        2.305674257342021,
        0.28107943841709443,
        0.11572991770414325,
        0.07743037589860614,
        0.05725586356275016,
        0.04477995871286839,
        0.034479836321449936,
        0.026902260660721367,
        0.02056750920922059,
        0.015617963428254977,
        0.012117954589711766,
        0.008676103698118004,
        0.006706750162049427,
        0.004782371739344565,
        0.003563372240375918,
        0.002696646051323294,
        0.00212419882578176,
        0.0016357928796266285,
        0.0012728428168540828,
        0.0010134922540484862,
        0.000860237519180685,
        0.0007226707249164354,
        0.0006124736076739412,
        0.0005331941567478978,
        0.00045118129905441306
    ],
    "train_acc": [
        0.10793333333333334,
        0.9186666666666666,
        0.9661666666666666,
        0.9766666666666667,
        0.9828,
        0.9864,
        0.9893666666666666,
        0.9919666666666667,
        0.9942833333333333,
        0.9960833333333333,
        0.99705,
        0.9983833333333333,
        0.9988333333333334,
        0.9994666666666666,
        0.99965,
        0.9997333333333334,
        0.9998333333333334,
        0.9999166666666667,
        0.9999833333333333,
        0.9999833333333333,
        0.9999833333333333,
        0.9999833333333333,
        0.9999833333333333,
        0.9999833333333333,
        1.0
    ],
    "test_loss": [
        2.3052435230255126,
        0.15084033099655061,
        0.11036712650989648,
        0.09053579657007359,
        0.09224361048928113,
        0.08430197882823667,
        0.08212882697605674,
        0.08552298794104063,
        0.08425325149880637,
        0.08909682682982102,
        0.09186530692143728,
        0.09295814995906723,
        0.09536702909431444,
        0.09819086328848295,
        0.10396011157661364,
        0.1051463691900362,
        0.10836353805699743,
        0.11049905250341614,
        0.1133746083669459,
        0.11552942748246087,
        0.11783867597585097,
        0.12157897420851974,
        0.1235379701510516,
        0.12583502012462297,
        0.12815814614838358
    ],
    "test_acc": [
        0.1066,
        0.9549,
        0.9636,
        0.9724,
        0.9734,
        0.9762,
        0.9761,
        0.977,
        0.9776,
        0.9777,
        0.9773,
        0.9783,
        0.9779,
        0.978,
        0.9778,
        0.9785,
        0.9781,
        0.9784,
        0.9783,
        0.9783,
        0.9781,
        0.9779,
        0.978,
        0.9779,
        0.9779
    ]
}