{
    "train_loss": [
        2.303097758293152,
        0.3362339918565005,
        0.15011990106543527,
        0.10276843316756809,
        0.07893198075771216,
        0.06356155294719307,
        0.05211170252874023,
        0.04252096771516438,
        0.03450107180503777,
        0.028430128727019718,
        0.02275278431390531,
        0.018435329361189693,
        0.014846348496799411,
        0.012000368326484672,
        0.009537576256628493,
        0.0076468525488629846,
        0.0060673993563672805,
        0.0048934247555566645,
        0.00393153283467579,
        0.0032123104157867626,
        0.002632365410790333,
        0.0021449266920092486,
        0.0018123955830996975,
        0.001502863355789675,
        0.0012461870997435337
    ],
    "train_acc": [
        0.10706666666666667,
        0.9081666666666667,
        0.9559666666666666,
        0.9689666666666666,
        0.9763,
        0.9809,
        0.9845333333333334,
        0.9873,
        0.98985,
        0.9917166666666667,
        0.9939333333333333,
        0.9955333333333334,
        0.9963166666666666,
        0.9975666666666667,
        0.9982,
        0.9987833333333334,
        0.9991,
        0.9994166666666666,
        0.9997,
        0.9998,
        0.9998666666666667,
        0.9999166666666667,
        0.9999333333333333,
        0.9999666666666667,
        0.9999833333333333
    ],
    "test_loss": [
        2.3041049377441407,
        0.1808267183870077,
        0.13336075379634277,
        0.11026716138856718,
        0.10158132762230525,
        0.09839251741280168,
        0.097910386890472,
        0.09953021081789303,
        0.10260447943181852,
        0.10388993670723685,
        0.10482049301412508,
        0.10708833966252891,
        0.1102501537035764,
        0.11420984774643343,
        0.11815642421646037,
        0.1219071451723954,
        0.12500736231353876,
        0.13208892479546958,
        0.13591958734871332,
        0.1405687147256627,
        0.14503723844574382,
        0.14980575656445225,
        0.1549452044962848,
        0.1595130210282979,
        0.16425233368930722
    ],
    "test_acc": [
        0.1043,
        0.9461,
        0.9584,
        0.9671,
        0.9693,
        0.9727,
        0.9727,
        0.9734,
        0.9736,
        0.9733,
        0.9742,
        0.9748,
        0.9743,
        0.975,
        0.974,
        0.9743,
        0.9741,
        0.9736,
        0.9742,
        0.9742,
        0.9738,
        0.9739,
        0.9739,
        0.9741,
        0.9741
    ]
}