{
    "train_loss": [
        2.2988321739832562,
        0.30412991552837193,
        0.1326755822203122,
        0.090245748220291,
        0.06705156223893476,
        0.05167081299125663,
        0.04062794940716121,
        0.0317873795234831,
        0.024990127504461754,
        0.019138241375799454,
        0.014586231377368373,
        0.0111085209902151,
        0.008683316419457151,
        0.006671148466792044,
        0.005050928712874118,
        0.003983703529093718,
        0.0031896330781495843,
        0.002437598932360807,
        0.0018990009582857165,
        0.001405677524354902,
        0.001116903365655655,
        0.0008994360649563111,
        0.0007549571838270893,
        0.0006315026499792249,
        0.0005385342283009798
    ],
    "train_acc": [
        0.16486666666666666,
        0.9145333333333333,
        0.9605666666666667,
        0.9732,
        0.9798333333333333,
        0.9842833333333333,
        0.9874666666666667,
        0.9907166666666667,
        0.99275,
        0.9945333333333334,
        0.9967166666666667,
        0.9977666666666667,
        0.9985333333333334,
        0.9989833333333333,
        0.9994333333333333,
        0.9995833333333334,
        0.9997166666666667,
        0.9998166666666667,
        0.99985,
        0.9999333333333333,
        0.9999666666666667,
        1.0,
        1.0,
        1.0,
        1.0
    ],
    "test_loss": [
        2.2975090656280517,
        0.16285242205616088,
        0.11154059815523215,
        0.09326001321641961,
        0.08849716618524399,
        0.09249212331549206,
        0.08554591179215786,
        0.0879361662116411,
        0.09068399833974472,
        0.09483815412224976,
        0.09648303408320062,
        0.10115330579979702,
        0.10534908787824063,
        0.10816697938558832,
        0.11070820030889067,
        0.11434445092323099,
        0.11946281354331435,
        0.12223509278183922,
        0.12592541721932118,
        0.13017905317583134,
        0.13220619221933297,
        0.13524327826584576,
        0.13820431796511265,
        0.14125414307185147,
        0.1446280853857842
    ],
    "test_acc": [
        0.167,
        0.9499,
        0.9656,
        0.97,
        0.9718,
        0.9723,
        0.9757,
        0.9762,
        0.9769,
        0.9763,
        0.9763,
        0.9765,
        0.9761,
        0.9769,
        0.9765,
        0.9773,
        0.9765,
        0.9768,
        0.9766,
        0.9771,
        0.9772,
        0.977,
        0.977,
        0.9769,
        0.9769
    ]
}