{
    "train_loss": [
        2.305034884007772,
        0.27205714113290114,
        0.11533026592700432,
        0.07792152095576749,
        0.05828292533761123,
        0.04417549254745633,
        0.03535196573111753,
        0.02775928085181901,
        0.021202770033725633,
        0.016814578928750417,
        0.012461262271753003,
        0.009658578500185044,
        0.007405010121261876,
        0.005481691274879843,
        0.004335523310247057,
        0.0031640744262260946,
        0.0023609691447652684,
        0.0019486041368798322,
        0.001528446829443475,
        0.0012547078881989591,
        0.0010718448125151487,
        0.0009212203612616813,
        0.000803511192736858,
        0.0007019313225197522,
        0.0006196787470753382
    ],
    "train_acc": [
        0.07181666666666667,
        0.9207666666666666,
        0.9663166666666667,
        0.9765833333333334,
        0.9821833333333333,
        0.9864333333333334,
        0.98915,
        0.9918833333333333,
        0.9941333333333333,
        0.9958166666666667,
        0.9969833333333333,
        0.9980166666666667,
        0.9987333333333334,
        0.9992,
        0.9994333333333333,
        0.9997333333333334,
        0.9999166666666667,
        0.9999,
        0.99995,
        1.0,
        0.9999833333333333,
        0.9999833333333333,
        1.0,
        1.0,
        1.0
    ],
    "test_loss": [
        2.3044456077575686,
        0.13637054822500796,
        0.09761122250834015,
        0.08730647641390678,
        0.07511313966716698,
        0.07332077422086732,
        0.07055523307769326,
        0.07055181154499442,
        0.07044783237939337,
        0.07222190143422959,
        0.0714916463889087,
        0.07407468119681689,
        0.07526009822112165,
        0.07356064237865197,
        0.07518947160864574,
        0.07466838271596561,
        0.07719739917304098,
        0.079460036870725,
        0.07943155297245359,
        0.08125507261240934,
        0.08244955356734501,
        0.08482279979680361,
        0.08494201274646136,
        0.08653771277865792,
        0.08698952876888727
    ],
    "test_acc": [
        0.0753,
        0.9581,
        0.9709,
        0.9729,
        0.976,
        0.9769,
        0.9771,
        0.9791,
        0.978,
        0.9791,
        0.9802,
        0.9805,
        0.981,
        0.9803,
        0.981,
        0.981,
        0.9812,
        0.9812,
        0.9811,
        0.9812,
        0.9809,
        0.9814,
        0.981,
        0.9813,
        0.9811
    ]
}