{
    "train_loss": [
        2.305034884007772,
        0.280448354231442,
        0.11703232941796693,
        0.07838428600914,
        0.05776636206529414,
        0.044388644166283,
        0.03504165519890182,
        0.027358416298835557,
        0.02059540914811514,
        0.0160375151423222,
        0.011902155766762554,
        0.009148064644825657,
        0.007124808416690546,
        0.0054087540919838,
        0.004100025095449689,
        0.0032296629175020616,
        0.002474859616924751,
        0.001918073416659096,
        0.001484229759147083,
        0.001139961364471862,
        0.0009462150134599218,
        0.0007851094707574607,
        0.0006651088206609627,
        0.0005689010354707356,
        0.0004881321949044267
    ],
    "train_acc": [
        0.07181666666666667,
        0.9192333333333333,
        0.9664166666666667,
        0.9762,
        0.9823666666666667,
        0.9868166666666667,
        0.9899333333333333,
        0.9922166666666666,
        0.9946666666666667,
        0.9961,
        0.9975333333333334,
        0.9982333333333333,
        0.99875,
        0.9993,
        0.9994333333333333,
        0.9996166666666667,
        0.9997666666666667,
        0.9998666666666667,
        0.9999,
        0.9999833333333333,
        0.9999833333333333,
        0.9999833333333333,
        1.0,
        1.0,
        1.0
    ],
    "test_loss": [
        2.3044456077575686,
        0.14230095698926598,
        0.10379488925444894,
        0.0902185270183836,
        0.08237689243548084,
        0.07746732279949647,
        0.07987724951131095,
        0.07838602254296566,
        0.07822247425003442,
        0.0804179442502711,
        0.08208795503888122,
        0.08299781071432644,
        0.08604255443583525,
        0.08604901822032526,
        0.08800825830515227,
        0.09104166034520673,
        0.09314641464209462,
        0.09489499069372379,
        0.09610203575050605,
        0.098656417717828,
        0.10103194693133295,
        0.10253287247551461,
        0.10413740689343193,
        0.10621081666364385,
        0.10749429290623833
    ],
    "test_acc": [
        0.0753,
        0.9566,
        0.9696,
        0.9723,
        0.9743,
        0.9758,
        0.977,
        0.9765,
        0.978,
        0.9781,
        0.9782,
        0.9789,
        0.9787,
        0.9793,
        0.9792,
        0.9793,
        0.9798,
        0.9801,
        0.98,
        0.9792,
        0.9795,
        0.9795,
        0.9793,
        0.9796,
        0.9795
    ]
}