{
    "train_loss": [
        2.2972562834421795,
        0.2943399390053004,
        0.1259227902074034,
        0.08584500099631648,
        0.06429697987568797,
        0.050108061091113876,
        0.03957976102440783,
        0.030793632340173644,
        0.024250904157450712,
        0.018731838258646015,
        0.014217538453740797,
        0.01067031068355348,
        0.008156888119634501,
        0.006178010571407776,
        0.0047180319479598115,
        0.003616228022874613,
        0.00283551577879327,
        0.002129866833249906,
        0.0016795642462907622,
        0.0013079614414833575,
        0.0010697683548973225,
        0.0008949702862046735,
        0.0007574673186176459,
        0.0006450594877631801,
        0.0005577103555210741
    ],
    "train_acc": [
        0.1213,
        0.9165,
        0.9630833333333333,
        0.9748333333333333,
        0.9812666666666666,
        0.9851833333333333,
        0.9882166666666666,
        0.9912666666666666,
        0.9929333333333333,
        0.9950166666666667,
        0.99645,
        0.9978333333333333,
        0.9986666666666667,
        0.9991166666666667,
        0.9994833333333333,
        0.99965,
        0.9997166666666667,
        0.9999166666666667,
        0.9999166666666667,
        0.9999666666666667,
        0.9999833333333333,
        0.9999833333333333,
        0.9999833333333333,
        0.9999833333333333,
        0.9999833333333333
    ],
    "test_loss": [
        2.2965717933654783,
        0.16268211500737817,
        0.10601070663833526,
        0.09471396034604986,
        0.08779567791920853,
        0.08577283837319265,
        0.08636197008269664,
        0.08882606944860999,
        0.08781057199507358,
        0.08799847032862099,
        0.09538537406980363,
        0.09678029974649549,
        0.0982665898718466,
        0.1043701121601005,
        0.10670603888506285,
        0.11073709664874955,
        0.11379488101907587,
        0.11868754388112436,
        0.12113061825327402,
        0.12595093667548152,
        0.1306941882090824,
        0.13304163436731473,
        0.13640120243275425,
        0.1394325775507305,
        0.1428848152672362
    ],
    "test_acc": [
        0.1282,
        0.9505,
        0.968,
        0.9717,
        0.974,
        0.976,
        0.9756,
        0.9759,
        0.9778,
        0.9777,
        0.9771,
        0.9776,
        0.9787,
        0.9766,
        0.9778,
        0.9775,
        0.9778,
        0.9773,
        0.9773,
        0.978,
        0.9776,
        0.9774,
        0.9777,
        0.977,
        0.9773
    ]
}