{
    "train_loss": [
        2.3051901514689126,
        0.4311346581791838,
        0.2290995644525004,
        0.18285444732156272,
        0.14784915962029677,
        0.1315801054784349,
        0.11881617488977499,
        0.10607996653082567,
        0.09507578421805545,
        0.08968683273961245,
        0.08212204108305887,
        0.0752703070619477,
        0.07180566312105914,
        0.06644988146631393,
        0.06081838540420014,
        0.05902146615131014,
        0.054865325656771435,
        0.04962133062801334,
        0.04790412497746297,
        0.04608118493169649,
        0.04196547571303572,
        0.04046420669046824,
        0.039491801033106996,
        0.037931647095242216,
        0.0348852104014186
    ],
    "train_acc": [
        0.07936666666666667,
        0.8805333333333333,
        0.9322333333333334,
        0.9494333333333334,
        0.9584666666666667,
        0.9619,
        0.9643833333333334,
        0.9694333333333334,
        0.9727833333333333,
        0.9737166666666667,
        0.97635,
        0.9777166666666667,
        0.97855,
        0.9798666666666667,
        0.9821,
        0.9824666666666667,
        0.9834333333333334,
        0.9849333333333333,
        0.9852166666666666,
        0.9856333333333334,
        0.9872166666666666,
        0.98765,
        0.9876333333333334,
        0.9881166666666666,
        0.9886
    ],
    "test_loss": [
        2.3060512508392335,
        0.2683082100405358,
        0.2046844030093169,
        0.173324516885716,
        0.15682957037362502,
        0.15518587302015222,
        0.15016077272314288,
        0.15591062886943255,
        0.15278195102598582,
        0.1611379816637618,
        0.1565426760290651,
        0.15100761144237332,
        0.1537493770551393,
        0.15989474035561413,
        0.16302475630437305,
        0.16076004472430921,
        0.15854337978439142,
        0.15519101447703962,
        0.1608306595033205,
        0.1647911324675419,
        0.1651607704692317,
        0.16720854639085683,
        0.1732996489122811,
        0.168094079306776,
        0.17151562722763558
    ],
    "test_acc": [
        0.077,
        0.923,
        0.9384,
        0.9518,
        0.9559,
        0.9577,
        0.961,
        0.9625,
        0.9648,
        0.9625,
        0.9662,
        0.9673,
        0.9674,
        0.9673,
        0.9671,
        0.9672,
        0.9679,
        0.9695,
        0.9685,
        0.9681,
        0.9683,
        0.9701,
        0.9698,
        0.9729,
        0.9725
    ]
}