{
    "train_loss": [
        2.3091942808151247,
        0.2739251906478157,
        0.11690562057858334,
        0.0791980135697561,
        0.05901226541256959,
        0.045362254944226396,
        0.03601190553071695,
        0.027823823209965,
        0.02123952669326051,
        0.016502070420513337,
        0.013045117194049454,
        0.008822979058741718,
        0.006752853536468683,
        0.005106627782457902,
        0.0037752575570156295,
        0.0028344317234539024,
        0.0022967006457000954,
        0.001700706299551996,
        0.0014219233596483927,
        0.0011559790896962965,
        0.0010112841032411354,
        0.0008556312194113109,
        0.0007494928356310926,
        0.0006657343281222498,
        0.0005849195838846104
    ],
    "train_acc": [
        0.1055,
        0.92025,
        0.9646833333333333,
        0.9756333333333334,
        0.9824166666666667,
        0.9864833333333334,
        0.9888666666666667,
        0.99185,
        0.9940666666666667,
        0.9955666666666667,
        0.9968666666666667,
        0.9983333333333333,
        0.9989166666666667,
        0.9993333333333333,
        0.9995333333333334,
        0.9996833333333334,
        0.9998333333333334,
        0.9999333333333333,
        0.99995,
        0.9999833333333333,
        0.9999833333333333,
        1.0,
        1.0,
        1.0,
        1.0
    ],
    "test_loss": [
        2.3092392925262453,
        0.1405246590883471,
        0.09815364717168268,
        0.08809278706685873,
        0.08402355447659501,
        0.0750634038175689,
        0.0740833308444955,
        0.07327394187714671,
        0.0774252816232538,
        0.07869552788517649,
        0.07927532799074906,
        0.0763248345960399,
        0.0806643451719784,
        0.08466594635281678,
        0.08628229810275502,
        0.0868162430005867,
        0.08682670520189474,
        0.09003948230277328,
        0.0906127510767584,
        0.09005910746548881,
        0.09397786299492104,
        0.0957849703212498,
        0.09702570430013349,
        0.09777161958956951,
        0.09978899080091587
    ],
    "test_acc": [
        0.1053,
        0.9573,
        0.9699,
        0.973,
        0.9755,
        0.9774,
        0.9778,
        0.9794,
        0.9775,
        0.9794,
        0.9782,
        0.9796,
        0.9784,
        0.9786,
        0.9782,
        0.9794,
        0.9788,
        0.9793,
        0.9791,
        0.9791,
        0.9788,
        0.9789,
        0.9794,
        0.9791,
        0.9793
    ]
}