{
    "train_loss": [
        2.3047236925125123,
        0.33437966822714854,
        0.14841545439129694,
        0.10172491425259504,
        0.0779921684938483,
        0.062020990907629796,
        0.050052923959904974,
        0.040730840500014895,
        0.032984724336006,
        0.026494726272059416,
        0.02125755328999121,
        0.016728263251887497,
        0.013146786094194117,
        0.010369514045901217,
        0.008149279311313304,
        0.00643753680016347,
        0.005199863960295282,
        0.00404362491688243,
        0.0032922083198558974,
        0.0026827935348386384,
        0.002141560214021029,
        0.0017744515109829166,
        0.0014482181330744905,
        0.0011894077450999153,
        0.0009618176468494073
    ],
    "train_acc": [
        0.09708333333333333,
        0.9086333333333333,
        0.9556166666666667,
        0.9698,
        0.9769666666666666,
        0.9815833333333334,
        0.9852666666666666,
        0.9879166666666667,
        0.9903833333333333,
        0.99215,
        0.99375,
        0.9954833333333334,
        0.99675,
        0.9977666666666667,
        0.9985166666666667,
        0.9989333333333333,
        0.9993666666666666,
        0.9996,
        0.9998,
        0.9998666666666667,
        0.9999166666666667,
        0.99995,
        0.99995,
        0.9999666666666667,
        0.9999833333333333
    ],
    "test_loss": [
        2.304498468017578,
        0.1785585061987862,
        0.12461130154808052,
        0.09911142196005676,
        0.09586856828600866,
        0.09093171776816888,
        0.08925597466095204,
        0.0937546875158121,
        0.09459091254840314,
        0.09872733924649715,
        0.09992340907584275,
        0.10444658547369062,
        0.10377652354465054,
        0.10997557364660608,
        0.11462118379659898,
        0.1187247873333187,
        0.12378291034710615,
        0.1298910775852488,
        0.13439530620570042,
        0.14041080752022603,
        0.14431667002796383,
        0.15005205817122155,
        0.15585519057403252,
        0.16090955351342873,
        0.1656052103092876
    ],
    "test_acc": [
        0.0999,
        0.9464,
        0.9628,
        0.9698,
        0.9714,
        0.9728,
        0.974,
        0.9742,
        0.9751,
        0.9749,
        0.9765,
        0.9758,
        0.9773,
        0.9764,
        0.977,
        0.9767,
        0.9762,
        0.9764,
        0.9762,
        0.9753,
        0.9754,
        0.9748,
        0.9747,
        0.9749,
        0.9753
    ]
}