{
    "train_loss": [
        2.305034884007772,
        0.29865616007447243,
        0.12576930539241682,
        0.08500314861847243,
        0.06290945158305113,
        0.04865787105108029,
        0.038531076517712794,
        0.029603686318266893,
        0.022858764987821512,
        0.01796181552432275,
        0.013685415603200666,
        0.010632656753900406,
        0.00835382034607196,
        0.006549138332989907,
        0.005130332872084034,
        0.0039496632441484185,
        0.003063743860602795,
        0.0023794857823746496,
        0.001816900720090984,
        0.0014581977981147096,
        0.0011811733511678203,
        0.0009550377647113123,
        0.0007654789493792414,
        0.0006434928667480848,
        0.0005503319688211324
    ],
    "train_acc": [
        0.07181666666666667,
        0.9158,
        0.9639833333333333,
        0.97415,
        0.9810666666666666,
        0.9849166666666667,
        0.9884666666666667,
        0.99155,
        0.9938666666666667,
        0.9956166666666667,
        0.9971166666666667,
        0.9980166666666667,
        0.99845,
        0.9989666666666667,
        0.9993333333333333,
        0.9996166666666667,
        0.9997166666666667,
        0.9997666666666667,
        0.99995,
        0.9999666666666667,
        0.99995,
        0.9999666666666667,
        0.9999833333333333,
        1.0,
        1.0
    ],
    "test_loss": [
        2.3044456077575686,
        0.15483067478053272,
        0.11284089291018899,
        0.09879529249096522,
        0.08907697593180929,
        0.08469364704556065,
        0.08548102195476458,
        0.08700466766699028,
        0.08722702381506314,
        0.0925136435320489,
        0.09422351662018837,
        0.09509603688908992,
        0.1007322095311934,
        0.10104314374600849,
        0.10537644624252075,
        0.10914288351947976,
        0.11428236168761333,
        0.11749358523214307,
        0.12140908682537592,
        0.12488451183991167,
        0.12831178692046225,
        0.13160449845989858,
        0.1345258261335424,
        0.13816179456653147,
        0.14131255291258432
    ],
    "test_acc": [
        0.0753,
        0.9534,
        0.9669,
        0.971,
        0.9738,
        0.9756,
        0.9763,
        0.9768,
        0.9755,
        0.9761,
        0.9764,
        0.977,
        0.9775,
        0.978,
        0.9785,
        0.9793,
        0.9783,
        0.9782,
        0.9782,
        0.9783,
        0.9787,
        0.9783,
        0.9786,
        0.9784,
        0.9784
    ]
}