{
    "train_loss": [
        2.3047236925125123,
        0.27754681430651496,
        0.11690254973505314,
        0.07906900777576181,
        0.05930934875519015,
        0.04576032990051705,
        0.035575733100203795,
        0.027315791926291907,
        0.020981276148331864,
        0.015454924523589823,
        0.01209693845823881,
        0.008571982707355498,
        0.006876783408522503,
        0.004850835696381803,
        0.003698898865400656,
        0.0028441824808892306,
        0.0021862751776149185,
        0.0016718679184094204,
        0.001361342584737408,
        0.0010511436394889532,
        0.0008582095066689135,
        0.0007216114053477486,
        0.0006222476447632304,
        0.0005366583663779644,
        0.000464467446882342
    ],
    "train_acc": [
        0.09708333333333333,
        0.92035,
        0.96565,
        0.9762833333333333,
        0.9825333333333334,
        0.9861666666666666,
        0.9895,
        0.99215,
        0.9939833333333333,
        0.9961166666666667,
        0.9971333333333333,
        0.9981166666666667,
        0.9987666666666667,
        0.99935,
        0.9996666666666667,
        0.9998,
        0.9999166666666667,
        0.9999166666666667,
        0.99995,
        0.9999833333333333,
        1.0,
        1.0,
        1.0,
        1.0,
        1.0
    ],
    "test_loss": [
        2.304498468017578,
        0.13860755691193044,
        0.10358924768310972,
        0.08609796343352645,
        0.07985432714567287,
        0.07276407979367941,
        0.07368984743034235,
        0.08228285724543238,
        0.07752583277343637,
        0.08523413401536035,
        0.08221021521633456,
        0.08832421602367649,
        0.08774349065515348,
        0.09195746265140613,
        0.09415215700638864,
        0.09598646730875383,
        0.09928744867606105,
        0.10257064541561453,
        0.10394480917949327,
        0.10707320693441895,
        0.1093347449157829,
        0.11197260038645654,
        0.1142008342676712,
        0.1162628933082005,
        0.11866550232823761
    ],
    "test_acc": [
        0.0999,
        0.9566,
        0.9682,
        0.9732,
        0.9762,
        0.9779,
        0.9784,
        0.9764,
        0.9778,
        0.977,
        0.9776,
        0.9777,
        0.9781,
        0.9782,
        0.9787,
        0.9784,
        0.978,
        0.9778,
        0.9783,
        0.978,
        0.9782,
        0.9782,
        0.9782,
        0.9784,
        0.9783
    ]
}