{
    "train_loss": [
        2.3056429417292277,
        0.3530036447367631,
        0.15131781006731715,
        0.10551009757779539,
        0.0806401362387153,
        0.06491882464259882,
        0.05299601542120217,
        0.043373835449451385,
        0.03557456848649187,
        0.02909833859568692,
        0.024040345801724226,
        0.0198081494138915,
        0.016024776641863643,
        0.012895999727785655,
        0.010328149076679028,
        0.008125874921791848,
        0.006586485071672681,
        0.005209754998622348,
        0.0042270525076494835,
        0.0033116900359762263,
        0.002715975321269886,
        0.00220421472808026,
        0.0017865142739937917,
        0.001468051440614108,
        0.0012442380583081185
    ],
    "train_acc": [
        0.07833333333333334,
        0.9067833333333334,
        0.9558,
        0.9685,
        0.9760666666666666,
        0.98005,
        0.98395,
        0.98705,
        0.9888833333333333,
        0.99155,
        0.9935166666666667,
        0.9944833333333334,
        0.9957,
        0.9969333333333333,
        0.9979166666666667,
        0.9984333333333333,
        0.9989333333333333,
        0.9991333333333333,
        0.9994666666666666,
        0.9997166666666667,
        0.9997833333333334,
        0.9998333333333334,
        0.9998666666666667,
        0.99995,
        0.9999666666666667
    ],
    "test_loss": [
        2.3049506702423095,
        0.1868500259087421,
        0.1347509548760485,
        0.10961494780584471,
        0.09899545191325887,
        0.10113581664927479,
        0.0975288933434058,
        0.10235933557689623,
        0.10057458829832594,
        0.10573256257076134,
        0.10865325062506072,
        0.11316516607959848,
        0.11593188951649677,
        0.12136134999969582,
        0.12642445798915075,
        0.13103135731092458,
        0.1363168825511201,
        0.1418170517106925,
        0.14772578686108767,
        0.15261729005559851,
        0.15765601793741255,
        0.16145566575311074,
        0.16638543440879694,
        0.17172194927332649,
        0.17642046451400084
    ],
    "test_acc": [
        0.0826,
        0.9414,
        0.958,
        0.9672,
        0.9699,
        0.9713,
        0.9719,
        0.9722,
        0.974,
        0.9748,
        0.9744,
        0.9735,
        0.9745,
        0.9742,
        0.9738,
        0.9745,
        0.9746,
        0.9746,
        0.9741,
        0.9742,
        0.9739,
        0.9741,
        0.9738,
        0.9738,
        0.9742
    ]
}