{
    "train_loss": [
        2.2972562834421795,
        0.27511178780104967,
        0.11607507269340567,
        0.0774606738555245,
        0.05767562993968992,
        0.04496780567956351,
        0.035475046957161006,
        0.026746870367810576,
        0.020833949537210114,
        0.016540121109745634,
        0.012465684398036168,
        0.009317033819831082,
        0.007071823229793063,
        0.005353452614000631,
        0.003947450988977706,
        0.0030020291076669385,
        0.0022748621561981056,
        0.0017254909799561847,
        0.0014005428680848543,
        0.00111009654305832,
        0.0009365937471409327,
        0.0008042638975290022,
        0.000689750159806072,
        0.0005972477121213351,
        0.0005211562956709024
    ],
    "train_acc": [
        0.1213,
        0.921,
        0.9654166666666667,
        0.9768166666666667,
        0.98325,
        0.9859666666666667,
        0.9888666666666667,
        0.9921833333333333,
        0.9938333333333333,
        0.9954666666666667,
        0.99715,
        0.9980833333333333,
        0.9988166666666667,
        0.9990833333333333,
        0.9995833333333334,
        0.99975,
        0.9998333333333334,
        0.99995,
        0.99995,
        0.9999666666666667,
        0.9999833333333333,
        0.9999833333333333,
        1.0,
        0.9999833333333333,
        0.9999833333333333
    ],
    "test_loss": [
        2.2965717933654783,
        0.1542927012375556,
        0.0997175575078465,
        0.08943874937496148,
        0.07822261825605237,
        0.07969957357997483,
        0.07870233649196744,
        0.08439399473213853,
        0.0802319512044649,
        0.0796193322513489,
        0.08073548753954737,
        0.08570055918521163,
        0.08686483602232438,
        0.08988901035816999,
        0.09316500640076142,
        0.0944339915740854,
        0.09547758719321654,
        0.0982596388481454,
        0.10056605918622741,
        0.10360020900656862,
        0.107162736025654,
        0.10702031791144795,
        0.109193806935078,
        0.11092817076760002,
        0.11268641350952298
    ],
    "test_acc": [
        0.1282,
        0.9521,
        0.9698,
        0.9727,
        0.9766,
        0.9759,
        0.978,
        0.976,
        0.9786,
        0.9793,
        0.9794,
        0.9798,
        0.9803,
        0.9794,
        0.979,
        0.9805,
        0.9802,
        0.9795,
        0.9802,
        0.9799,
        0.9794,
        0.9795,
        0.98,
        0.9798,
        0.9793
    ]
}