{
    "train_loss": [
        2.3047236925125123,
        0.2716671962399036,
        0.11378099226088574,
        0.07783202959905224,
        0.05917340716550437,
        0.046663571793958546,
        0.036057809291380305,
        0.028124353532703147,
        0.022060005376362338,
        0.016813371112283496,
        0.013447993121136764,
        0.009760760914496359,
        0.007649474836536804,
        0.005451593398012202,
        0.004223573357872601,
        0.003174350251561562,
        0.0024557618237120477,
        0.0019911666956462415,
        0.001577136610238331,
        0.001266953968469115,
        0.001065046788629585,
        0.0009126426484620112,
        0.000804326743803475,
        0.0007019806207710028,
        0.0006239688418059328
    ],
    "train_acc": [
        0.09708333333333333,
        0.9216166666666666,
        0.9667,
        0.9766833333333333,
        0.9821333333333333,
        0.9858833333333333,
        0.9890833333333333,
        0.99155,
        0.9934666666666667,
        0.9953666666666666,
        0.9967333333333334,
        0.9979666666666667,
        0.99845,
        0.99935,
        0.9995,
        0.9998,
        0.9999,
        0.9999166666666667,
        0.9999333333333333,
        0.9999833333333333,
        1.0,
        1.0,
        1.0,
        1.0,
        1.0
    ],
    "test_loss": [
        2.304498468017578,
        0.13293292552474886,
        0.10119530665767379,
        0.0850675283345161,
        0.08097590425913805,
        0.07464365847220907,
        0.07687040750780724,
        0.08542939765969386,
        0.07427225940047137,
        0.08336504433922583,
        0.07902170173040123,
        0.07714292742578055,
        0.07752198452665511,
        0.08280449548495754,
        0.08204183190071836,
        0.08378814844088174,
        0.08666720405804962,
        0.08709224123794188,
        0.08888364600981397,
        0.09007270307559816,
        0.09132871483241052,
        0.09282209558669095,
        0.09347571216205366,
        0.09495101962389542,
        0.09644322576574742
    ],
    "test_acc": [
        0.0999,
        0.9602,
        0.9701,
        0.9741,
        0.9751,
        0.9778,
        0.9764,
        0.9755,
        0.9785,
        0.977,
        0.9769,
        0.9785,
        0.9792,
        0.9794,
        0.9804,
        0.9791,
        0.9793,
        0.9799,
        0.9797,
        0.9795,
        0.9796,
        0.98,
        0.9798,
        0.9799,
        0.9802
    ]
}