{
    "train_loss": [
        2.3056429417292277,
        0.2890771425311997,
        0.1799199198365758,
        0.14633092806886155,
        0.12292749400063052,
        0.11059215419238234,
        0.09912951155936663,
        0.08525412697252883,
        0.07992198332112047,
        0.07356829122235686,
        0.06311093393348409,
        0.05606759487068919,
        0.05270890242092339,
        0.04825601479215642,
        0.04537240390625696,
        0.04945941001606595,
        0.036591014664480975,
        0.046557842067090884,
        0.03705634312592559,
        0.03458063492687208,
        0.04094987328159736,
        0.040193896646049804,
        0.03498765248660352,
        0.030758914330843237,
        0.033879561017407724
    ],
    "train_acc": [
        0.07833333333333334,
        0.9229833333333334,
        0.95345,
        0.9633333333333334,
        0.9695166666666667,
        0.97275,
        0.9753166666666667,
        0.9787666666666667,
        0.9800833333333333,
        0.9823,
        0.9843833333333334,
        0.98595,
        0.9872666666666666,
        0.9885166666666667,
        0.9885666666666667,
        0.9883333333333333,
        0.9907666666666667,
        0.9894833333333334,
        0.9916,
        0.9919833333333333,
        0.9906166666666667,
        0.99115,
        0.9921,
        0.9925833333333334,
        0.9926666666666667
    ],
    "test_loss": [
        2.3049506702423095,
        0.23915887071681208,
        0.23805034906777947,
        0.2605613580985614,
        0.25446276666704,
        0.27691115923170956,
        0.28050738880343007,
        0.27854417038975304,
        0.33625020554689744,
        0.33083102273384224,
        0.3406584997651038,
        0.4096195336807535,
        0.40644242907925243,
        0.4138230792800355,
        0.5074080522387443,
        0.49349401166946044,
        0.5193920777032345,
        0.5318353110267815,
        0.5732896010687725,
        0.601072283978749,
        0.5882112999246454,
        0.5829083328260877,
        0.6664379385585506,
        0.7594750806992216,
        0.6890844876484694
    ],
    "test_acc": [
        0.0826,
        0.9397,
        0.9495,
        0.9512,
        0.9521,
        0.9549,
        0.9553,
        0.9607,
        0.9602,
        0.961,
        0.9629,
        0.9589,
        0.9626,
        0.9616,
        0.9612,
        0.9648,
        0.9637,
        0.9642,
        0.963,
        0.9646,
        0.964,
        0.9641,
        0.963,
        0.9601,
        0.9622
    ]
}