{
    "train_loss": [
        2.3091942808151247,
        0.799498519637622,
        0.7963680844394491,
        0.7213058419339087,
        0.6814165041740673,
        0.7070455958241538,
        0.7154334994040731,
        0.675502835845322,
        0.7220183178871347,
        0.6995156340304722,
        0.6597367145079169,
        0.6586483344145461,
        0.6394384951379722,
        0.6427688812447377,
        0.6584554234316043,
        0.610398024807956,
        0.6076808210909671,
        0.6205282481290337,
        0.6300151934437187,
        0.6339511673367693,
        0.6031556684634134,
        0.6102943986638245,
        0.6329750406542936,
        0.6204121049862603,
        0.6447187727033886
    ],
    "train_acc": [
        0.1055,
        0.8164,
        0.7964166666666667,
        0.8341833333333334,
        0.8351666666666666,
        0.8376666666666667,
        0.8244833333333333,
        0.8239333333333333,
        0.81635,
        0.8308833333333333,
        0.8299666666666666,
        0.8127,
        0.82415,
        0.8193,
        0.8029666666666667,
        0.8423666666666667,
        0.8379833333333333,
        0.8361166666666666,
        0.8498666666666667,
        0.8441,
        0.84285,
        0.8429333333333333,
        0.8306833333333333,
        0.8381166666666666,
        0.82935
    ],
    "test_loss": [
        2.3092392925262453,
        0.7732217655343003,
        0.8443926266930998,
        0.7248454621633514,
        0.7943753775469958,
        0.8439765735903755,
        0.8991981842890695,
        0.8592734125749503,
        0.9003576478483155,
        0.945302263485454,
        0.9330621196893976,
        0.9353045195639755,
        0.8890043453712926,
        0.9664184992333615,
        0.8315774175385888,
        0.813198030119366,
        0.8811211837782262,
        0.9100392006807706,
        0.8976037603562365,
        0.8917554943038116,
        0.9445893838178923,
        1.118290773697402,
        1.1154135039112973,
        1.0711618884124294,
        1.0824188586884103
    ],
    "test_acc": [
        0.1053,
        0.8272,
        0.7673,
        0.8522,
        0.8489,
        0.8218,
        0.8445,
        0.7961,
        0.8271,
        0.8073,
        0.8153,
        0.8136,
        0.8316,
        0.7998,
        0.8238,
        0.8373,
        0.8398,
        0.8401,
        0.8537,
        0.8389,
        0.8446,
        0.8354,
        0.8435,
        0.8263,
        0.8228
    ]
}