{
    "train_loss": [
        2.305034884007772,
        0.8418543127862426,
        0.798960958752137,
        0.7761803713943033,
        0.7625419523770601,
        0.7798948023080409,
        0.7712657672085839,
        0.7562720884449222,
        0.776349166093953,
        0.7648927831143567,
        0.7395797964723446,
        0.744399515213086,
        0.7540341276126291,
        0.7340581963136347,
        0.7422149631445253,
        0.7525572972445053,
        0.727484652905931,
        0.7375570423898055,
        0.6972175968494649,
        0.725689849493086,
        0.6891037067136901,
        0.6702310685101878,
        0.6793009708770837,
        0.6856586520260852,
        0.7014256272470198
    ],
    "train_acc": [
        0.07181666666666667,
        0.8024,
        0.8088,
        0.8077833333333333,
        0.8224166666666667,
        0.8040333333333334,
        0.8089166666666666,
        0.8007833333333333,
        0.80665,
        0.82565,
        0.7936,
        0.8055833333333333,
        0.79705,
        0.804,
        0.7901166666666667,
        0.7787833333333334,
        0.79485,
        0.79445,
        0.7946833333333333,
        0.7793166666666667,
        0.7859,
        0.7928666666666667,
        0.8111,
        0.8159833333333333,
        0.8034333333333333
    ],
    "test_loss": [
        2.3044456077575686,
        0.8556831812053919,
        0.8181140181859955,
        0.8969650673398463,
        0.8891034912388772,
        0.8994954844594002,
        1.2208182945800132,
        0.8960043522533262,
        1.0957513021310326,
        1.0381085395177418,
        0.9119378431010992,
        0.948775857588787,
        1.0111749643996255,
        0.9601884378892741,
        0.9691025046464307,
        0.9797441960421391,
        1.0975066969145484,
        1.0869080696783502,
        1.1641033921201946,
        1.1832335276865518,
        1.09060365981896,
        1.0681781089189057,
        1.2340657084965148,
        1.3513307269270747,
        1.2619390650278173
    ],
    "test_acc": [
        0.0753,
        0.7896,
        0.8219,
        0.8419,
        0.8137,
        0.7995,
        0.8263,
        0.7952,
        0.8376,
        0.786,
        0.779,
        0.8024,
        0.8224,
        0.7993,
        0.7786,
        0.784,
        0.7878,
        0.7982,
        0.789,
        0.7863,
        0.7831,
        0.7981,
        0.8047,
        0.8155,
        0.8024
    ]
}