{
    "train_loss": [
        2.303097758293152,
        0.34403864335206646,
        0.223940231526129,
        0.18929918469680657,
        0.1782839758212744,
        0.15278083900399855,
        0.148408849929495,
        0.1377538641663955,
        0.12940228678916418,
        0.12622571151980383,
        0.11374202938964238,
        0.11465250767654102,
        0.1148941956504421,
        0.1038037648927864,
        0.10315071684721942,
        0.10055750102372563,
        0.09285395835874839,
        0.0940139976742678,
        0.09874825870468072,
        0.09974297311731202,
        0.09900804019234086,
        0.08055396921556826,
        0.07938746398648865,
        0.07148211656667405,
        0.08321551894429575
    ],
    "train_acc": [
        0.10706666666666667,
        0.90985,
        0.9459333333333333,
        0.9538333333333333,
        0.9580833333333333,
        0.9638666666666666,
        0.9658333333333333,
        0.9683666666666667,
        0.9702,
        0.9719,
        0.974,
        0.9743666666666667,
        0.9743166666666667,
        0.9766833333333333,
        0.9776333333333334,
        0.9782166666666666,
        0.97975,
        0.98035,
        0.9793666666666667,
        0.98055,
        0.9801833333333333,
        0.9827833333333333,
        0.9827333333333333,
        0.9844666666666667,
        0.9832666666666666
    ],
    "test_loss": [
        2.3041049377441407,
        0.2796246738319547,
        0.2671544020491543,
        0.22705116227456087,
        0.24304915547561773,
        0.2778499182598751,
        0.29743391233474886,
        0.2647058621913245,
        0.2911782412553335,
        0.32044308093289026,
        0.2793058773867401,
        0.32125671608389356,
        0.3259369177390458,
        0.33510228548734033,
        0.3843181002479687,
        0.43043440540963557,
        0.3624272810196271,
        0.42079256431673073,
        0.4056192980581763,
        0.4571497497348928,
        0.43083533984557815,
        0.41945626092232197,
        0.43973334398495073,
        0.5196861977190174,
        0.5046159814664283
    ],
    "test_acc": [
        0.1043,
        0.9311,
        0.9409,
        0.9549,
        0.9518,
        0.9531,
        0.953,
        0.9585,
        0.9566,
        0.9531,
        0.962,
        0.9558,
        0.9597,
        0.9596,
        0.9581,
        0.9518,
        0.9607,
        0.955,
        0.9577,
        0.9581,
        0.9613,
        0.9639,
        0.9651,
        0.9623,
        0.9599
    ]
}