{
    "train_loss": [
        2.3051901514689126,
        0.4121579078859834,
        0.2904196494303435,
        0.25733177309291544,
        0.2301237136308026,
        0.2164890515057312,
        0.2013870918850159,
        0.18372231490355945,
        0.178703207869108,
        0.1737769096795112,
        0.16768542399565856,
        0.15510009983872303,
        0.16129303738851103,
        0.15513201927643117,
        0.15934234051542676,
        0.1455938323399063,
        0.14161111383569158,
        0.13918658871662695,
        0.13421941404918863,
        0.1393267929575605,
        0.13541007654123857,
        0.12696730868823275,
        0.12231630310655704,
        0.12354511747079228,
        0.11836651390377285
    ],
    "train_acc": [
        0.07936666666666667,
        0.89245,
        0.9284333333333333,
        0.9363333333333334,
        0.9431666666666667,
        0.9460833333333334,
        0.9505,
        0.9549166666666666,
        0.9552,
        0.9564666666666667,
        0.9584666666666667,
        0.9612,
        0.961,
        0.9624166666666667,
        0.9625666666666667,
        0.9642833333333334,
        0.9654666666666667,
        0.9663,
        0.9673833333333334,
        0.9668833333333333,
        0.96805,
        0.9696333333333333,
        0.9701166666666666,
        0.97075,
        0.9714166666666667
    ],
    "test_loss": [
        2.3060512508392335,
        0.33328134736548526,
        0.30931880535404344,
        0.2819596187767049,
        0.3294242457115772,
        0.31988758943020557,
        0.3148472183343576,
        0.29531453802211827,
        0.28419314246721583,
        0.28476883690125954,
        0.30124922997432924,
        0.35512014791691815,
        0.3871783524851375,
        0.3612777716899334,
        0.3536200027798594,
        0.38321495556093826,
        0.3579805412497018,
        0.3802539098019168,
        0.42284315342326256,
        0.4209264913541267,
        0.38885407883490286,
        0.412399731132624,
        0.4407094661867037,
        0.5376348562369078,
        0.49519095152159953
    ],
    "test_acc": [
        0.077,
        0.929,
        0.9342,
        0.9376,
        0.9353,
        0.937,
        0.9371,
        0.9481,
        0.9473,
        0.948,
        0.947,
        0.9444,
        0.939,
        0.9473,
        0.9508,
        0.947,
        0.9522,
        0.951,
        0.9449,
        0.947,
        0.95,
        0.9494,
        0.9511,
        0.9445,
        0.9503
    ]
}