{
    "train_loss": [
        2.3091942808151247,
        0.34019966281615976,
        0.2210776906437813,
        0.2050415938764028,
        0.17277879898500134,
        0.1602038180270016,
        0.14812251831713713,
        0.13756564253566111,
        0.12923082837218375,
        0.12136387248291436,
        0.12259660990929834,
        0.11234783028212406,
        0.1037496332133218,
        0.10263278482329535,
        0.10222523511096315,
        0.1029525109144395,
        0.09679711537800874,
        0.09351083134241248,
        0.09084931097858966,
        0.08613256190845343,
        0.08173046152485555,
        0.08359052489758952,
        0.09255291625319748,
        0.09392606448100163,
        0.08034830673004739
    ],
    "train_acc": [
        0.1055,
        0.9099666666666667,
        0.9470833333333334,
        0.9528,
        0.9598333333333333,
        0.9638,
        0.9657833333333333,
        0.96935,
        0.9702,
        0.9725,
        0.9736,
        0.9755,
        0.97625,
        0.9785333333333334,
        0.9785166666666667,
        0.9792333333333333,
        0.9789833333333333,
        0.9801666666666666,
        0.98095,
        0.9820166666666666,
        0.9823333333333333,
        0.9827833333333333,
        0.9826166666666667,
        0.98265,
        0.9843166666666666
    ],
    "test_loss": [
        2.3092392925262453,
        0.23869229661607533,
        0.2209117075223274,
        0.2893160084876679,
        0.2783584631423257,
        0.3013229607500658,
        0.26959925550429353,
        0.30669385563449325,
        0.3016743906900888,
        0.3306470707569015,
        0.3725105842741302,
        0.37771117524789,
        0.3824024704640338,
        0.4233122473797625,
        0.4027566011899937,
        0.4733573209051925,
        0.4668326069525608,
        0.5259269693706525,
        0.4512495252358133,
        0.4968132578089484,
        0.537460943476952,
        0.5784484344475773,
        0.5601426453871253,
        0.6125148058890891,
        0.6195422263870485
    ],
    "test_acc": [
        0.1053,
        0.9363,
        0.9517,
        0.9488,
        0.9515,
        0.9439,
        0.956,
        0.9579,
        0.9592,
        0.9603,
        0.9559,
        0.9558,
        0.9592,
        0.9604,
        0.9635,
        0.9577,
        0.9593,
        0.9617,
        0.9627,
        0.9642,
        0.9616,
        0.9595,
        0.9595,
        0.9617,
        0.9632
    ]
}