{
    "train_loss": [
        2.3051901514689126,
        0.5991977168488316,
        0.39540074005607795,
        0.3805881743966162,
        0.37130187439284756,
        0.3426607088842953,
        0.31555548919715887,
        0.30732540089175564,
        0.30913065211308166,
        0.28452368780628157,
        0.2933540095946672,
        0.267966252204628,
        0.27034793441279337,
        0.27532699595253063,
        0.2636516934145612,
        0.25606212201012435,
        0.2568128873354254,
        0.23994515283993967,
        0.2379354474444093,
        0.24879612205725263,
        0.2512610474013319,
        0.23279563270081624,
        0.23890541117603248,
        0.22968870385776208,
        0.23227159661711377
    ],
    "train_acc": [
        0.07936666666666667,
        0.8500833333333333,
        0.9040666666666667,
        0.9072333333333333,
        0.9107,
        0.9172,
        0.9261666666666667,
        0.92845,
        0.9294166666666667,
        0.9339666666666666,
        0.9328333333333333,
        0.9375833333333333,
        0.9377166666666666,
        0.9383666666666667,
        0.9410666666666667,
        0.9418833333333333,
        0.9424833333333333,
        0.9447833333333333,
        0.94545,
        0.9448,
        0.9446333333333333,
        0.9478166666666666,
        0.9472666666666667,
        0.9482666666666667,
        0.9458666666666666
    ],
    "test_loss": [
        2.3060512508392335,
        0.48902058208263477,
        0.42260036634285936,
        0.37813330815944934,
        0.3632954174988292,
        0.352118400779082,
        0.4358267621580687,
        0.3792720884850843,
        0.380397276975062,
        0.40682862855255225,
        0.4045322874074307,
        0.40515375556547006,
        0.6611149896871881,
        0.42013966406347864,
        0.3683342704115465,
        0.4123555033775272,
        0.4087997141701925,
        0.4365281657195198,
        0.4423019149382599,
        0.4865216547751066,
        0.46559257167753004,
        0.475343701764312,
        0.4891704485591123,
        0.5020251389774094,
        0.5329368022701391
    ],
    "test_acc": [
        0.077,
        0.8425,
        0.9046,
        0.9081,
        0.9091,
        0.9267,
        0.9231,
        0.9268,
        0.924,
        0.9234,
        0.9111,
        0.9348,
        0.9106,
        0.929,
        0.9359,
        0.9336,
        0.9318,
        0.9345,
        0.938,
        0.9315,
        0.939,
        0.9398,
        0.9412,
        0.9325,
        0.9351
    ]
}