{
    "train_loss": [
        2.305674257342021,
        0.46874292124817146,
        0.3226964796039739,
        0.2903078595480326,
        0.26822765830209394,
        0.24616962444003015,
        0.24028786088336182,
        0.22454289533242117,
        0.22249763896936736,
        0.20968764016334304,
        0.1948281507878858,
        0.19953558819223952,
        0.19595285840979237,
        0.18952936926752456,
        0.1751490249029223,
        0.1827202408831782,
        0.17402692958931293,
        0.17079605930380892,
        0.16606263969545368,
        0.16320501347608396,
        0.16078433150681243,
        0.16122386701828445,
        0.15830059241770458,
        0.1516033221400237,
        0.16500459312871707
    ],
    "train_acc": [
        0.10793333333333334,
        0.8796666666666667,
        0.92365,
        0.9307666666666666,
        0.9350666666666667,
        0.9405333333333333,
        0.9453833333333334,
        0.9475,
        0.9488166666666666,
        0.9517333333333333,
        0.9538666666666666,
        0.9547833333333333,
        0.9541333333333334,
        0.95755,
        0.9599666666666666,
        0.9589833333333333,
        0.9612833333333334,
        0.9620166666666666,
        0.9618666666666666,
        0.9635666666666667,
        0.9637166666666667,
        0.9634666666666667,
        0.9645,
        0.9652666666666667,
        0.9640666666666666
    ],
    "test_loss": [
        2.3052435230255126,
        0.35666041666925596,
        0.3230641785873252,
        0.329312997209328,
        0.3374725106074533,
        0.30858043363359977,
        0.36729149558043284,
        0.3703941312263733,
        0.3298942414872085,
        0.32288355702479055,
        0.9372952348539879,
        0.44861673110345934,
        0.3553627284933938,
        0.3682960010773673,
        0.3424096134866149,
        0.41215821407725034,
        0.45909744529742585,
        0.3461078231224602,
        0.415941380542964,
        0.4990693433829496,
        0.38713286105656114,
        0.5152500951038428,
        0.4818399868833358,
        0.4149959157036288,
        0.4789461565769051
    ],
    "test_acc": [
        0.1066,
        0.9168,
        0.9182,
        0.9248,
        0.9159,
        0.9325,
        0.9306,
        0.9404,
        0.9359,
        0.9421,
        0.9063,
        0.937,
        0.9427,
        0.9457,
        0.9459,
        0.9399,
        0.942,
        0.9488,
        0.9472,
        0.9367,
        0.949,
        0.9474,
        0.9476,
        0.954,
        0.9417
    ]
}