{
    "train_loss": [
        2.3091942808151247,
        0.31992180413001525,
        0.19661019297154853,
        0.1546067986161573,
        0.1326830247048444,
        0.1172750981062447,
        0.1045916284006443,
        0.09272862163354867,
        0.0846132554160525,
        0.07913424464611162,
        0.07258918046905379,
        0.06687002567538101,
        0.059523311261411194,
        0.05457941176858378,
        0.05042097928063128,
        0.04539131031698043,
        0.04110852965402087,
        0.03576740099892609,
        0.03275230401010282,
        0.029542747288179176,
        0.02600440612126133,
        0.023766856031517777,
        0.020995423511233405,
        0.019479802384718536,
        0.017166204865493608
    ],
    "train_acc": [
        0.1055,
        0.9145666666666666,
        0.9485666666666667,
        0.9590833333333333,
        0.9647,
        0.9694333333333334,
        0.97185,
        0.9742666666666666,
        0.9766833333333333,
        0.9785,
        0.9806166666666667,
        0.9819166666666667,
        0.9835166666666667,
        0.9848,
        0.9859833333333333,
        0.9871833333333333,
        0.9887166666666667,
        0.9900166666666667,
        0.9905,
        0.9916166666666667,
        0.9925,
        0.9933166666666666,
        0.9940833333333333,
        0.9948166666666667,
        0.9952
    ],
    "test_loss": [
        2.3092392925262453,
        0.23472596071036533,
        0.22251410648920572,
        0.21262854555222802,
        0.20230041909570573,
        0.2312451759720876,
        0.21879626420496426,
        0.24084015114412058,
        0.25520405141779157,
        0.27004016567202205,
        0.26717945191437137,
        0.29312950414529576,
        0.31576388398826194,
        0.33290753832982756,
        0.34466535801188736,
        0.354664297118537,
        0.360694478221756,
        0.38046100009259115,
        0.40288091023801087,
        0.42623674860154814,
        0.45024599661639897,
        0.4709840809166636,
        0.4930666514782253,
        0.5206957479091514,
        0.5364176722352595
    ],
    "test_acc": [
        0.1053,
        0.9368,
        0.9472,
        0.955,
        0.955,
        0.9515,
        0.9582,
        0.9545,
        0.957,
        0.9578,
        0.9587,
        0.9567,
        0.9574,
        0.958,
        0.9589,
        0.9589,
        0.9583,
        0.9607,
        0.9596,
        0.9589,
        0.9609,
        0.9596,
        0.9596,
        0.9597,
        0.959
    ]
}