{
    "train_loss": [
        2.3051901514689126,
        0.3405230692595476,
        0.2070661753132886,
        0.1632795198935329,
        0.14292561852952906,
        0.12823301043245144,
        0.11550090996833763,
        0.1039351391641346,
        0.09698395060825506,
        0.08805944105675369,
        0.08225495492298383,
        0.07584035133575687,
        0.07097386717593866,
        0.06536609466068725,
        0.06183656645720089,
        0.056430511556186086,
        0.052160594926280675,
        0.048713011250797265,
        0.045207157594620115,
        0.04347051987272327,
        0.039762185336762304,
        0.037517828455316184,
        0.034765039529079826,
        0.03176424645173355,
        0.03169510203344213
    ],
    "train_acc": [
        0.07936666666666667,
        0.90975,
        0.9446,
        0.9553833333333334,
        0.96035,
        0.96455,
        0.9678,
        0.9704833333333334,
        0.9728,
        0.9752166666666666,
        0.9764333333333334,
        0.9783333333333334,
        0.9796333333333334,
        0.9809,
        0.9825,
        0.9838166666666667,
        0.9846833333333334,
        0.9859833333333333,
        0.9868166666666667,
        0.9869333333333333,
        0.9883833333333333,
        0.9890833333333333,
        0.9898,
        0.99055,
        0.9905166666666667
    ],
    "test_loss": [
        2.3060512508392335,
        0.256632415523252,
        0.2300013207450349,
        0.2032369924700586,
        0.20504382565247087,
        0.2037135202856336,
        0.22135075090191025,
        0.21682879692401702,
        0.2141458134946787,
        0.2237752464245897,
        0.24949150440534296,
        0.26935023557177157,
        0.28593393635822306,
        0.300551184644346,
        0.3159373258315452,
        0.3502017001864497,
        0.3516897432340398,
        0.3658803342770252,
        0.390254193683267,
        0.40198082500504817,
        0.40658101784473494,
        0.4463682507235294,
        0.45142871583355726,
        0.47033273411521975,
        0.4831015602757749
    ],
    "test_acc": [
        0.077,
        0.9314,
        0.9439,
        0.9488,
        0.9521,
        0.9528,
        0.9563,
        0.9567,
        0.9595,
        0.958,
        0.9587,
        0.9575,
        0.9579,
        0.9588,
        0.9581,
        0.9564,
        0.9586,
        0.9585,
        0.9577,
        0.9582,
        0.9587,
        0.9565,
        0.9587,
        0.9579,
        0.9585
    ]
}