{
    "train_loss": [
        2.305034884007772,
        0.2785968953114823,
        0.17258748556119463,
        0.13476391781234132,
        0.11691083255470762,
        0.10019427757565896,
        0.08569851226275287,
        0.07630896483380371,
        0.0690935678833195,
        0.0597906137216115,
        0.054764818251053414,
        0.050498246512244535,
        0.047587140316033595,
        0.04130728055397149,
        0.03929741388693414,
        0.03552407158324837,
        0.032426488087600513,
        0.03021948985341081,
        0.03166475593529265,
        0.027775821975846042,
        0.02579713769284443,
        0.02469013738847002,
        0.023374163894184518,
        0.02068523623544123,
        0.029681655184239684
    ],
    "train_acc": [
        0.07181666666666667,
        0.9247166666666666,
        0.9552666666666667,
        0.9650666666666666,
        0.9698,
        0.97385,
        0.9777833333333333,
        0.9794166666666667,
        0.9817666666666667,
        0.9840666666666666,
        0.9857833333333333,
        0.98695,
        0.9881333333333333,
        0.9893833333333333,
        0.9897166666666667,
        0.9909166666666667,
        0.9916166666666667,
        0.9921666666666666,
        0.9921166666666666,
        0.99305,
        0.9935333333333334,
        0.99375,
        0.9941666666666666,
        0.9948666666666667,
        0.9932
    ],
    "test_loss": [
        2.3044456077575686,
        0.21666422325713647,
        0.2048950029833777,
        0.23038387354577788,
        0.2336567042279345,
        0.25117545534606833,
        0.2775997799701138,
        0.2853292597412714,
        0.30896460945800047,
        0.3213297412521762,
        0.33979357498455376,
        0.3705305908982745,
        0.4067911027452046,
        0.42201119913450064,
        0.43444684634500447,
        0.42364701956175466,
        0.47196647164640326,
        0.4566583369655379,
        0.5067863801584797,
        0.5557205811583764,
        0.5509671104301624,
        0.5556285320208655,
        0.5822818101314781,
        0.5920917039531788,
        0.6526886003115786
    ],
    "test_acc": [
        0.0753,
        0.9449,
        0.952,
        0.9499,
        0.9534,
        0.9601,
        0.9584,
        0.9592,
        0.9584,
        0.9617,
        0.9601,
        0.9578,
        0.9611,
        0.9599,
        0.9587,
        0.9621,
        0.963,
        0.9634,
        0.9591,
        0.9572,
        0.9609,
        0.9621,
        0.961,
        0.9632,
        0.9605
    ]
}