{
    "train_loss": [
        2.305674257342021,
        0.3334320197831529,
        0.21624048695860457,
        0.1801895620630919,
        0.15672951577748162,
        0.15093698838948966,
        0.13051480809639035,
        0.12316126679912826,
        0.11605083287062189,
        0.12174518370105489,
        0.1119659510151805,
        0.10715361127856757,
        0.08891218215114191,
        0.0915816589350481,
        0.08903058359949954,
        0.08386669402134307,
        0.08207452016268751,
        0.08369404595999269,
        0.07977771445953567,
        0.08767016191960916,
        0.10215753840461109,
        0.09197029686985529,
        0.09091229037471632,
        0.08796704082238824,
        0.07494828309365033
    ],
    "train_acc": [
        0.10793333333333334,
        0.9128333333333334,
        0.9474333333333333,
        0.9572666666666667,
        0.9628166666666667,
        0.9650666666666666,
        0.9703333333333334,
        0.9716666666666667,
        0.9736666666666667,
        0.97355,
        0.9758666666666667,
        0.9767666666666667,
        0.9803166666666666,
        0.9806833333333334,
        0.9811166666666666,
        0.98245,
        0.9829,
        0.9824,
        0.9844166666666667,
        0.9828166666666667,
        0.9818,
        0.9828333333333333,
        0.98405,
        0.9840333333333333,
        0.9859666666666667
    ],
    "test_loss": [
        2.3052435230255126,
        0.2645897576942174,
        0.28970118166688597,
        0.2507425903734335,
        0.25895167009116576,
        0.2610303996622769,
        0.2811036911724913,
        0.33847569524887355,
        0.3039371761066316,
        0.3369295774606121,
        0.43869550330440704,
        0.31928762606944777,
        0.3797555083448705,
        0.41624779838715464,
        0.43257168956668357,
        0.41037995666219806,
        0.46548054469000627,
        0.5166638198178485,
        0.5742184251214302,
        0.5197000638641175,
        0.6127543214350776,
        0.5471399223518066,
        0.5981042695393075,
        0.6310972070344989,
        0.57800864712241
    ],
    "test_acc": [
        0.1066,
        0.9373,
        0.9317,
        0.9485,
        0.9513,
        0.954,
        0.9566,
        0.9561,
        0.9547,
        0.9559,
        0.9512,
        0.9604,
        0.961,
        0.9585,
        0.96,
        0.9595,
        0.9607,
        0.9579,
        0.9603,
        0.9605,
        0.9588,
        0.959,
        0.956,
        0.9636,
        0.9614
    ]
}