{
    "train_loss": [
        2.303097758293152,
        0.30026808896179236,
        0.17444134730836328,
        0.14058868272683722,
        0.11884846616870381,
        0.10346000548776349,
        0.08994731066769646,
        0.08091055457533847,
        0.07005015121523898,
        0.06907962646055105,
        0.0613549787745454,
        0.05591657919689034,
        0.04863067960253085,
        0.04618952917641838,
        0.042350998938408,
        0.03360214609856198,
        0.034836322448609174,
        0.03205302430471266,
        0.033385378394509106,
        0.026295506076696458,
        0.027005882626937833,
        0.031093740731096456,
        0.030495044157781665,
        0.02590193768937075,
        0.021701104176061577
    ],
    "train_acc": [
        0.10706666666666667,
        0.9194,
        0.9546,
        0.9636666666666667,
        0.9698,
        0.97375,
        0.9775,
        0.9795,
        0.9821666666666666,
        0.9829,
        0.9849666666666667,
        0.9865833333333334,
        0.9880666666666666,
        0.9881833333333333,
        0.98915,
        0.9911666666666666,
        0.9909333333333333,
        0.9920833333333333,
        0.99185,
        0.99295,
        0.9931666666666666,
        0.9923,
        0.9929666666666667,
        0.9939166666666667,
        0.9950666666666667
    ],
    "test_loss": [
        2.3041049377441407,
        0.21494312569690227,
        0.24442209487068467,
        0.22778509868166966,
        0.2727390398142138,
        0.2736857930478408,
        0.29853762455353733,
        0.3018135909061166,
        0.34841076345750344,
        0.3964342823824495,
        0.3841230178752998,
        0.4151751325312232,
        0.46395155563367996,
        0.4657546968835278,
        0.46460260539833753,
        0.4923864603850346,
        0.519727590496899,
        0.5772189264538974,
        0.5487530837528916,
        0.5818454636437895,
        0.637271176092801,
        0.6495685668734718,
        0.6663878609555258,
        0.6840401297097687,
        0.7076125006851575
    ],
    "test_acc": [
        0.1043,
        0.9462,
        0.9473,
        0.9551,
        0.9545,
        0.9596,
        0.9583,
        0.9607,
        0.9587,
        0.9577,
        0.9608,
        0.9613,
        0.958,
        0.9617,
        0.9613,
        0.9614,
        0.9642,
        0.961,
        0.962,
        0.9621,
        0.9604,
        0.96,
        0.9622,
        0.9623,
        0.9625
    ]
}