{
    "train_loss": [
        2.3056429417292277,
        0.7933450061398248,
        0.8782993820195397,
        0.8960573578608533,
        0.8930578221343419,
        0.8443246493110433,
        0.888231215049505,
        0.8753214760795236,
        0.8850003264791997,
        0.880162855455388,
        0.8614315968510373,
        0.8402682317563022,
        0.8596683831649948,
        0.8226585076802717,
        0.7134342687274019,
        0.763439512126593,
        0.689752436614801,
        0.7506683528993046,
        0.7337258651460308,
        0.7874167674357382,
        0.8252558242290591,
        0.8053092752438376,
        0.7684269654323658,
        0.7240275820811124,
        0.7183267145047578
    ],
    "train_acc": [
        0.07833333333333334,
        0.8102166666666667,
        0.7842,
        0.8020166666666667,
        0.8093666666666667,
        0.8006166666666666,
        0.7949666666666667,
        0.7633333333333333,
        0.7755,
        0.7456666666666667,
        0.7551833333333333,
        0.7629666666666667,
        0.7529166666666667,
        0.7638,
        0.8203666666666667,
        0.7868833333333334,
        0.8291666666666667,
        0.8375166666666667,
        0.8301166666666666,
        0.8054166666666667,
        0.7708333333333334,
        0.7476833333333334,
        0.7884833333333333,
        0.8251,
        0.8223166666666667
    ],
    "test_loss": [
        2.3049506702423095,
        0.8210687900613993,
        0.9433258629918099,
        0.9094584238767623,
        0.9407545361179859,
        0.9568465584154241,
        0.9248334675073624,
        0.9880193242607056,
        1.055376672643423,
        0.9435387174368836,
        1.0326767009784468,
        1.1220151816902681,
        1.1147941416009168,
        0.964590198215656,
        0.9342362081881264,
        1.0386244217433036,
        1.1191554432459176,
        1.119169432070665,
        1.1979005440443755,
        1.3624465279757976,
        1.2206678589224815,
        1.2212615156322717,
        1.226427196621895,
        1.3531092683523893,
        1.2600213109344245
    ],
    "test_acc": [
        0.0826,
        0.805,
        0.7494,
        0.8021,
        0.8185,
        0.7903,
        0.7794,
        0.7764,
        0.7716,
        0.7564,
        0.8003,
        0.7051,
        0.7368,
        0.7802,
        0.8282,
        0.8232,
        0.7843,
        0.8383,
        0.8169,
        0.7816,
        0.7625,
        0.7738,
        0.8272,
        0.8336,
        0.8232
    ]
}