{
    "train_loss": [
        2.3047236925125123,
        0.4540449644428852,
        0.3257057435372194,
        0.27871753782863296,
        0.25265492249612825,
        0.25984737884367115,
        0.24796294831815466,
        0.2388379603590215,
        0.2424022635687231,
        0.2307099024814375,
        0.2055589209024243,
        0.19663293510402194,
        0.20127441970239318,
        0.20165041376465248,
        0.19262146038784458,
        0.1896859426253461,
        0.18525233335081975,
        0.17049240397637572,
        0.17245101440035007,
        0.16551215700028285,
        0.15563253922303857,
        0.17915132995570401,
        0.16109218070032633,
        0.15963673304621012,
        0.15616011004330188
    ],
    "train_acc": [
        0.09708333333333333,
        0.8843666666666666,
        0.9238,
        0.9365,
        0.9424666666666667,
        0.9432333333333334,
        0.94615,
        0.94915,
        0.9469,
        0.9507166666666667,
        0.9563166666666667,
        0.9571666666666667,
        0.9575,
        0.9573666666666667,
        0.95935,
        0.9603166666666667,
        0.9608,
        0.9635833333333333,
        0.9625666666666667,
        0.9644166666666667,
        0.9663666666666667,
        0.96315,
        0.9662666666666667,
        0.9665166666666667,
        0.9674833333333334
    ],
    "test_loss": [
        2.304498468017578,
        0.3733984006259081,
        0.35036010611722596,
        0.36578836429189976,
        0.43694702107662997,
        0.333848233974445,
        0.2987080597819191,
        0.3612995284390442,
        0.33572347453659696,
        0.33716779217008014,
        0.3122979624415579,
        0.3564925786894864,
        0.3694991717024952,
        0.321082885511791,
        0.40456919008175485,
        0.3635363581984458,
        0.3612464549207267,
        0.4390994045835445,
        0.33049508047300086,
        0.40625562281205396,
        0.513359581679175,
        0.39147229538180955,
        0.432167691028638,
        0.4627216254530556,
        0.42770951976138916
    ],
    "test_acc": [
        0.0999,
        0.913,
        0.926,
        0.9281,
        0.9295,
        0.9428,
        0.9417,
        0.9312,
        0.9423,
        0.945,
        0.9474,
        0.9455,
        0.9424,
        0.9481,
        0.9482,
        0.9382,
        0.9504,
        0.947,
        0.9487,
        0.9464,
        0.9481,
        0.9527,
        0.9464,
        0.9413,
        0.9467
    ]
}