{
    "train_loss": [
        2.303097758293152,
        0.4077607357302137,
        0.29463703687774917,
        0.2557062210958801,
        0.21962486496988326,
        0.22463678652276678,
        0.20201928254021506,
        0.18980750810061445,
        0.1847571099766385,
        0.17495110695486404,
        0.1657612283246677,
        0.15305298665762115,
        0.13942577273038412,
        0.1488278835771069,
        0.1521474400230947,
        0.14801251770558413,
        0.15805503544499566,
        0.14822538619583614,
        0.13639402387631638,
        0.122887851526703,
        0.131148225305173,
        0.14662153249008456,
        0.14011718345798507,
        0.120819439530352,
        0.12550797859705076
    ],
    "train_acc": [
        0.10706666666666667,
        0.8939333333333334,
        0.93065,
        0.94075,
        0.9504666666666667,
        0.9510666666666666,
        0.9561666666666667,
        0.95855,
        0.9595333333333333,
        0.9622333333333334,
        0.9641666666666666,
        0.9659833333333333,
        0.9694333333333334,
        0.9688166666666667,
        0.9686333333333333,
        0.9698,
        0.9694166666666667,
        0.9699833333333333,
        0.9727,
        0.9739833333333333,
        0.9733,
        0.97235,
        0.9724,
        0.9750666666666666,
        0.9750666666666666
    ],
    "test_loss": [
        2.3041049377441407,
        0.35658109536330485,
        0.25341123038242075,
        0.28976167079287446,
        0.4398384434576198,
        0.28585000570257396,
        0.2715863253634518,
        0.24754338047545457,
        0.29763605194308673,
        0.29808454929996464,
        0.2835470988677595,
        0.2935580092198246,
        0.31561142285920785,
        0.34969497653952675,
        0.33145710003300705,
        0.397519259565953,
        0.3538595665038634,
        0.44939731777670366,
        0.3841450288930649,
        0.3776662155465631,
        0.37496920488086233,
        0.4029926052596311,
        0.42292399402872316,
        0.42813996679991206,
        0.4134139814377439
    ],
    "test_acc": [
        0.1043,
        0.9169,
        0.9378,
        0.9436,
        0.9222,
        0.9491,
        0.9488,
        0.9491,
        0.9539,
        0.9511,
        0.9566,
        0.9557,
        0.9536,
        0.9544,
        0.9575,
        0.95,
        0.953,
        0.956,
        0.9545,
        0.9579,
        0.9542,
        0.9566,
        0.9531,
        0.9589,
        0.9577
    ]
}