{
    "train_loss": [
        2.304665460205078,
        0.3027583865703627,
        0.18323968228331844,
        0.14350564595152246,
        0.11838565839421275,
        0.1030446046231891,
        0.0911001312171287,
        0.07783852421560607,
        0.06942339338453876,
        0.05967024011515354,
        0.05403317239509232,
        0.04867371662615411,
        0.04241775281965884,
        0.03756224691010448,
        0.03515193509545973,
        0.031796060503906536,
        0.02785595140295446,
        0.027033265215335642,
        0.02274590171818314,
        0.020471337879213847,
        0.01812785486069495,
        0.0170469763879159,
        0.015474292723523379,
        0.013050527236769428,
        0.01193318014489062
    ],
    "train_acc": [
        0.08203333333333333,
        0.9196833333333333,
        0.9515166666666667,
        0.9622,
        0.9674166666666667,
        0.9724333333333334,
        0.97545,
        0.9793166666666666,
        0.9808833333333333,
        0.9829333333333333,
        0.985,
        0.9859,
        0.9882,
        0.9892833333333333,
        0.99025,
        0.9904,
        0.9919166666666667,
        0.9921666666666666,
        0.99335,
        0.9940666666666667,
        0.9945666666666667,
        0.9951166666666666,
        0.9953166666666666,
        0.99615,
        0.9963666666666666
    ],
    "test_loss": [
        2.3036648399353026,
        0.2503420583732193,
        0.23177137199847495,
        0.2443459657844076,
        0.24703452332248,
        0.27876794302772306,
        0.27182091002850794,
        0.28745653642927543,
        0.3117566670613362,
        0.32345318710873444,
        0.3425331524851571,
        0.3629083373710871,
        0.3725641380138858,
        0.39671925040676126,
        0.4097626997369589,
        0.4395475948285782,
        0.47323438090293657,
        0.4838467889616527,
        0.5044091416935851,
        0.5166465909348921,
        0.5537136085277232,
        0.5964785984270671,
        0.6132462436411406,
        0.636360777294827,
        0.6705268121994739
    ],
    "test_acc": [
        0.0829,
        0.9348,
        0.9432,
        0.9492,
        0.9533,
        0.9538,
        0.957,
        0.9572,
        0.9567,
        0.9571,
        0.9586,
        0.9583,
        0.9585,
        0.9584,
        0.958,
        0.9586,
        0.9565,
        0.9581,
        0.9592,
        0.9593,
        0.9585,
        0.9575,
        0.9592,
        0.9583,
        0.9585
    ]
}