{
    "train_loss": [
        2.2972562834421795,
        0.4301214216365867,
        0.31390355152541716,
        0.2838982736578878,
        0.26673641938336434,
        0.2589694380243039,
        0.24977279111483222,
        0.23197848111652197,
        0.23941360649789603,
        0.2092977554321644,
        0.207132563111655,
        0.18943386844649465,
        0.19119135527268166,
        0.19338035170479592,
        0.18050213354608002,
        0.1785812582938556,
        0.1690426843593,
        0.16087006261581874,
        0.17032794910684176,
        0.15764997980833348,
        0.15364725255237724,
        0.15240243593071015,
        0.15259667681341513,
        0.1355154534211734,
        0.14283452276104
    ],
    "train_acc": [
        0.1213,
        0.8910333333333333,
        0.92645,
        0.93385,
        0.9391,
        0.9424666666666667,
        0.9451,
        0.94805,
        0.94865,
        0.9541833333333334,
        0.9554,
        0.9576166666666667,
        0.9589666666666666,
        0.9591,
        0.9609333333333333,
        0.9619,
        0.9625333333333334,
        0.9646833333333333,
        0.96455,
        0.9661166666666666,
        0.9663666666666667,
        0.9673,
        0.9678666666666667,
        0.9699333333333333,
        0.9696666666666667
    ],
    "test_loss": [
        2.2965717933654783,
        0.2988205063814501,
        0.3031854699241661,
        0.32050738793153793,
        0.367845774316479,
        0.336622857243054,
        0.31891097234082233,
        0.4792341045359741,
        0.36465664063732,
        0.34953758249369105,
        0.39035100494219005,
        0.36397227197590154,
        0.4567904426093055,
        0.4300783699648694,
        0.36536516961522664,
        0.368313306185448,
        0.39361466678967,
        0.46788189368932365,
        0.40939696388621555,
        0.3944424451582516,
        0.40816833217632714,
        0.4231455518685156,
        0.42264202863876316,
        0.6497736369660292,
        0.4653547684031704
    ],
    "test_acc": [
        0.1282,
        0.9263,
        0.9311,
        0.9301,
        0.9269,
        0.9318,
        0.9352,
        0.9234,
        0.9395,
        0.9462,
        0.9354,
        0.9453,
        0.9398,
        0.9457,
        0.9436,
        0.9394,
        0.9496,
        0.9461,
        0.9516,
        0.9508,
        0.9475,
        0.9489,
        0.9517,
        0.9429,
        0.947
    ]
}