{
    "train_loss": [
        2.2972562834421795,
        0.7980242611967027,
        0.7648713274981128,
        0.7345431308740246,
        0.7468237689650851,
        0.8160604181014166,
        0.7733552670813573,
        0.7670218024541274,
        0.7233266940192727,
        0.6649990196603178,
        0.689692105277258,
        0.7003810975336898,
        0.6782863447646382,
        0.6467205984607026,
        0.6570470320112645,
        0.6702398635025245,
        0.6405133563958907,
        0.6539939155059598,
        0.640445718709874,
        0.6462234278503155,
        0.6413257825360962,
        0.6379776297069807,
        0.6374257284783045,
        0.6380641808953729,
        0.5829057747488492
    ],
    "train_acc": [
        0.1213,
        0.8106333333333333,
        0.8328833333333333,
        0.8317666666666667,
        0.8262833333333334,
        0.7899,
        0.7828666666666667,
        0.7849,
        0.8122333333333334,
        0.8218166666666666,
        0.8240333333333333,
        0.8341666666666666,
        0.8191666666666667,
        0.8133333333333334,
        0.8059666666666667,
        0.8274166666666667,
        0.8149333333333333,
        0.81615,
        0.8009166666666667,
        0.8212166666666667,
        0.8288833333333333,
        0.8206833333333333,
        0.7968,
        0.8077,
        0.8312166666666667
    ],
    "test_loss": [
        2.2965717933654783,
        0.7997558262646198,
        0.7934525664157234,
        0.8251139312861138,
        0.887604309092462,
        0.9730648077107966,
        1.0580052784115077,
        1.0921632163044066,
        0.8845406963583082,
        0.8597236186362177,
        1.009250095586211,
        1.047629845455673,
        0.9582629737446768,
        1.0133732358607914,
        1.0347753747907642,
        1.1250789944029356,
        1.2081969984414056,
        1.274461411885764,
        1.2506184086679437,
        1.393780956224884,
        1.410489964362884,
        1.4019007523315206,
        1.3209461418742048,
        1.2835822968879729,
        1.2418847912679891
    ],
    "test_acc": [
        0.1282,
        0.8089,
        0.8134,
        0.8406,
        0.7601,
        0.7809,
        0.8113,
        0.7977,
        0.8318,
        0.8094,
        0.8203,
        0.8274,
        0.7934,
        0.8087,
        0.8173,
        0.8227,
        0.7575,
        0.8049,
        0.8138,
        0.8206,
        0.8211,
        0.8081,
        0.7989,
        0.8038,
        0.8321
    ]
}