{
    "train_loss": [
        2.305034884007772,
        0.3196707387642392,
        0.19429372120336824,
        0.15454833407662905,
        0.1290499220889805,
        0.1127461647886926,
        0.10133829959861536,
        0.09189727183611904,
        0.08154461747174917,
        0.07513228940150078,
        0.06791918316644951,
        0.062130560071354625,
        0.058591532007724434,
        0.0530773527317854,
        0.04865987990024538,
        0.04618256822835477,
        0.0431062474963008,
        0.038983616085869706,
        0.03654889133392164,
        0.03246216989840283,
        0.030708078448365657,
        0.029121068358827322,
        0.026613129287691162,
        0.02471070080552655,
        0.022599697702308394
    ],
    "train_acc": [
        0.07181666666666667,
        0.9155333333333333,
        0.9487833333333333,
        0.9576666666666667,
        0.965,
        0.9676166666666667,
        0.9719666666666666,
        0.9743333333333334,
        0.9769,
        0.9787833333333333,
        0.9800666666666666,
        0.9819333333333333,
        0.98295,
        0.9843666666666666,
        0.9853833333333334,
        0.9861166666666666,
        0.9866666666666667,
        0.9884833333333334,
        0.9893666666666666,
        0.9901833333333333,
        0.9906333333333334,
        0.9909666666666667,
        0.9916333333333334,
        0.9927,
        0.9931666666666666
    ],
    "test_loss": [
        2.3044456077575686,
        0.2462963247829117,
        0.22100685250076932,
        0.22111372618900205,
        0.26285094253070057,
        0.2392254327331453,
        0.2502054648721658,
        0.2868073898260225,
        0.29137062204356673,
        0.3064750982463769,
        0.3152521318479724,
        0.3276382008412695,
        0.34897534296737137,
        0.3664385480726545,
        0.38811917183611383,
        0.4005342692030253,
        0.4417123541622895,
        0.44593261264390677,
        0.47864823514788796,
        0.4876963964059245,
        0.5050550685980377,
        0.5289331982488554,
        0.5455103882436309,
        0.5689165178997984,
        0.5830890800096202
    ],
    "test_acc": [
        0.0753,
        0.9337,
        0.9439,
        0.9522,
        0.9478,
        0.9562,
        0.9569,
        0.954,
        0.9586,
        0.958,
        0.9554,
        0.957,
        0.9577,
        0.9579,
        0.9564,
        0.9575,
        0.9571,
        0.958,
        0.9573,
        0.9564,
        0.958,
        0.9579,
        0.9584,
        0.9574,
        0.9578
    ]
}