{
    "train_loss": [
        2.2972562834421795,
        0.28604099532388305,
        0.17379506435137881,
        0.14381412504599606,
        0.1224157069732824,
        0.10685470883126674,
        0.09257769110769999,
        0.08399551611547158,
        0.06947906866088516,
        0.065920519277028,
        0.06029317138590526,
        0.056418963004919526,
        0.05184350957638588,
        0.04722429204753918,
        0.044220932093146835,
        0.03668320173516051,
        0.03701149734788869,
        0.03399106559234542,
        0.03393572567122385,
        0.031248124567682695,
        0.030432553049740196,
        0.029450453219592675,
        0.025575495218780997,
        0.023615062971957316,
        0.020512021767890316
    ],
    "train_acc": [
        0.1213,
        0.92265,
        0.9548833333333333,
        0.9624666666666667,
        0.9685166666666667,
        0.9728,
        0.97515,
        0.97855,
        0.98115,
        0.9829666666666667,
        0.9839166666666667,
        0.9855166666666667,
        0.9868666666666667,
        0.9871,
        0.9882833333333333,
        0.9899333333333333,
        0.99035,
        0.9908833333333333,
        0.99115,
        0.9916,
        0.9919166666666667,
        0.9925333333333334,
        0.9931666666666666,
        0.9936333333333334,
        0.9944666666666667
    ],
    "test_loss": [
        2.2965717933654783,
        0.21295956483662595,
        0.21537763108927482,
        0.2423262847661681,
        0.24619759673354155,
        0.2597429661844032,
        0.2536943924270108,
        0.2836642143833874,
        0.2991355171092524,
        0.30173058117627344,
        0.3197398983199058,
        0.3354455337233133,
        0.3644738105784496,
        0.37183573652395846,
        0.3784955383644558,
        0.42965517439829043,
        0.417289754771563,
        0.47079885174967157,
        0.4480890484062864,
        0.5056852803923731,
        0.5249295595114088,
        0.5320116027613294,
        0.5546269177570337,
        0.5892773734516606,
        0.5782654713465103
    ],
    "test_acc": [
        0.1282,
        0.9445,
        0.9508,
        0.9486,
        0.9546,
        0.9578,
        0.9605,
        0.9576,
        0.9598,
        0.9612,
        0.9624,
        0.9619,
        0.9638,
        0.9629,
        0.9634,
        0.9623,
        0.9624,
        0.963,
        0.9633,
        0.9626,
        0.963,
        0.9631,
        0.9636,
        0.9633,
        0.9618
    ]
}