{
    "train_loss": [
        2.305034884007772,
        0.3268540137270194,
        0.21316085682425048,
        0.18399271878001025,
        0.15804457942069508,
        0.14428339929649547,
        0.13082610170826098,
        0.1238974063902946,
        0.11771060706523526,
        0.11343017885562699,
        0.10534241030828513,
        0.09971892558342539,
        0.09745748470473169,
        0.09060811466877151,
        0.09239357551272812,
        0.09317670360969632,
        0.0824760378865801,
        0.08224225711455012,
        0.0846823365894743,
        0.07889338390321717,
        0.06746790962044988,
        0.06735215501947306,
        0.06911407767916389,
        0.07788689593444287,
        0.07845903748068618
    ],
    "train_acc": [
        0.07181666666666667,
        0.91175,
        0.9478,
        0.9553,
        0.9622666666666667,
        0.96595,
        0.96935,
        0.9715333333333334,
        0.9731333333333333,
        0.9743666666666667,
        0.9763333333333334,
        0.9782666666666666,
        0.9786166666666667,
        0.9809166666666667,
        0.981,
        0.9810666666666666,
        0.9828166666666667,
        0.9838,
        0.9835666666666667,
        0.9840833333333333,
        0.9865333333333334,
        0.9858,
        0.9863333333333333,
        0.9851166666666666,
        0.9857666666666667
    ],
    "test_loss": [
        2.3044456077575686,
        0.23176409199269254,
        0.24741400850251374,
        0.2517521028411008,
        0.24663293400121575,
        0.26159527661206133,
        0.3262291466517491,
        0.2841614799441178,
        0.3428197548021012,
        0.318155434019597,
        0.3642335651588264,
        0.3746242098039265,
        0.3602787342486306,
        0.416391842076658,
        0.5047942203535666,
        0.448911041445962,
        0.47270660865674635,
        0.5139403230751186,
        0.5373311092889216,
        0.4523409841631159,
        0.5277234117821447,
        0.5131266891864398,
        0.5365310546912864,
        0.5456212957132656,
        0.6912157722676346
    ],
    "test_acc": [
        0.0753,
        0.943,
        0.9471,
        0.9501,
        0.9512,
        0.9567,
        0.9498,
        0.9566,
        0.9553,
        0.9598,
        0.9561,
        0.9522,
        0.9598,
        0.9582,
        0.9536,
        0.9585,
        0.9567,
        0.9563,
        0.9559,
        0.9621,
        0.9609,
        0.9613,
        0.9602,
        0.9623,
        0.9614
    ]
}