{
    "train_loss": [
        2.304665460205078,
        0.8349644024666398,
        0.8620254624168345,
        0.8149302725622544,
        0.78145955833461,
        0.7835921023729187,
        0.7857775975984769,
        0.7876620563102528,
        0.8538245968660882,
        0.8820566755881923,
        0.8787868204850704,
        0.8786617141712922,
        0.8971345437596701,
        0.859051322793255,
        0.865175339978269,
        0.8257076064735651,
        0.8312399669740572,
        0.7940217900089076,
        0.796075606727282,
        0.7992893154610793,
        0.7734718129382779,
        0.7816170439513594,
        0.7870688598328534,
        0.7646940366847446,
        0.7723116235588408
    ],
    "train_acc": [
        0.08203333333333333,
        0.7996,
        0.7867166666666666,
        0.7924166666666667,
        0.81165,
        0.7936,
        0.7990666666666667,
        0.8020666666666667,
        0.7953,
        0.7745,
        0.75975,
        0.751,
        0.7694333333333333,
        0.7623333333333333,
        0.7649833333333333,
        0.7622166666666667,
        0.7637166666666667,
        0.7738,
        0.7834666666666666,
        0.7820333333333334,
        0.7769333333333334,
        0.76325,
        0.7475,
        0.7571166666666667,
        0.7711
    ],
    "test_loss": [
        2.3036648399353026,
        0.8506519561231136,
        0.9603935934576584,
        0.8220521774892193,
        0.8592200618118048,
        0.9904902373045504,
        0.8817903936210038,
        1.060215601336956,
        1.1231492532014846,
        1.1218485282225061,
        1.324203974226788,
        1.280834132170677,
        1.2975171139347714,
        1.3070969448630227,
        1.3914716919939396,
        1.359328360376921,
        1.3080776173036472,
        1.2661520453604929,
        1.3252667399752236,
        1.3148731067738435,
        1.3634852829275765,
        1.3550298796884854,
        1.4133053459283307,
        1.489109867918162,
        1.556410253141863
    ],
    "test_acc": [
        0.0829,
        0.8084,
        0.7806,
        0.8235,
        0.8022,
        0.7939,
        0.7938,
        0.7972,
        0.8015,
        0.7784,
        0.7626,
        0.6887,
        0.7671,
        0.7667,
        0.7688,
        0.7598,
        0.7654,
        0.7785,
        0.7837,
        0.7754,
        0.7671,
        0.7305,
        0.7571,
        0.7372,
        0.7772
    ]
}