{
    "train_loss": [
        2.305674257342021,
        0.30056812049950626,
        0.18284165484852857,
        0.14889475953615097,
        0.11992790581605228,
        0.10036985203650438,
        0.08977501178031772,
        0.08041815634730345,
        0.07146034636379557,
        0.0665488276892349,
        0.058526203218640147,
        0.053907547557483504,
        0.05006804448120514,
        0.04448845346876805,
        0.040794180392413865,
        0.03757470077526008,
        0.03460316795987286,
        0.03172322378336136,
        0.02896704555634192,
        0.026644247765618075,
        0.023996151566654838,
        0.021318746768576806,
        0.019092285247169032,
        0.017211492881554033,
        0.01594346370174473
    ],
    "train_acc": [
        0.10793333333333334,
        0.9206833333333333,
        0.9510833333333333,
        0.96045,
        0.9674,
        0.9718333333333333,
        0.9742666666666666,
        0.9778,
        0.9800166666666666,
        0.9816166666666667,
        0.9836,
        0.9850166666666667,
        0.9865166666666667,
        0.9877833333333333,
        0.9883,
        0.9895333333333334,
        0.9904,
        0.9909833333333333,
        0.9919833333333333,
        0.9926333333333334,
        0.9934666666666667,
        0.9943,
        0.9946666666666667,
        0.99505,
        0.9958
    ],
    "test_loss": [
        2.3052435230255126,
        0.2071972767424537,
        0.21577549552804176,
        0.2046642448962015,
        0.19283775542583317,
        0.21081833235295125,
        0.21765561314841078,
        0.2221615122600888,
        0.24538786718770397,
        0.2463858320164196,
        0.2761106873678386,
        0.28858131328746955,
        0.28531342735660425,
        0.31020301696855523,
        0.3239480701497246,
        0.3476224188509562,
        0.3524856142737358,
        0.3669274549442716,
        0.40401136421105277,
        0.40881664650413296,
        0.424907999348043,
        0.44269566133778354,
        0.45445186402772886,
        0.4668279807268168,
        0.4930409642826091
    ],
    "test_acc": [
        0.1066,
        0.9448,
        0.949,
        0.9509,
        0.9573,
        0.9552,
        0.9595,
        0.9595,
        0.9595,
        0.9628,
        0.9602,
        0.9616,
        0.9629,
        0.9623,
        0.9647,
        0.9626,
        0.9639,
        0.9637,
        0.9627,
        0.9632,
        0.9617,
        0.9628,
        0.9627,
        0.9607,
        0.9621
    ]
}