{
    "train_loss": [
        2.3091942808151247,
        0.4523408984303164,
        0.3078053419908441,
        0.26991423433045175,
        0.25317094431645426,
        0.22710520938876866,
        0.21137129076905167,
        0.20723703793185044,
        0.20888450148055906,
        0.18886910735181298,
        0.18008432931004056,
        0.19320289805593033,
        0.19200875607436202,
        0.18485571585322813,
        0.16425213416029752,
        0.16453168242038393,
        0.15395242407126364,
        0.15744819345418734,
        0.15358873595401568,
        0.14019677253410948,
        0.1412120332212657,
        0.13860616628917757,
        0.1491123941230899,
        0.14766374115904862,
        0.15495827684315858
    ],
    "train_acc": [
        0.1055,
        0.88445,
        0.9281833333333334,
        0.9368833333333333,
        0.9431166666666667,
        0.9489166666666666,
        0.9518833333333333,
        0.95325,
        0.95275,
        0.9562333333333334,
        0.95995,
        0.95645,
        0.9588,
        0.96035,
        0.9616666666666667,
        0.9629666666666666,
        0.9638333333333333,
        0.96505,
        0.9649,
        0.9672166666666666,
        0.9672333333333333,
        0.9678,
        0.96675,
        0.9659666666666666,
        0.9674
    ],
    "test_loss": [
        2.3092392925262453,
        0.31243430247320064,
        0.2963102799925371,
        0.29570479318254983,
        0.3280964119358311,
        0.3665992152851016,
        0.2928355585290227,
        0.324831313495515,
        0.3118908019276511,
        0.2837200255998463,
        0.3126723926153365,
        0.44042018342916117,
        0.33737753848089347,
        0.3594204178929055,
        0.3592363434004271,
        0.36371756992450593,
        0.3879175969849153,
        0.36949587365663455,
        0.3824217542559641,
        0.36493340999699114,
        0.363057690396979,
        0.3948234948123698,
        0.5424285234458124,
        0.4708163621663493,
        0.45628675536402735
    ],
    "test_acc": [
        0.1053,
        0.9174,
        0.9284,
        0.9358,
        0.9346,
        0.9205,
        0.9438,
        0.9447,
        0.944,
        0.9477,
        0.9481,
        0.9456,
        0.9469,
        0.9401,
        0.9507,
        0.9514,
        0.9457,
        0.9494,
        0.9519,
        0.9516,
        0.9468,
        0.9499,
        0.9421,
        0.9494,
        0.9467
    ]
}