{
    "train_loss": [
        2.305034884007772,
        0.4517131005800562,
        0.3265254432062757,
        0.2935898406815228,
        0.2589029175180213,
        0.24364915698621517,
        0.23623625784145513,
        0.21530778370150538,
        0.19381730423607002,
        0.19084897901185652,
        0.18311354577120598,
        0.17908205776522745,
        0.18280282169026896,
        0.1653336424417553,
        0.1589212967201787,
        0.1496133808224799,
        0.1543678655921911,
        0.1445327750705526,
        0.14057004164423928,
        0.14007741982603605,
        0.14269501006353352,
        0.13081901274050292,
        0.13662872773276338,
        0.13953628238959695,
        0.13820172723795396
    ],
    "train_acc": [
        0.07181666666666667,
        0.8835833333333334,
        0.9246,
        0.9337,
        0.9417166666666666,
        0.94365,
        0.9468166666666666,
        0.9518166666666666,
        0.9546666666666667,
        0.9550166666666666,
        0.9587333333333333,
        0.9592666666666667,
        0.9599166666666666,
        0.9614833333333334,
        0.9630166666666666,
        0.9651333333333333,
        0.9638333333333333,
        0.9662666666666667,
        0.9671833333333333,
        0.9659833333333333,
        0.9675333333333334,
        0.9685833333333334,
        0.9680333333333333,
        0.9686833333333333,
        0.9689666666666666
    ],
    "test_loss": [
        2.3044456077575686,
        0.2970613528831047,
        0.367597734019527,
        0.30449398050071597,
        0.3240129418641889,
        0.31186731449628013,
        0.3206473560682056,
        0.3368063178018534,
        0.3185108083298009,
        0.33053777012632474,
        0.29523761499954415,
        0.33363217967137054,
        0.36633015835857957,
        0.35173768112745357,
        0.33537739981080383,
        0.38085446238373666,
        0.42370916547993276,
        0.37448242980133845,
        0.3684760429025686,
        0.347243532543385,
        0.4036111056726513,
        0.3813220170967408,
        0.4729670506734812,
        0.49238389043372743,
        0.4576078612855704
    ],
    "test_acc": [
        0.0753,
        0.9256,
        0.9148,
        0.9374,
        0.9254,
        0.9418,
        0.9397,
        0.9459,
        0.9458,
        0.9429,
        0.9486,
        0.9457,
        0.9487,
        0.9428,
        0.9538,
        0.9447,
        0.9499,
        0.9535,
        0.9538,
        0.9502,
        0.9519,
        0.9532,
        0.9507,
        0.9511,
        0.946
    ]
}