{
    "train_loss": [
        2.3047236925125123,
        0.33989584455685107,
        0.22418916691044177,
        0.19030622870851693,
        0.17790493774140856,
        0.16520144006110252,
        0.1582925803818321,
        0.14740813949654505,
        0.13910956222355672,
        0.1354652033620094,
        0.12482475596010598,
        0.11815334272368751,
        0.11917109404648048,
        0.12996467880648063,
        0.1182710924642936,
        0.10576661560865393,
        0.09479300870314201,
        0.09871260285296601,
        0.09054631465008313,
        0.09677922522142055,
        0.1190078865350912,
        0.10648727046684366,
        0.11272481662311357,
        0.08524805561779908,
        0.09179270189168706
    ],
    "train_acc": [
        0.09708333333333333,
        0.9113,
        0.9453,
        0.9551833333333334,
        0.9592333333333334,
        0.9614833333333334,
        0.9650666666666666,
        0.96735,
        0.9688333333333333,
        0.9709333333333333,
        0.9726833333333333,
        0.9743166666666667,
        0.97415,
        0.9734833333333334,
        0.9755166666666667,
        0.9776833333333333,
        0.9796,
        0.9799,
        0.9806333333333334,
        0.9801166666666666,
        0.9786,
        0.9793166666666666,
        0.9796166666666667,
        0.98245,
        0.9829166666666667
    ],
    "test_loss": [
        2.304498468017578,
        0.25381898710080425,
        0.2634004249702193,
        0.3074070490060044,
        0.23030242551790484,
        0.3067566822236675,
        0.30822594192559866,
        0.2943626898584944,
        0.3424674837759305,
        0.32517892953516886,
        0.36980769485007053,
        0.37392927187555663,
        0.38795420130583613,
        0.39990863541687305,
        0.43658803542984276,
        0.4295172570708343,
        0.43127645578401336,
        0.4650405910078563,
        0.4947130422481403,
        0.5398452348289965,
        0.5398165942390659,
        0.5504122484582331,
        0.47437807271019955,
        0.6282332843384291,
        0.5550455482023223
    ],
    "test_acc": [
        0.0999,
        0.9387,
        0.9443,
        0.9377,
        0.9575,
        0.9488,
        0.9509,
        0.956,
        0.948,
        0.9551,
        0.9514,
        0.9539,
        0.9521,
        0.9579,
        0.9587,
        0.9578,
        0.9591,
        0.9572,
        0.9577,
        0.9566,
        0.9604,
        0.9545,
        0.961,
        0.9574,
        0.9586
    ]
}