{
    "train_loss": [
        2.2988321739832562,
        0.30312121216653226,
        0.18623031799542028,
        0.15010259825970254,
        0.12811343685772367,
        0.11232166027140143,
        0.10009083222980183,
        0.08998412066881842,
        0.07906979488331706,
        0.07330752461145282,
        0.06578545108986245,
        0.05999910542840274,
        0.05444495400847925,
        0.050615536009334605,
        0.04678733413440022,
        0.042024159649682015,
        0.038788087946235096,
        0.035002723111431114,
        0.03185146834308714,
        0.028559059781586273,
        0.027376175644064686,
        0.02408938718357872,
        0.02240091350395245,
        0.020160966431201383,
        0.019273922614933284
    ],
    "train_acc": [
        0.16486666666666666,
        0.9185666666666666,
        0.9511166666666667,
        0.9599333333333333,
        0.9653,
        0.9696833333333333,
        0.9733833333333334,
        0.9753833333333334,
        0.9783666666666667,
        0.97965,
        0.9818833333333333,
        0.9837833333333333,
        0.98445,
        0.98595,
        0.9871166666666666,
        0.9880666666666666,
        0.9889333333333333,
        0.9901833333333333,
        0.9903833333333333,
        0.9914333333333334,
        0.9923,
        0.9934,
        0.9936333333333334,
        0.9942166666666666,
        0.9944166666666666
    ],
    "test_loss": [
        2.2975090656280517,
        0.21823823209395632,
        0.1981656621536051,
        0.19144826160641318,
        0.20323804593953537,
        0.2357556421490811,
        0.22419164315299572,
        0.22191696039258005,
        0.2537633585124709,
        0.2626269332218759,
        0.2833195273665597,
        0.29974852542748964,
        0.31380390721115753,
        0.31930042336999,
        0.3396060873481984,
        0.35225804838154073,
        0.36929064238567416,
        0.38918498892917053,
        0.40873766026726094,
        0.42767012639451624,
        0.42966644020256406,
        0.4559004833330273,
        0.4650525656238658,
        0.4920474709990003,
        0.5035920519336176
    ],
    "test_acc": [
        0.167,
        0.9424,
        0.9522,
        0.9559,
        0.9585,
        0.9542,
        0.9596,
        0.9606,
        0.9609,
        0.9616,
        0.9594,
        0.9589,
        0.9593,
        0.9604,
        0.9604,
        0.9628,
        0.9603,
        0.9609,
        0.9608,
        0.9606,
        0.9618,
        0.9615,
        0.9613,
        0.961,
        0.9609
    ]
}