{
    "train_loss": [
        2.304665460205078,
        0.27038744173562057,
        0.1679419151168233,
        0.12978703867897665,
        0.10842815394866784,
        0.09609722016497647,
        0.08445559484532211,
        0.07317230224529576,
        0.06892357853995172,
        0.06406783276726492,
        0.050541222135080804,
        0.04904766744702237,
        0.04109729326759578,
        0.038097502806132215,
        0.035925218101503995,
        0.035200554088934424,
        0.03650693608538856,
        0.0279379328394992,
        0.02991093179124373,
        0.023555843587078736,
        0.02631871804926772,
        0.026662328168158018,
        0.02918939706278818,
        0.021248768369284396,
        0.02059904144031119
    ],
    "train_acc": [
        0.08203333333333333,
        0.9269333333333334,
        0.9567833333333333,
        0.967,
        0.9725833333333334,
        0.9762666666666666,
        0.9788333333333333,
        0.9819666666666667,
        0.9822833333333333,
        0.9849333333333333,
        0.9871833333333333,
        0.9877166666666667,
        0.9893833333333333,
        0.9902333333333333,
        0.9913,
        0.9916833333333334,
        0.9915333333333334,
        0.9927666666666667,
        0.99295,
        0.99395,
        0.9941,
        0.9939833333333333,
        0.9936333333333334,
        0.9954166666666666,
        0.9953833333333333
    ],
    "test_loss": [
        2.3036648399353026,
        0.18369778001281667,
        0.21227833289093798,
        0.21513937136019154,
        0.21548521862251704,
        0.22668558004650152,
        0.24406894274368637,
        0.2834953474587257,
        0.26518612544472064,
        0.315980838393213,
        0.336443781461179,
        0.34626272547246645,
        0.3725509084530041,
        0.404478836342695,
        0.4208683431818154,
        0.42818336939364215,
        0.44893644152161105,
        0.4894901290876523,
        0.5126713117776345,
        0.54981624722396,
        0.5566060634360448,
        0.5054513523155941,
        0.5676982480202833,
        0.6320703054458587,
        0.6290158172994877
    ],
    "test_acc": [
        0.0829,
        0.9518,
        0.954,
        0.9566,
        0.9584,
        0.9619,
        0.9628,
        0.9633,
        0.962,
        0.9641,
        0.9629,
        0.9629,
        0.9643,
        0.9662,
        0.9661,
        0.9673,
        0.9665,
        0.9642,
        0.9656,
        0.9653,
        0.966,
        0.9695,
        0.9663,
        0.9663,
        0.9668
    ]
}