{
    "train_loss": [
        2.2972562834421795,
        0.33295840744479793,
        0.22916583075373836,
        0.19629719783540617,
        0.17809372193167178,
        0.16529717511121894,
        0.1480534622182838,
        0.1532596650183161,
        0.13985213716209988,
        0.12311698617893119,
        0.12294639520907351,
        0.12520368878271917,
        0.11567194665916122,
        0.11165165987615831,
        0.10790560452290204,
        0.10125478349603063,
        0.0987084208833494,
        0.10392285002386895,
        0.09471042473950055,
        0.09905285032915362,
        0.09967265102437965,
        0.09232749029782611,
        0.08491908716666635,
        0.08813024082858678,
        0.09107696194830806
    ],
    "train_acc": [
        0.1213,
        0.9122666666666667,
        0.9443333333333334,
        0.9519333333333333,
        0.9583833333333334,
        0.9602166666666667,
        0.9651333333333333,
        0.9653833333333334,
        0.96825,
        0.97115,
        0.9723666666666667,
        0.9723166666666667,
        0.9741833333333333,
        0.9760666666666666,
        0.9772833333333333,
        0.97695,
        0.9790333333333333,
        0.9788166666666667,
        0.9800666666666666,
        0.9793333333333333,
        0.9799833333333333,
        0.9811833333333333,
        0.9827166666666667,
        0.9820333333333333,
        0.9819333333333333
    ],
    "test_loss": [
        2.2965717933654783,
        0.2436666685025324,
        0.2540231487292709,
        0.24784465749699047,
        0.28807355155219194,
        0.30760375879257656,
        0.28026001684511287,
        0.2972544559508903,
        0.35278967406322675,
        0.31503110385155253,
        0.31797981368068123,
        0.36542508367569737,
        0.3641096503108075,
        0.38689321347650774,
        0.35899920648941414,
        0.38813915402513766,
        0.39180162808323216,
        0.3892121399500376,
        0.4456700102907074,
        0.49139393510635965,
        0.4978869878485799,
        0.5192882878283772,
        0.529152519456552,
        0.4664225757320088,
        0.5283598836147775
    ],
    "test_acc": [
        0.1282,
        0.9356,
        0.942,
        0.9509,
        0.9416,
        0.9472,
        0.9539,
        0.9543,
        0.9453,
        0.9585,
        0.9575,
        0.9549,
        0.9584,
        0.9589,
        0.9557,
        0.9604,
        0.9557,
        0.9616,
        0.9567,
        0.9594,
        0.9594,
        0.9628,
        0.9598,
        0.9586,
        0.9617
    ]
}