{
    "train_loss": [
        2.3091942808151247,
        0.30340326875618584,
        0.1878153186385641,
        0.15066303728680064,
        0.12704957712515,
        0.11126857667593314,
        0.09613337130671576,
        0.08944413933192821,
        0.0804694465935376,
        0.06915243460415407,
        0.06544554876477264,
        0.06561606438230545,
        0.06043944902567898,
        0.051163475554062046,
        0.049082031411251774,
        0.04612476569352687,
        0.040442697466388886,
        0.041220624784191036,
        0.037037190053748247,
        0.04378501079579496,
        0.03813270021976915,
        0.04003984847052029,
        0.029314161754185285,
        0.0312872420019879,
        0.03220575387878297
    ],
    "train_acc": [
        0.1055,
        0.9189,
        0.9531833333333334,
        0.9622833333333334,
        0.9682,
        0.9720666666666666,
        0.9752166666666666,
        0.97745,
        0.97985,
        0.9823833333333334,
        0.9832666666666666,
        0.9836833333333334,
        0.9848666666666667,
        0.9869166666666667,
        0.9881666666666666,
        0.9886833333333334,
        0.9904333333333334,
        0.9898,
        0.9909833333333333,
        0.9899333333333333,
        0.9907833333333333,
        0.9905666666666667,
        0.9926,
        0.9923833333333333,
        0.9927333333333334
    ],
    "test_loss": [
        2.3092392925262453,
        0.22676482649236568,
        0.2404238704663534,
        0.2198458341512506,
        0.24312638970909994,
        0.2830311859256388,
        0.2683386618827481,
        0.3341955021166968,
        0.32095222925459965,
        0.35107824809621035,
        0.35561225697029875,
        0.4004500421082072,
        0.41568053626221196,
        0.46070554703016914,
        0.49233113184843613,
        0.4909968517917895,
        0.467862837603767,
        0.5177756687886879,
        0.5485322463693,
        0.5227797577708213,
        0.6177253080313807,
        0.6120118434683741,
        0.6330300061155205,
        0.645167586990722,
        0.6734227294092778
    ],
    "test_acc": [
        0.1053,
        0.9438,
        0.9511,
        0.9569,
        0.9591,
        0.95,
        0.9568,
        0.9583,
        0.9584,
        0.9592,
        0.9573,
        0.9611,
        0.9582,
        0.9589,
        0.962,
        0.9604,
        0.9636,
        0.9627,
        0.9622,
        0.9622,
        0.9606,
        0.9618,
        0.9644,
        0.9634,
        0.9648
    ]
}