{
    "train_loss": [
        2.3051901514689126,
        0.33012387950651656,
        0.20177327525283956,
        0.16669267053647271,
        0.14276328647614986,
        0.1289968210278009,
        0.1113981371920108,
        0.0997136268438754,
        0.09491368537294335,
        0.08630055257332121,
        0.08082716255952413,
        0.07367777179461374,
        0.06427472524443704,
        0.061487983122988345,
        0.058957857346965466,
        0.05027199341463637,
        0.051471785278305995,
        0.04818719108002984,
        0.050467286978662595,
        0.047647139637763576,
        0.04279220580436677,
        0.04208339807709433,
        0.04158575773771869,
        0.03815183275432589,
        0.04028831566940686
    ],
    "train_acc": [
        0.07936666666666667,
        0.9114,
        0.9492166666666667,
        0.9582,
        0.9640166666666666,
        0.9672833333333334,
        0.9713666666666667,
        0.9735833333333334,
        0.9753333333333334,
        0.9778,
        0.9790333333333333,
        0.98035,
        0.9831333333333333,
        0.9835333333333334,
        0.9851666666666666,
        0.9862833333333333,
        0.9867333333333334,
        0.9871333333333333,
        0.9868833333333333,
        0.9877833333333333,
        0.9882833333333333,
        0.9886666666666667,
        0.9892666666666666,
        0.9899666666666667,
        0.9892833333333333
    ],
    "test_loss": [
        2.3060512508392335,
        0.2557768122162786,
        0.24325269003770372,
        0.28983912388599165,
        0.22577113239905616,
        0.24124450633806818,
        0.26089657308490316,
        0.2857971804228628,
        0.27324295854238456,
        0.29320867152628666,
        0.31365966976794896,
        0.3197604406442669,
        0.3434279812604168,
        0.33780945825343706,
        0.3847135299137045,
        0.4003012832032771,
        0.4118350208401318,
        0.4220475626761483,
        0.4889908154295626,
        0.45093117556961615,
        0.5003222611428848,
        0.4914356014887342,
        0.5457023314997724,
        0.5917681469289325,
        0.6048314007581858
    ],
    "test_acc": [
        0.077,
        0.936,
        0.9456,
        0.9449,
        0.9553,
        0.957,
        0.9557,
        0.9544,
        0.9584,
        0.9578,
        0.9568,
        0.9598,
        0.9611,
        0.9576,
        0.9597,
        0.9595,
        0.9609,
        0.9606,
        0.9549,
        0.9623,
        0.9608,
        0.9599,
        0.9585,
        0.9559,
        0.9589
    ]
}