{
    "train_loss": [
        2.304665460205078,
        0.32288227995452906,
        0.209893565802158,
        0.1735345548161114,
        0.14571750937698041,
        0.13596334981490316,
        0.12699717610919248,
        0.11635813324417647,
        0.1095519016246797,
        0.10174307668333919,
        0.10229711101295808,
        0.08865388989687817,
        0.08977782761066465,
        0.08243910080814605,
        0.08650718220809513,
        0.07903629830130816,
        0.0733820557195687,
        0.06952755526998886,
        0.06939141240103094,
        0.06867619036650227,
        0.08041582818819124,
        0.07632319894118982,
        0.0760780424741565,
        0.0662974524271953,
        0.08752685295990321
    ],
    "train_acc": [
        0.08203333333333333,
        0.9149333333333334,
        0.9482666666666667,
        0.9588166666666667,
        0.96435,
        0.9667166666666667,
        0.9706833333333333,
        0.9725333333333334,
        0.9740166666666666,
        0.9762666666666666,
        0.97705,
        0.9792166666666666,
        0.9796666666666667,
        0.9812166666666666,
        0.9808666666666667,
        0.9819166666666667,
        0.9836,
        0.98445,
        0.9843,
        0.9844833333333334,
        0.9839333333333333,
        0.98475,
        0.9848833333333333,
        0.9857833333333333,
        0.9842
    ],
    "test_loss": [
        2.3036648399353026,
        0.2477437426656368,
        0.24045069096414481,
        0.2516819168999195,
        0.2846300472289182,
        0.2548872960054504,
        0.24391302882169238,
        0.2625596643077523,
        0.30058465061883843,
        0.31582512075017527,
        0.32424579307937684,
        0.29748474640541755,
        0.3544223246780507,
        0.35664138181615845,
        0.35944121481719044,
        0.3994205656180993,
        0.4089102372645249,
        0.43985278057389243,
        0.43675999206008237,
        0.5060191683280957,
        0.4702013513865032,
        0.4636479485725713,
        0.48335044093443014,
        0.5941937077056366,
        0.5788255159165732
    ],
    "test_acc": [
        0.0829,
        0.9367,
        0.9501,
        0.9492,
        0.9494,
        0.9556,
        0.9553,
        0.9603,
        0.957,
        0.9546,
        0.9601,
        0.9606,
        0.9473,
        0.9595,
        0.9629,
        0.959,
        0.9634,
        0.9619,
        0.9616,
        0.9586,
        0.959,
        0.9593,
        0.9606,
        0.9599,
        0.9606
    ]
}