{
    "train_loss": [
        2.305674257342021,
        0.7275925149776041,
        0.677518029181601,
        0.6827257889473219,
        0.6443304782312674,
        0.6220426571640962,
        0.6273651871228666,
        0.6592246845825563,
        0.6406383306159017,
        0.6688644262578018,
        0.6601316880131122,
        0.6853221608396195,
        0.6732924998614874,
        0.6610011507294453,
        0.6726851068971363,
        0.6397179359078068,
        0.6923294686564009,
        0.660011265849813,
        0.6926985662748915,
        0.6645049573470986,
        0.6668007526088013,
        0.661040115497284,
        0.6593885809233206,
        0.6505852339414533,
        0.6337949606168681
    ],
    "train_acc": [
        0.10793333333333334,
        0.83025,
        0.8289166666666666,
        0.8339333333333333,
        0.83785,
        0.8444666666666667,
        0.8400666666666666,
        0.82505,
        0.8227666666666666,
        0.8270166666666666,
        0.8083666666666667,
        0.8044,
        0.8149,
        0.8131833333333334,
        0.8252833333333334,
        0.8141333333333334,
        0.8312666666666667,
        0.7978333333333333,
        0.8086166666666667,
        0.8302833333333334,
        0.8252333333333334,
        0.8022166666666667,
        0.8078333333333333,
        0.7986833333333333,
        0.8281666666666667
    ],
    "test_loss": [
        2.3052435230255126,
        0.6512880573418006,
        0.6784256913207471,
        0.7240507581695914,
        0.7129277258621994,
        0.6921599222292425,
        0.7578530977341291,
        0.7710788026712974,
        0.8200557128443061,
        0.8207939494479622,
        0.8220769837493251,
        0.8965148413880297,
        0.8711098483644979,
        0.7957724609856236,
        0.839176910451788,
        0.990183138876765,
        0.8984285586831745,
        0.8340407496432326,
        0.858605840596258,
        1.0196013548381324,
        0.9667684381674182,
        0.9147094876010815,
        0.8743772190057363,
        0.9160871786258611,
        0.9652368376097656
    ],
    "test_acc": [
        0.1066,
        0.8411,
        0.8416,
        0.8281,
        0.8485,
        0.8142,
        0.8172,
        0.8405,
        0.8368,
        0.8281,
        0.8021,
        0.8096,
        0.8185,
        0.8252,
        0.8189,
        0.833,
        0.8196,
        0.8048,
        0.8225,
        0.8276,
        0.8136,
        0.8095,
        0.8103,
        0.8219,
        0.8373
    ]
}