{
    "train_loss": [
        2.3047236925125123,
        0.8113346281599253,
        0.8128887354615766,
        0.8322828001574614,
        0.8402756775508011,
        0.8768425673871941,
        0.8126286068274484,
        0.7414553592334502,
        0.7569520744457375,
        0.7847280708363726,
        0.7740989914071436,
        0.7924939487884081,
        0.7512514867352943,
        0.7796403633064203,
        0.7709681993417888,
        0.7947687237690494,
        0.7728614897861668,
        0.7664244684916921,
        0.7570779608108084,
        0.7699392577868799,
        0.797267979824448,
        0.697166808054083,
        0.6690057460368828,
        0.7204691471499314,
        0.7219523232186296
    ],
    "train_acc": [
        0.09708333333333333,
        0.8037333333333333,
        0.8028166666666666,
        0.8117166666666666,
        0.7729166666666667,
        0.7861,
        0.7904666666666667,
        0.7973166666666667,
        0.8031666666666667,
        0.7802833333333333,
        0.7673,
        0.78915,
        0.7886166666666666,
        0.7485666666666667,
        0.7783833333333333,
        0.7757833333333334,
        0.79935,
        0.7907833333333333,
        0.7849166666666667,
        0.78805,
        0.7870833333333334,
        0.81095,
        0.8104833333333333,
        0.80595,
        0.7989333333333334
    ],
    "test_loss": [
        2.304498468017578,
        0.7718020538568787,
        0.8234325292434543,
        0.8487112202525139,
        1.1501543181162386,
        0.9681692168469541,
        1.0757439315362645,
        0.9565065576041117,
        0.9374049558654427,
        0.9254886970728636,
        1.0398377856490844,
        1.2081916706660354,
        1.0763846958070993,
        1.038528507398814,
        1.2052039891101303,
        1.1677341373493975,
        1.134000200998783,
        1.2852616841737647,
        1.2898997682976536,
        1.3938226724415261,
        1.398083511127515,
        1.156638543602915,
        1.101190885163541,
        1.180998992973938,
        1.1273241398946727
    ],
    "test_acc": [
        0.0999,
        0.8386,
        0.8223,
        0.8128,
        0.7562,
        0.7985,
        0.8059,
        0.8055,
        0.7989,
        0.732,
        0.7897,
        0.779,
        0.7494,
        0.779,
        0.7106,
        0.7888,
        0.7824,
        0.7824,
        0.7835,
        0.7794,
        0.7848,
        0.8145,
        0.8027,
        0.8044,
        0.7917
    ]
}