{
    "train_loss": [
        2.2988321739832562,
        0.3461633966115381,
        0.2197447717420304,
        0.18680238785310863,
        0.16938642217434102,
        0.14932585117415267,
        0.1386500212072287,
        0.1391387033543357,
        0.13239660170300646,
        0.11778328672341908,
        0.12449909949909661,
        0.1086432477305245,
        0.10784836331919244,
        0.0994954627979518,
        0.09874704824614836,
        0.10078047369493232,
        0.09547016250756385,
        0.09313398495010124,
        0.088448736379077,
        0.0871929085450199,
        0.08241657633202307,
        0.07595505996134266,
        0.08719674236818319,
        0.07723285720317298,
        0.08564869029837797
    ],
    "train_acc": [
        0.16486666666666666,
        0.9099833333333334,
        0.9458166666666666,
        0.9538,
        0.9600833333333333,
        0.9637166666666667,
        0.9668333333333333,
        0.9677,
        0.9691333333333333,
        0.9717166666666667,
        0.9712666666666666,
        0.9740833333333333,
        0.9755166666666667,
        0.9770833333333333,
        0.9776166666666667,
        0.97705,
        0.9779833333333333,
        0.9793166666666666,
        0.9799833333333333,
        0.9801333333333333,
        0.9816,
        0.9824,
        0.9819666666666667,
        0.9829,
        0.98235
    ],
    "test_loss": [
        2.2975090656280517,
        0.27708838889189064,
        0.2571217190904848,
        0.26066396066206055,
        0.27357661673943595,
        0.2811962762867941,
        0.3149031008815271,
        0.2922073075705658,
        0.4345937304991427,
        0.2930369646266714,
        0.31361806060620834,
        0.3095815837283819,
        0.38722249707700646,
        0.32971957351232967,
        0.37895990061759355,
        0.3412690385986606,
        0.3959216091914728,
        0.390440692855008,
        0.4035340541582228,
        0.44530669988998817,
        0.38287236426700477,
        0.4396466119265593,
        0.46603225018252387,
        0.5152208638613917,
        0.5002384049760342
    ],
    "test_acc": [
        0.167,
        0.9284,
        0.9436,
        0.9444,
        0.9484,
        0.9499,
        0.9544,
        0.9544,
        0.9318,
        0.9508,
        0.9532,
        0.9544,
        0.9567,
        0.9588,
        0.9565,
        0.9605,
        0.9553,
        0.9582,
        0.9574,
        0.9556,
        0.96,
        0.9584,
        0.9588,
        0.9562,
        0.9557
    ]
}