{
    "train_loss": [
        2.2988321739832562,
        0.7681124406718028,
        0.8080525351735336,
        0.7981566395426479,
        0.7652202199922661,
        0.7343224703201131,
        0.7397647347006636,
        0.7299231734895768,
        0.7205859259534082,
        0.7854018341217928,
        0.8052285082151478,
        0.7496133511549633,
        0.7572553221774215,
        0.7319280256000184,
        0.7096087373903434,
        0.7246741409726131,
        0.7066553173836245,
        0.6918739894166593,
        0.6734016534804425,
        0.653229210066419,
        0.6619023298221389,
        0.6543789399817931,
        0.6418137263010185,
        0.6810969984338001,
        0.6797042217559356
    ],
    "train_acc": [
        0.16486666666666666,
        0.8255833333333333,
        0.80075,
        0.8212,
        0.7969333333333334,
        0.8369166666666666,
        0.8222,
        0.8416666666666667,
        0.8058333333333333,
        0.7946166666666666,
        0.8087166666666666,
        0.7675,
        0.80295,
        0.8104666666666667,
        0.7859,
        0.7825,
        0.7878333333333334,
        0.79845,
        0.8138666666666666,
        0.8253833333333334,
        0.8284666666666667,
        0.8242666666666667,
        0.8044,
        0.79705,
        0.7874333333333333
    ],
    "test_loss": [
        2.2975090656280517,
        0.8178127815067768,
        0.8698093876510858,
        0.8992305630452931,
        0.7990504024028778,
        0.7865027582973242,
        0.8527481636609533,
        0.774753547155601,
        0.8729949730886379,
        0.9794173972157761,
        1.039271448221989,
        1.067563079702314,
        1.1170119766531308,
        1.0400200522425345,
        1.0306790953252438,
        1.034659065073534,
        0.9965087261537672,
        0.9663508991961324,
        1.019940513818007,
        1.1008918861282975,
        1.1054102974659297,
        1.113408370729722,
        1.2269080548506692,
        1.272780286596715,
        1.2398839988142731
    ],
    "test_acc": [
        0.167,
        0.8085,
        0.7459,
        0.834,
        0.8441,
        0.8249,
        0.828,
        0.8154,
        0.787,
        0.7932,
        0.7925,
        0.7762,
        0.8054,
        0.7924,
        0.7741,
        0.7824,
        0.7881,
        0.803,
        0.8178,
        0.8258,
        0.8237,
        0.8191,
        0.8105,
        0.7681,
        0.7819
    ]
}