{
    "train_loss": [
        2.3056429417292277,
        0.30857360314999244,
        0.18764536965688847,
        0.1473259159838645,
        0.123832473416974,
        0.10794154694584898,
        0.0942257371059622,
        0.0856120261461232,
        0.0779315647437723,
        0.0708548833297892,
        0.06262575799085433,
        0.0574620436394777,
        0.05401875817650299,
        0.04908854541716332,
        0.045507173879658316,
        0.04141729188484952,
        0.036464248557399284,
        0.03257091764101586,
        0.03102880839091496,
        0.028594919459184336,
        0.02567522431342657,
        0.02407592393969913,
        0.02152842970700642,
        0.0193108479030818,
        0.018061757693545472
    ],
    "train_acc": [
        0.07833333333333334,
        0.9173833333333333,
        0.949,
        0.9601666666666666,
        0.9650666666666666,
        0.9699,
        0.9728333333333333,
        0.9758333333333333,
        0.9776166666666667,
        0.9794333333333334,
        0.9817166666666667,
        0.98285,
        0.9839666666666667,
        0.9855833333333334,
        0.98675,
        0.9883333333333333,
        0.9889166666666667,
        0.9903833333333333,
        0.9906666666666667,
        0.9914833333333334,
        0.9926666666666667,
        0.9929333333333333,
        0.9935666666666667,
        0.9941666666666666,
        0.9946666666666667
    ],
    "test_loss": [
        2.3049506702423095,
        0.2324861737688072,
        0.2259479694063193,
        0.21108442989390677,
        0.21518122470509787,
        0.21526229918262144,
        0.2402327675835906,
        0.2345537374741775,
        0.24467487121717263,
        0.26404465893540313,
        0.2722762817897834,
        0.2856194196036803,
        0.29074286153991197,
        0.32978913015727096,
        0.3390102419465991,
        0.32226097987529884,
        0.35656363964179355,
        0.3788399823838671,
        0.38166948434205766,
        0.40335249644082044,
        0.4200694540587796,
        0.4382162241183926,
        0.4593265520227697,
        0.47101519290331506,
        0.4868971171492906
    ],
    "test_acc": [
        0.0826,
        0.9389,
        0.9505,
        0.9471,
        0.9565,
        0.9571,
        0.9554,
        0.9598,
        0.9602,
        0.9577,
        0.9581,
        0.9595,
        0.9602,
        0.9552,
        0.9576,
        0.9608,
        0.9593,
        0.9611,
        0.9607,
        0.9596,
        0.9594,
        0.958,
        0.9601,
        0.9607,
        0.9601
    ]
}