{
    "train_loss": [
        2.303097758293152,
        0.29959138365450005,
        0.17655533080585034,
        0.13610194894535524,
        0.11330146549050742,
        0.09630307146009974,
        0.08454959899426813,
        0.072421315352062,
        0.06717889427933577,
        0.05862083925011049,
        0.052640306576725485,
        0.04741498815101439,
        0.042779276691535355,
        0.03819189241281802,
        0.034186748914008025,
        0.031118679283917965,
        0.02831691258333317,
        0.02542036571253962,
        0.023974129134614088,
        0.02221132638539504,
        0.020695919505323335,
        0.017661465687522863,
        0.017545529157225098,
        0.015878060927813718,
        0.015058389312395741
    ],
    "train_acc": [
        0.10706666666666667,
        0.9195333333333333,
        0.95385,
        0.9635333333333334,
        0.96965,
        0.9737166666666667,
        0.9764833333333334,
        0.97905,
        0.9811166666666666,
        0.98345,
        0.98545,
        0.9864666666666667,
        0.9881833333333333,
        0.98935,
        0.9906,
        0.9914666666666667,
        0.9919833333333333,
        0.9929,
        0.9938,
        0.99375,
        0.9943,
        0.99525,
        0.9951,
        0.9956166666666667,
        0.9959666666666667
    ],
    "test_loss": [
        2.3041049377441407,
        0.23002482804683969,
        0.20745423587501863,
        0.2129988315458372,
        0.22975615392176052,
        0.22898333735357354,
        0.24568032418951646,
        0.25553481725730515,
        0.2657135448814793,
        0.2844222083639279,
        0.31787969901195723,
        0.33365782109411585,
        0.35324511427031796,
        0.36504333163478697,
        0.3873968054414434,
        0.402857522294566,
        0.43377850237858945,
        0.45420053929161913,
        0.4814604372662807,
        0.48541078423754863,
        0.523984591653277,
        0.5294014419627683,
        0.5686295289865672,
        0.5834573120823414,
        0.6017324636573694
    ],
    "test_acc": [
        0.1043,
        0.9387,
        0.9524,
        0.955,
        0.9558,
        0.9589,
        0.9581,
        0.9603,
        0.9616,
        0.9626,
        0.9622,
        0.961,
        0.9611,
        0.9616,
        0.9624,
        0.9626,
        0.9611,
        0.9621,
        0.961,
        0.9619,
        0.962,
        0.9625,
        0.9618,
        0.9607,
        0.9605
    ]
}