{
    "train_loss": [
        2.3047236925125123,
        0.30762884737658314,
        0.18934189057727782,
        0.15656819726821414,
        0.13376685412091538,
        0.11794210192337777,
        0.09999692844368936,
        0.0933232596173124,
        0.08431202731609944,
        0.07901746055372985,
        0.07461157860388327,
        0.06724630018173687,
        0.06429174384809254,
        0.06178367758514208,
        0.05392113938352861,
        0.04664706882136532,
        0.04566743105403059,
        0.046948365924922145,
        0.04362746473643224,
        0.038279496842442154,
        0.03366991327847299,
        0.037005264513234874,
        0.03653553151812143,
        0.034472197376045934,
        0.029466608108454008
    ],
    "train_acc": [
        0.09708333333333333,
        0.9177833333333333,
        0.9510166666666666,
        0.9611333333333333,
        0.96625,
        0.9704666666666667,
        0.9739,
        0.97615,
        0.97805,
        0.9799666666666667,
        0.9818333333333333,
        0.9829666666666667,
        0.9834666666666667,
        0.9841166666666666,
        0.9864333333333334,
        0.9879333333333333,
        0.9881833333333333,
        0.9884,
        0.9895166666666667,
        0.9903333333333333,
        0.9915666666666667,
        0.9914833333333334,
        0.9913,
        0.9919166666666667,
        0.99305
    ],
    "test_loss": [
        2.304498468017578,
        0.21091026161747287,
        0.19988809661574541,
        0.22576814780271962,
        0.20668341151391983,
        0.21255055392977928,
        0.25053268163312387,
        0.23696208089062756,
        0.25842269010927926,
        0.2903713928598062,
        0.32078118920060344,
        0.28823162274001246,
        0.32902194629630505,
        0.33706303916541674,
        0.36258465539225365,
        0.3671962321284617,
        0.37850499770588053,
        0.42634828797354823,
        0.4582809279413416,
        0.4549950317288487,
        0.49229604427898155,
        0.49791006297310914,
        0.5511575259924055,
        0.5203120430580404,
        0.5490887520219184
    ],
    "test_acc": [
        0.0999,
        0.9451,
        0.9535,
        0.9509,
        0.9578,
        0.9569,
        0.9585,
        0.9578,
        0.9618,
        0.9594,
        0.9584,
        0.9608,
        0.9598,
        0.9633,
        0.9629,
        0.9614,
        0.9632,
        0.9625,
        0.9596,
        0.9622,
        0.9627,
        0.9634,
        0.9604,
        0.9653,
        0.9635
    ]
}