{
    "train_loss": [
        2.3051901514689126,
        0.9923014893664684,
        1.069003162020864,
        0.9551107307046652,
        0.9767645702963074,
        1.0311406547588606,
        1.0162660664485068,
        0.9660478252095481,
        0.9359271473914385,
        0.8542116675055702,
        0.8350357558885589,
        0.8167090945354973,
        0.8375277662033245,
        0.8723904656171197,
        0.8659428147681975,
        0.8197206716348767,
        0.8608939062830774,
        0.8765466461738297,
        0.8607842563927794,
        0.8655440682181467,
        0.8250134909699749,
        0.7826099802926493,
        0.7866661798246263,
        0.8008279797046479,
        0.8097991812098713
    ],
    "train_acc": [
        0.07936666666666667,
        0.7512666666666666,
        0.7178833333333333,
        0.7492833333333333,
        0.7165833333333333,
        0.6981333333333334,
        0.7356,
        0.6924333333333333,
        0.7332666666666666,
        0.7565,
        0.7827833333333334,
        0.7578333333333334,
        0.7474333333333333,
        0.7341166666666666,
        0.7488,
        0.7481166666666667,
        0.74735,
        0.7367666666666667,
        0.7220666666666666,
        0.7375833333333334,
        0.75255,
        0.7444833333333334,
        0.7582666666666666,
        0.7517,
        0.7714833333333333
    ],
    "test_loss": [
        2.3060512508392335,
        0.9493220601737499,
        1.0439981740429998,
        0.9437197918588761,
        1.1476578645923872,
        1.1576286321297289,
        1.0501645945405311,
        0.9889758451140899,
        1.0155627650216135,
        0.9333255880417982,
        1.091356440658182,
        1.0383721195953406,
        1.2469008840116642,
        1.3209728879615408,
        1.4187123413459397,
        1.2839041614907911,
        1.3682843911901492,
        1.4190731570768118,
        1.687161395810463,
        1.802353022928306,
        1.9510067337492947,
        2.1578691095030766,
        2.0750496799522224,
        2.157634067867452,
        2.226176509538782
    ],
    "test_acc": [
        0.077,
        0.7541,
        0.7097,
        0.769,
        0.7083,
        0.7253,
        0.7488,
        0.6844,
        0.7406,
        0.7776,
        0.7835,
        0.7308,
        0.7176,
        0.7562,
        0.7298,
        0.7437,
        0.7581,
        0.7002,
        0.7353,
        0.7352,
        0.7622,
        0.7658,
        0.7573,
        0.7765,
        0.7749
    ]
}