{
    "train_loss": [
        2.3056429417292277,
        0.33558364847749667,
        0.22107919798896256,
        0.18877594774438505,
        0.1663203620867555,
        0.14586870659765921,
        0.1375414039305498,
        0.1280886120544515,
        0.11320188244648295,
        0.10676622122723194,
        0.10207727121524864,
        0.09388648895074456,
        0.09435132229172208,
        0.08871095094206273,
        0.10057186580827414,
        0.08665286052964047,
        0.08142143931280435,
        0.0873121475968658,
        0.09264185422559573,
        0.09220429112682976,
        0.08594009884266891,
        0.08753552595937279,
        0.0789064740023569,
        0.08190801097125168,
        0.07884297795293285
    ],
    "train_acc": [
        0.07833333333333334,
        0.9112333333333333,
        0.9458333333333333,
        0.9546333333333333,
        0.9601,
        0.9641,
        0.9677333333333333,
        0.9697833333333333,
        0.9725666666666667,
        0.9747833333333333,
        0.9757,
        0.9777166666666667,
        0.9778833333333333,
        0.9797333333333333,
        0.9792333333333333,
        0.9803833333333334,
        0.9813666666666667,
        0.9809166666666667,
        0.9813,
        0.982,
        0.9831333333333333,
        0.9823166666666666,
        0.9834666666666667,
        0.9842,
        0.9847333333333333
    ],
    "test_loss": [
        2.3049506702423095,
        0.2577830578853493,
        0.23182955817020665,
        0.25284561656646876,
        0.24954870303208082,
        0.2843494800044888,
        0.262279679869555,
        0.2316855093065909,
        0.29164343167932044,
        0.3386203015429499,
        0.3163389601491022,
        0.32914501340162067,
        0.36260209864481624,
        0.37435722874442934,
        0.3666573292046649,
        0.39029427121739735,
        0.5103219095531593,
        0.4759281562907701,
        0.49709369688215693,
        0.4826012768994311,
        0.5150883698593001,
        0.45594593075957773,
        0.47120148001348805,
        0.5386069232529349,
        0.5377103978280737
    ],
    "test_acc": [
        0.0826,
        0.9376,
        0.9493,
        0.9455,
        0.9475,
        0.9528,
        0.9538,
        0.9601,
        0.9495,
        0.9543,
        0.9543,
        0.9595,
        0.9633,
        0.9578,
        0.9598,
        0.9587,
        0.955,
        0.9593,
        0.9599,
        0.9608,
        0.9574,
        0.961,
        0.9624,
        0.9614,
        0.9635
    ]
}