{
    "train_loss": [
        2.2972562834421795,
        0.3155917717950729,
        0.19281502690484825,
        0.15319164993229883,
        0.12724735070774162,
        0.10871162506756486,
        0.09909149813306825,
        0.08818268618218011,
        0.08100607192585389,
        0.07149936166853395,
        0.06423669140774196,
        0.059494826988856726,
        0.05427339694499207,
        0.04953855228189862,
        0.04409543814806373,
        0.04234320751356017,
        0.03891233167258068,
        0.03543903014999634,
        0.033647758834156785,
        0.02983369472256213,
        0.02913447861885666,
        0.027637781953207218,
        0.025202459311989948,
        0.023746520879226806,
        0.022056576378227968
    ],
    "train_acc": [
        0.1213,
        0.9155,
        0.94885,
        0.9583666666666667,
        0.9646666666666667,
        0.9692,
        0.9723666666666667,
        0.9756166666666667,
        0.9778833333333333,
        0.9804833333333334,
        0.9812,
        0.983,
        0.9846833333333334,
        0.9855666666666667,
        0.98675,
        0.9876,
        0.9887333333333334,
        0.9897333333333334,
        0.99025,
        0.9913,
        0.9915833333333334,
        0.9923833333333333,
        0.993,
        0.9932166666666666,
        0.9937666666666667
    ],
    "test_loss": [
        2.2965717933654783,
        0.22657203244022095,
        0.23259451716928162,
        0.22207989629079822,
        0.21264027505341837,
        0.22207116629710416,
        0.24884955600478711,
        0.23785218241511685,
        0.24946987905096138,
        0.26982500312270874,
        0.28625511398289766,
        0.2938347201694834,
        0.30310943974018667,
        0.31951887647371136,
        0.33103293720327326,
        0.3571333820835394,
        0.36213119393047993,
        0.38628615543937905,
        0.40441068331089597,
        0.41531299642311925,
        0.4301239235117817,
        0.45942496146959777,
        0.467954623999864,
        0.47969429844111017,
        0.4895208717502155
    ],
    "test_acc": [
        0.1282,
        0.9347,
        0.946,
        0.9535,
        0.954,
        0.9562,
        0.9562,
        0.9577,
        0.9584,
        0.9565,
        0.9579,
        0.9588,
        0.9596,
        0.9589,
        0.9616,
        0.9604,
        0.9615,
        0.9609,
        0.9618,
        0.9606,
        0.9603,
        0.9603,
        0.9605,
        0.9605,
        0.9609
    ]
}