{
    "train_loss": [
        2.3056429417292277,
        0.46429182594231483,
        0.3353292876951212,
        0.287497236734992,
        0.2639208407607253,
        0.2321669728708291,
        0.21733462764188605,
        0.22538785583166013,
        0.2077317712399773,
        0.19798103701268013,
        0.19067792625653662,
        0.18888727269408095,
        0.1836781126720712,
        0.17741328975883833,
        0.16849142384265756,
        0.1694634321572252,
        0.15421651145627654,
        0.14933964901583882,
        0.14833481672835488,
        0.1535751719235372,
        0.1331892835473074,
        0.14305806966027504,
        0.14687672849285185,
        0.1355379315378351,
        0.13260132558519472
    ],
    "train_acc": [
        0.07833333333333334,
        0.8816833333333334,
        0.92275,
        0.934,
        0.9399833333333333,
        0.94695,
        0.95085,
        0.9503666666666667,
        0.9534833333333333,
        0.9557666666666667,
        0.9580833333333333,
        0.9584833333333334,
        0.9596,
        0.9612166666666667,
        0.9632166666666667,
        0.9622833333333334,
        0.9652666666666667,
        0.9659833333333333,
        0.9674333333333334,
        0.9667,
        0.969,
        0.9686833333333333,
        0.9678833333333333,
        0.9706333333333333,
        0.9705333333333334
    ],
    "test_loss": [
        2.3049506702423095,
        0.28522990788873287,
        0.3270893342304986,
        0.31871333322738943,
        0.2765766027232341,
        0.29275404230027025,
        0.2781921115815712,
        0.3061627348363214,
        0.2988507493320565,
        0.28170646862331933,
        0.30706350819767975,
        0.3783289346550034,
        0.32724730208671365,
        0.3263050372015419,
        0.3005278899990204,
        0.33566169318586453,
        0.33946151562293964,
        0.3691434675925322,
        0.32683501829336503,
        0.34249632491626136,
        0.3431749183993358,
        0.39322924762048633,
        0.36975479703998987,
        0.3539903667363162,
        0.38778045412997425
    ],
    "test_acc": [
        0.0826,
        0.9336,
        0.9254,
        0.9311,
        0.9389,
        0.9443,
        0.946,
        0.9373,
        0.94,
        0.9436,
        0.9473,
        0.9338,
        0.9483,
        0.9496,
        0.948,
        0.9516,
        0.9508,
        0.9531,
        0.955,
        0.9499,
        0.954,
        0.9441,
        0.9514,
        0.9547,
        0.9535
    ]
}