{
    "train_loss": [
        2.305674257342021,
        0.2911737653487459,
        0.1807149554110137,
        0.137751676502058,
        0.12024703824360539,
        0.10340335211586486,
        0.08954665051607441,
        0.08199006688434843,
        0.06789531734771373,
        0.0698606438672886,
        0.0607558803791243,
        0.05614549258425917,
        0.05013454104150096,
        0.047529053711685414,
        0.04147098268066569,
        0.03901790156151826,
        0.03831900000557606,
        0.028943012247946095,
        0.02779769767044518,
        0.026409190832329076,
        0.03028034671750824,
        0.03262590326137071,
        0.02379650866263437,
        0.020175226114954998,
        0.02791874415495674
    ],
    "train_acc": [
        0.10793333333333334,
        0.9206833333333333,
        0.95385,
        0.9641166666666666,
        0.9691666666666666,
        0.9729,
        0.97645,
        0.9790833333333333,
        0.9821833333333333,
        0.9826166666666667,
        0.9845833333333334,
        0.9857,
        0.98715,
        0.9881,
        0.9899666666666667,
        0.9905333333333334,
        0.9908,
        0.9924166666666666,
        0.9932166666666666,
        0.99345,
        0.9930666666666667,
        0.9925166666666667,
        0.9942,
        0.9948,
        0.9934833333333334
    ],
    "test_loss": [
        2.3052435230255126,
        0.2451821992377678,
        0.1958134940832497,
        0.20804687644554323,
        0.23867166525203956,
        0.23045591963148618,
        0.24723792094754085,
        0.2538532020073557,
        0.309974563404223,
        0.32304046880590204,
        0.34892916173249,
        0.36734316682458534,
        0.34463783024574335,
        0.37976562874974895,
        0.40940169548581373,
        0.4352746219436807,
        0.47168997090466047,
        0.47745040597978494,
        0.5019417353628857,
        0.5551425315533636,
        0.5672239654329255,
        0.5719606442439726,
        0.5614605697345354,
        0.6082776097623288,
        0.6010001554522508
    ],
    "test_acc": [
        0.1066,
        0.9399,
        0.9532,
        0.958,
        0.9547,
        0.9594,
        0.9615,
        0.9598,
        0.9608,
        0.96,
        0.9609,
        0.963,
        0.967,
        0.9647,
        0.9632,
        0.9633,
        0.9624,
        0.9636,
        0.9625,
        0.9617,
        0.9611,
        0.965,
        0.9658,
        0.9628,
        0.9646
    ]
}