{
    "train_loss": [
        2.2988321739832562,
        0.29062048088475323,
        0.17985241048677708,
        0.15061839646189293,
        0.12940109933567137,
        0.10854078855226222,
        0.09776941660378272,
        0.08888349523834377,
        0.07722948142821993,
        0.07005957596570665,
        0.06446490369142911,
        0.06008880869041564,
        0.05686962265645644,
        0.048413589280848095,
        0.04665244281431636,
        0.0437546642057748,
        0.03785344640902312,
        0.03938887502533856,
        0.036793337226404196,
        0.03216997845114407,
        0.035028748912825626,
        0.033788943604002454,
        0.0350739296363736,
        0.033463617885447376,
        0.025238044238805237
    ],
    "train_acc": [
        0.16486666666666666,
        0.9211,
        0.9537,
        0.9638166666666667,
        0.9681,
        0.9732833333333333,
        0.9756333333333334,
        0.97855,
        0.9809333333333333,
        0.9819833333333333,
        0.9840166666666667,
        0.9847166666666667,
        0.9865166666666667,
        0.9879333333333333,
        0.9882666666666666,
        0.9895166666666667,
        0.9905333333333334,
        0.9903833333333333,
        0.9911333333333333,
        0.99185,
        0.99145,
        0.9921166666666666,
        0.9918333333333333,
        0.9923666666666666,
        0.9938833333333333
    ],
    "test_loss": [
        2.2975090656280517,
        0.23964894538521767,
        0.24014450738445808,
        0.21073184477109352,
        0.251206232700969,
        0.2606968547752123,
        0.2968599758639395,
        0.2948411740719323,
        0.32470027319650474,
        0.34638016609969835,
        0.370280407789126,
        0.388756257802955,
        0.4037556112428186,
        0.4380205452112091,
        0.437316440186836,
        0.45514430656506477,
        0.4858210285292308,
        0.49236709208779056,
        0.5390591585895884,
        0.5597302632944712,
        0.5760351980389287,
        0.5464086637885548,
        0.6077493561348648,
        0.616665240972697,
        0.6630630051348431
    ],
    "test_acc": [
        0.167,
        0.9357,
        0.9476,
        0.9566,
        0.9566,
        0.9629,
        0.9575,
        0.9585,
        0.9599,
        0.9611,
        0.9603,
        0.9621,
        0.9588,
        0.9627,
        0.9632,
        0.9621,
        0.9632,
        0.9634,
        0.9614,
        0.9621,
        0.9631,
        0.9641,
        0.9619,
        0.9651,
        0.9625
    ]
}