{
    "train_loss": [
        2.303097758293152,
        0.8106271304341964,
        0.7635563935911913,
        0.7249119885858614,
        0.710251063927946,
        0.8382341919209032,
        0.840183663929704,
        0.8521983273668486,
        0.8684071540463716,
        0.8515426665311059,
        0.8485028084791576,
        0.8670589341870819,
        0.8517762785055437,
        0.880829331704524,
        0.8274415744322585,
        0.7975616940617406,
        0.6981559122319125,
        0.7501105039600904,
        0.780387786994502,
        0.7361595092987021,
        0.7712352725493977,
        0.803893793349153,
        0.8058177218393401,
        0.8071084979804233,
        0.7601918262714753
    ],
    "train_acc": [
        0.10706666666666667,
        0.80055,
        0.8206166666666667,
        0.8304333333333334,
        0.8241833333333334,
        0.8061666666666667,
        0.7981333333333334,
        0.7815,
        0.7760166666666667,
        0.7679333333333334,
        0.7803,
        0.7378333333333333,
        0.7434666666666667,
        0.7241166666666666,
        0.7318166666666667,
        0.7786166666666666,
        0.8253166666666667,
        0.7956166666666666,
        0.8122,
        0.7993666666666667,
        0.80215,
        0.7913666666666667,
        0.7876833333333333,
        0.7893166666666667,
        0.7830666666666667
    ],
    "test_loss": [
        2.3041049377441407,
        0.7489667955049314,
        0.7652983836345375,
        0.6930676572337746,
        0.9219482859308337,
        0.88504817635715,
        0.9227230838385178,
        0.9991739787384868,
        0.9580068704962731,
        1.1167688742116093,
        1.164806912615616,
        1.317250942555975,
        1.3939314260041953,
        1.4414366881251335,
        1.3595025938034524,
        1.4810311668472365,
        1.3201449610039593,
        1.3015618942655622,
        1.4906308142870666,
        1.5158540343394502,
        1.5862018756628036,
        1.7527446171835064,
        1.8542488961714612,
        1.8070693375863054,
        1.9005758257155598
    ],
    "test_acc": [
        0.1043,
        0.8353,
        0.8353,
        0.8416,
        0.8024,
        0.7878,
        0.8006,
        0.8002,
        0.7772,
        0.7795,
        0.7742,
        0.7462,
        0.7304,
        0.7221,
        0.7399,
        0.8267,
        0.8223,
        0.8185,
        0.771,
        0.8038,
        0.7982,
        0.7798,
        0.7759,
        0.7989,
        0.7261
    ]
}