{
    "train_loss": [
        2.2988321739832562,
        0.47067785935531137,
        0.3287933969054745,
        0.2804531837855683,
        0.26067136786381623,
        0.24334550554290166,
        0.239361652977348,
        0.22695166692867394,
        0.2129549964371464,
        0.20122336796574983,
        0.18671677881920204,
        0.18104750576696083,
        0.18328549355039464,
        0.1837841722356718,
        0.16987880103457664,
        0.17820589202852238,
        0.16237890317643577,
        0.15946405820161247,
        0.1502113522302125,
        0.15600660803150035,
        0.15795288467070254,
        0.16177575334723607,
        0.14857639554516566,
        0.14996992106862048,
        0.137567432681299
    ],
    "train_acc": [
        0.16486666666666666,
        0.8831666666666667,
        0.9255833333333333,
        0.9381333333333334,
        0.9429166666666666,
        0.94675,
        0.94855,
        0.9512666666666667,
        0.9546666666666667,
        0.9577833333333333,
        0.9594833333333334,
        0.9616,
        0.9608,
        0.9619666666666666,
        0.9646833333333333,
        0.96405,
        0.9659333333333333,
        0.9664666666666667,
        0.9677666666666667,
        0.9677666666666667,
        0.9677833333333333,
        0.9677666666666667,
        0.97015,
        0.97015,
        0.9715833333333334
    ],
    "test_loss": [
        2.2975090656280517,
        0.33883444872230756,
        0.33897930000483795,
        0.39598230090043307,
        0.3129650114751844,
        0.2996402526159291,
        0.35865239628624757,
        0.29592006454575454,
        0.42022637978442035,
        0.2813035591196558,
        0.35348858495997804,
        0.3931410557372594,
        0.3847638567340022,
        0.3670796489375381,
        0.3970921962922342,
        0.4323598879163028,
        0.39257011069515274,
        0.4225078202058471,
        0.4188617127427788,
        0.5115047079186146,
        0.4360207222542831,
        0.47810166661894415,
        0.5144931334010254,
        0.5143575775422713,
        0.43496291235090373
    ],
    "test_acc": [
        0.167,
        0.9149,
        0.9256,
        0.9168,
        0.9389,
        0.9355,
        0.9417,
        0.9491,
        0.9285,
        0.9456,
        0.9462,
        0.9417,
        0.949,
        0.9468,
        0.9491,
        0.9467,
        0.9478,
        0.9502,
        0.9511,
        0.9503,
        0.9465,
        0.9506,
        0.9485,
        0.9526,
        0.9518
    ]
}