{
    "train_loss": [
        2.3047236925125123,
        0.3315456406442293,
        0.20165410048243163,
        0.16144015051026023,
        0.14119709772975572,
        0.12745337102630194,
        0.11567947215922235,
        0.10345993001003598,
        0.0960830507357121,
        0.08747638201867713,
        0.08327445014691263,
        0.07669855468473474,
        0.0726607492182632,
        0.06514658360572076,
        0.062400963546587064,
        0.058260088900731824,
        0.053919255735965455,
        0.04928375731554689,
        0.04648506257825464,
        0.04428787571705109,
        0.039318152147719124,
        0.03758039351995474,
        0.03457629404671761,
        0.03278532387596474,
        0.030610091248545593
    ],
    "train_acc": [
        0.09708333333333333,
        0.9124833333333333,
        0.9455666666666667,
        0.9569166666666666,
        0.9609,
        0.96455,
        0.9679166666666666,
        0.9703666666666667,
        0.97245,
        0.9749166666666667,
        0.9766666666666667,
        0.97835,
        0.9794333333333334,
        0.9813,
        0.9825333333333334,
        0.9837166666666667,
        0.9848166666666667,
        0.9861833333333333,
        0.9868166666666667,
        0.9874,
        0.9890833333333333,
        0.9894333333333334,
        0.9901666666666666,
        0.9906333333333334,
        0.99145
    ],
    "test_loss": [
        2.304498468017578,
        0.22362019061483443,
        0.20716425573851446,
        0.22021183222153196,
        0.2170030895762262,
        0.22401442677694358,
        0.23294427753324468,
        0.23550468380743206,
        0.2521217529288379,
        0.2539391246659668,
        0.272505189596769,
        0.26973197814404704,
        0.2791723929143761,
        0.29211486634875083,
        0.2969011762207672,
        0.3059724558032584,
        0.33208379598902715,
        0.3264289983719013,
        0.34048128534979505,
        0.34888032921704576,
        0.3583121544395188,
        0.3896623932559656,
        0.39812741215166586,
        0.40865842718724515,
        0.42551360001257016
    ],
    "test_acc": [
        0.0999,
        0.9386,
        0.948,
        0.9463,
        0.9478,
        0.9539,
        0.9511,
        0.9535,
        0.9548,
        0.9558,
        0.9551,
        0.9569,
        0.9558,
        0.9585,
        0.9578,
        0.9587,
        0.9565,
        0.9588,
        0.9602,
        0.9596,
        0.9593,
        0.9588,
        0.9589,
        0.9592,
        0.9583
    ]
}