{
    "train_loss": [
        2.304665460205078,
        0.46148169343668655,
        0.309781129497603,
        0.2706024422179645,
        0.24361091297533663,
        0.24111289479146697,
        0.22059759502857404,
        0.21076473745831675,
        0.22096940456320974,
        0.19626671456263728,
        0.18560916244728956,
        0.17799274508773413,
        0.1738209479306365,
        0.17371416915226431,
        0.16635570353174617,
        0.15746062277043826,
        0.15611324980856695,
        0.1487105986648928,
        0.16000306992060917,
        0.15133987885902772,
        0.14641646956235,
        0.141816777990031,
        0.1438376718117377,
        0.1405412712742284,
        0.13431265712191726
    ],
    "train_acc": [
        0.08203333333333333,
        0.88275,
        0.9261,
        0.9380833333333334,
        0.94365,
        0.9456,
        0.95035,
        0.9521166666666666,
        0.9529166666666666,
        0.9571333333333333,
        0.9593,
        0.9599333333333333,
        0.9611666666666666,
        0.96195,
        0.9629333333333333,
        0.9649333333333333,
        0.9643,
        0.9667666666666667,
        0.9646833333333333,
        0.9669333333333333,
        0.9685,
        0.9699,
        0.9692166666666666,
        0.9700166666666666,
        0.9711166666666666
    ],
    "test_loss": [
        2.3036648399353026,
        0.33216148201832546,
        0.29490334139830665,
        0.31067993984240455,
        0.3307344497310332,
        0.29644103715471426,
        0.2578069529890081,
        0.3234332291371809,
        0.3881415216132569,
        0.34636020332048284,
        0.32996832211210075,
        0.3389896265016145,
        0.35479874373736936,
        0.43569255030762233,
        0.33548769495252956,
        0.40732930246702165,
        0.3835749070129563,
        0.34146642488663853,
        0.3640734382319303,
        0.4164392069569685,
        0.47107802446662506,
        0.3922121570010544,
        0.3716543810998228,
        0.46740924696256625,
        0.4132242049951423
    ],
    "test_acc": [
        0.0829,
        0.9172,
        0.9354,
        0.9395,
        0.9296,
        0.9408,
        0.9472,
        0.9467,
        0.9406,
        0.9419,
        0.941,
        0.9457,
        0.9406,
        0.9354,
        0.9482,
        0.9421,
        0.9493,
        0.9517,
        0.9539,
        0.9431,
        0.9479,
        0.9511,
        0.9461,
        0.9504,
        0.9515
    ]
}