{
    "train_loss": [
        2.3047236925125123,
        2.268204510307312,
        2.1939802947362264,
        2.1090751280466717,
        2.0098636682192486,
        1.8981405364672344,
        1.776885189215342,
        1.6504325052579243,
        1.5241624088605246,
        1.4031531647046407,
        1.2912373098214467,
        1.1906314219792684,
        1.1020622143745422,
        1.0250836336771647,
        0.9586114276250204,
        0.9012907676617304,
        0.8517746709108353,
        0.8088186950047811,
        0.7713921358267466,
        0.7385562353372573,
        0.709628240776062,
        0.6839689775427182,
        0.6610755092382431,
        0.6405299931049347,
        0.622019211045901
    ],
    "train_acc": [
        0.09708333333333333,
        0.1975,
        0.45635,
        0.6318,
        0.6880166666666667,
        0.7105,
        0.72705,
        0.7422166666666666,
        0.7569666666666667,
        0.7716,
        0.7844666666666666,
        0.7973333333333333,
        0.8076166666666666,
        0.8154166666666667,
        0.8229333333333333,
        0.8291666666666667,
        0.8335166666666667,
        0.8377666666666667,
        0.8413333333333334,
        0.8444,
        0.84755,
        0.8506,
        0.8532333333333333,
        0.8556,
        0.8575
    ],
    "test_loss": [
        2.304498468017578,
        2.229945097732544,
        2.1500997440338137,
        2.055908495521545,
        1.9479781368255615,
        1.8286847862243651,
        1.701574956893921,
        1.5718946714401245,
        1.4453539348602296,
        1.3266474824905397,
        1.2187840270996093,
        1.1232546531677245,
        1.040019004058838,
        0.9680694582939148,
        0.9061142086029053,
        0.8527760387897492,
        0.8067321229457856,
        0.7666283874034882,
        0.7317068652629852,
        0.7010764286994934,
        0.6738293469667435,
        0.6497072771310807,
        0.6282407080411911,
        0.6088727426290512,
        0.5912994461536407
    ],
    "test_acc": [
        0.0999,
        0.3293,
        0.5796,
        0.6751,
        0.7018,
        0.723,
        0.7403,
        0.7584,
        0.7744,
        0.7879,
        0.8036,
        0.8134,
        0.8212,
        0.8297,
        0.8357,
        0.8404,
        0.8452,
        0.8485,
        0.8514,
        0.8544,
        0.8574,
        0.8601,
        0.8617,
        0.8632,
        0.8661
    ]
}