{
    "train_loss": [
        2.305674257342021,
        2.2752980543136596,
        2.2106523259480793,
        2.1345926736831666,
        2.0448437591870627,
        1.9413018138249716,
        1.8262070875803629,
        1.703872870985667,
        1.5795300651550293,
        1.4584693247477214,
        1.3451083990891775,
        1.2421367883046468,
        1.1505764603773754,
        1.070295346959432,
        1.0004301738262176,
        0.9397717665036519,
        0.8870732189893723,
        0.8412049609502157,
        0.8010838036457698,
        0.7658354020198186,
        0.7347077999194463,
        0.7070633197546006,
        0.6823843237876892,
        0.6602618323008219,
        0.6403167564868927
    ],
    "train_acc": [
        0.10793333333333334,
        0.13843333333333332,
        0.2769333333333333,
        0.48906666666666665,
        0.5890666666666666,
        0.63795,
        0.6755333333333333,
        0.7049666666666666,
        0.72965,
        0.75075,
        0.7666666666666667,
        0.7816666666666666,
        0.7941666666666667,
        0.8040166666666667,
        0.8130333333333334,
        0.8199666666666666,
        0.8261833333333334,
        0.8316166666666667,
        0.8368833333333333,
        0.8405833333333333,
        0.8440333333333333,
        0.8469666666666666,
        0.8504166666666667,
        0.85295,
        0.8551166666666666
    ],
    "test_loss": [
        2.3052435230255126,
        2.242721173095703,
        2.1714339931488036,
        2.086864283180237,
        1.988009655380249,
        1.8758673757553102,
        1.7539531578063965,
        1.6274060379028321,
        1.501731771659851,
        1.3820932834625244,
        1.272139522743225,
        1.1735821794509889,
        1.0868379611968995,
        1.0112890316009522,
        0.9458016075134278,
        0.8890633873462677,
        0.8396321317672729,
        0.7967417700767517,
        0.7590860481262207,
        0.7259864412784577,
        0.6967589123010636,
        0.670714481329918,
        0.6475322480201722,
        0.6265323043823242,
        0.6076551159381867
    ],
    "test_acc": [
        0.1066,
        0.1854,
        0.3988,
        0.5526,
        0.6147,
        0.6599,
        0.6938,
        0.7234,
        0.7483,
        0.7703,
        0.7871,
        0.8008,
        0.8126,
        0.8213,
        0.8287,
        0.8337,
        0.8399,
        0.8449,
        0.8472,
        0.8506,
        0.8545,
        0.8577,
        0.8596,
        0.8633,
        0.866
    ]
}