{
    "train_loss": [
        2.2988321739832562,
        2.2652569560368856,
        2.1945669032414754,
        2.111743866443634,
        2.0139024162928263,
        1.9027786959648132,
        1.7817373822848002,
        1.6555187753041585,
        1.5296411165237427,
        1.4092573446909586,
        1.2982626732349396,
        1.198784636259079,
        1.1113457006454468,
        1.0353519692262014,
        0.9696526536067327,
        0.9128694277763366,
        0.8636704025904337,
        0.8208479968945185,
        0.7833943746248881,
        0.7504310110092163,
        0.7212639305432638,
        0.6953074632485707,
        0.6720515058120092,
        0.6511416240612666,
        0.6322205125013988
    ],
    "train_acc": [
        0.16486666666666666,
        0.2641833333333333,
        0.44808333333333333,
        0.6128333333333333,
        0.69305,
        0.7249333333333333,
        0.7432166666666666,
        0.7548833333333334,
        0.7621666666666667,
        0.77265,
        0.783,
        0.7935333333333333,
        0.8036666666666666,
        0.81135,
        0.8178333333333333,
        0.8237166666666667,
        0.8296333333333333,
        0.8339333333333333,
        0.8377166666666667,
        0.8409833333333333,
        0.8443333333333334,
        0.8471666666666666,
        0.8496166666666667,
        0.85265,
        0.8550833333333333
    ],
    "test_loss": [
        2.2975090656280517,
        2.2285183574676513,
        2.15115846824646,
        2.0590503202438355,
        1.952234924697876,
        1.8335972127914428,
        1.7070812808990479,
        1.5781332216262818,
        1.4524180961608886,
        1.334706197834015,
        1.228031360244751,
        1.1335535205841065,
        1.051238202381134,
        0.9801299927711487,
        0.9187096154689789,
        0.8656799154281616,
        0.8196522079467773,
        0.7794906663417817,
        0.7443280949115754,
        0.7133059447288513,
        0.6858859627962113,
        0.6613430893421173,
        0.6392441695451736,
        0.6194557345867157,
        0.6014938241958618
    ],
    "test_acc": [
        0.167,
        0.3594,
        0.5464,
        0.6703,
        0.7169,
        0.7424,
        0.7574,
        0.7662,
        0.7776,
        0.7886,
        0.7976,
        0.807,
        0.8153,
        0.8238,
        0.8297,
        0.8339,
        0.8381,
        0.8429,
        0.8467,
        0.85,
        0.8535,
        0.8569,
        0.8596,
        0.8623,
        0.8639
    ]
}