{
    "train_loss": [
        2.305034884007772,
        2.2762782390594483,
        2.2180779326756794,
        2.1530953977266947,
        2.076486973508199,
        1.9857371766408285,
        1.8813956010182697,
        1.765443805217743,
        1.6419657946268718,
        1.516834497610728,
        1.395681620168686,
        1.2830781630674999,
        1.1818046887874603,
        1.0929099110921223,
        1.0160646556695303,
        0.9500593410332998,
        0.8934135692278544,
        0.8446671321551005,
        0.8024894456704458,
        0.7657847835302353,
        0.7336438993374507,
        0.7052778190056483,
        0.6801081691821417,
        0.657647156325976,
        0.6374726799249649
    ],
    "train_acc": [
        0.07181666666666667,
        0.14746666666666666,
        0.32531666666666664,
        0.4732166666666667,
        0.5609333333333333,
        0.642,
        0.6961166666666667,
        0.7314333333333334,
        0.7523166666666666,
        0.7677,
        0.77995,
        0.7918666666666667,
        0.8024833333333333,
        0.8102666666666667,
        0.8173,
        0.8237166666666667,
        0.8291333333333334,
        0.8342166666666667,
        0.8386,
        0.8427166666666667,
        0.8459833333333333,
        0.8494333333333334,
        0.8518166666666667,
        0.8547166666666667,
        0.8574166666666667
    ],
    "test_loss": [
        2.3044456077575686,
        2.2453646461486816,
        2.1831483627319335,
        2.1114478563308716,
        2.026051100921631,
        1.9263044414520263,
        1.8136263269424437,
        1.6909294054031372,
        1.5635504869461059,
        1.4376395936965942,
        1.3184911916732789,
        1.209918090057373,
        1.1138401932716369,
        1.030349064540863,
        0.958699590587616,
        0.8972457654953003,
        0.8446095101356507,
        0.7992093181133271,
        0.7598910731315612,
        0.725674852848053,
        0.6956029805898667,
        0.6690285746812821,
        0.6453473927736282,
        0.6241948570728302,
        0.6052008057355881
    ],
    "test_acc": [
        0.0753,
        0.2381,
        0.4274,
        0.5288,
        0.6168,
        0.6826,
        0.722,
        0.7508,
        0.7673,
        0.7834,
        0.7951,
        0.8046,
        0.8134,
        0.8207,
        0.8275,
        0.833,
        0.838,
        0.8427,
        0.8468,
        0.8507,
        0.8553,
        0.8583,
        0.861,
        0.864,
        0.868
    ]
}