{
    "train_loss": [
        2.3056429417292277,
        1.888183256816864,
        0.9701924436887105,
        0.6312650767882665,
        0.5107303750773271,
        0.4498861456612746,
        0.4131611043681701,
        0.3883866932819287,
        0.3701099624872208,
        0.3559881485313177,
        0.3443587145557006,
        0.334476908916235,
        0.32603998979628085,
        0.3183126395791769,
        0.3116845413784186,
        0.30536279388417803,
        0.29959313402896126,
        0.29417724245637655,
        0.28881440569261707,
        0.2840276921960215,
        0.27930943847795325,
        0.2747440158873796,
        0.27033710026443003,
        0.2661470126360655,
        0.2621163320198655
    ],
    "train_acc": [
        0.07833333333333334,
        0.6003,
        0.8126166666666667,
        0.8525,
        0.8721,
        0.88195,
        0.8889166666666667,
        0.8936833333333334,
        0.8966833333333334,
        0.9002333333333333,
        0.90315,
        0.9058,
        0.9077833333333334,
        0.90965,
        0.9118,
        0.9128666666666667,
        0.91465,
        0.9161166666666667,
        0.9183166666666667,
        0.9196833333333333,
        0.92095,
        0.9224,
        0.9235166666666667,
        0.9249833333333334,
        0.9259333333333334
    ],
    "test_loss": [
        2.3049506702423095,
        1.3190818658828736,
        0.7110754812479019,
        0.5331034456372261,
        0.4531372237563133,
        0.40881857859492304,
        0.37981834619045257,
        0.36035466029942037,
        0.34535870639681815,
        0.3335402994066477,
        0.3227022639364004,
        0.31530230033397677,
        0.30766311117261647,
        0.30186228051781655,
        0.2957039531186223,
        0.28969287616014483,
        0.28465492859482766,
        0.2795800426691771,
        0.27650063184052703,
        0.27200929158777,
        0.2680193907722831,
        0.26324328510463235,
        0.2598152478724718,
        0.2562725455239415,
        0.2522761019617319
    ],
    "test_acc": [
        0.0826,
        0.7751,
        0.8461,
        0.8735,
        0.8859,
        0.8914,
        0.8974,
        0.9021,
        0.9045,
        0.9058,
        0.9103,
        0.9118,
        0.9139,
        0.9161,
        0.9177,
        0.9193,
        0.9202,
        0.9212,
        0.9232,
        0.9237,
        0.9252,
        0.9268,
        0.9283,
        0.9285,
        0.9294
    ]
}