{
    "train_loss": [
        2.303097758293152,
        2.263573778661092,
        2.1839957149505613,
        2.094821871884664,
        1.9919459187825521,
        1.877362503560384,
        1.755265389442444,
        1.6299513771692913,
        1.5061382644335428,
        1.3884402502377828,
        1.2802645787239075,
        1.183458964951833,
        1.0983587445894878,
        1.0243477250258128,
        0.9602208730061849,
        0.9046926527341207,
        0.8564742465019226,
        0.8144312014897664,
        0.777598710346222,
        0.7451348198016484,
        0.7163740766207377,
        0.6907562719106675,
        0.6677865959803263,
        0.6471175181031227,
        0.6284543545325597
    ],
    "train_acc": [
        0.10706666666666667,
        0.24713333333333334,
        0.45143333333333335,
        0.5644833333333333,
        0.6372666666666666,
        0.682,
        0.7111666666666666,
        0.732,
        0.7481166666666667,
        0.76035,
        0.7725333333333333,
        0.78505,
        0.79555,
        0.8052666666666667,
        0.8144,
        0.8214833333333333,
        0.82705,
        0.83325,
        0.8370833333333333,
        0.8406666666666667,
        0.84475,
        0.84735,
        0.8501333333333333,
        0.8528666666666667,
        0.8551666666666666
    ],
    "test_loss": [
        2.3041049377441407,
        2.2238378070831297,
        2.1391971210479737,
        2.0413453897476197,
        1.9299004598617553,
        1.8086379337310792,
        1.6819474227905273,
        1.5543509023666382,
        1.4310526673316954,
        1.3160319670677185,
        1.2121177782058716,
        1.1203179354667663,
        1.0402998889923096,
        0.9709223865509033,
        0.9110060060024261,
        0.8590574439525605,
        0.8140190577507019,
        0.7746453764915466,
        0.7400156377315521,
        0.7095595065355301,
        0.6825178879976272,
        0.6582674488544464,
        0.6364937278032303,
        0.6170060957431793,
        0.5991225563764572
    ],
    "test_acc": [
        0.1043,
        0.3717,
        0.5135,
        0.6085,
        0.6698,
        0.7057,
        0.7318,
        0.7496,
        0.7632,
        0.7767,
        0.7889,
        0.8009,
        0.8105,
        0.8182,
        0.8255,
        0.8298,
        0.8366,
        0.841,
        0.8452,
        0.849,
        0.8524,
        0.8551,
        0.8581,
        0.8604,
        0.862
    ]
}