{
    "train_loss": [
        2.3051901514689126,
        2.269807753944397,
        2.195833814430237,
        2.112177708721161,
        2.015382372188568,
        1.9060393564224243,
        1.7871463805198669,
        1.6629654804229737,
        1.5385317328453063,
        1.418892903025945,
        1.3079363388379415,
        1.2078997151692707,
        1.1195220552126566,
        1.0424396038532258,
        0.975630114030838,
        0.9178111093680064,
        0.8677372518698374,
        0.8241728343963624,
        0.7861130125522614,
        0.7526456597566604,
        0.7230847571293513,
        0.6967843807776769,
        0.6732816787163417,
        0.6521609746615092,
        0.6330808333555857
    ],
    "train_acc": [
        0.07936666666666667,
        0.20071666666666665,
        0.3910666666666667,
        0.5046833333333334,
        0.5846333333333333,
        0.6427666666666667,
        0.6817,
        0.7139333333333333,
        0.7368333333333333,
        0.7565,
        0.7721833333333333,
        0.7841,
        0.7957666666666666,
        0.8037333333333333,
        0.8114,
        0.8176333333333333,
        0.8228166666666666,
        0.8280166666666666,
        0.8328333333333333,
        0.8366333333333333,
        0.8402,
        0.84355,
        0.84685,
        0.8497166666666667,
        0.853
    ],
    "test_loss": [
        2.3060512508392335,
        2.2331260025024413,
        2.1534951488494873,
        2.0614522605895997,
        1.9559316955566406,
        1.839042628479004,
        1.7145288909912109,
        1.5870802337646484,
        1.4620864360809327,
        1.3444110070228577,
        1.2372212057113647,
        1.1417884820938111,
        1.0583980391502381,
        0.9860756772994995,
        0.9235575767993927,
        0.8696296042442322,
        0.8228078334331512,
        0.7820851410388947,
        0.7464780860900879,
        0.715068783378601,
        0.687313344335556,
        0.6624958296298981,
        0.6403127707481384,
        0.6203407093048096,
        0.6022463475942612
    ],
    "test_acc": [
        0.077,
        0.323,
        0.4647,
        0.5502,
        0.6138,
        0.6654,
        0.7034,
        0.7314,
        0.7541,
        0.7724,
        0.7858,
        0.7962,
        0.8081,
        0.8151,
        0.8208,
        0.8266,
        0.8333,
        0.838,
        0.8435,
        0.8466,
        0.8499,
        0.853,
        0.8559,
        0.8594,
        0.8619
    ]
}