{
    "train_loss": [
        2.2972562834421795,
        2.2624173338572184,
        2.189591326904297,
        2.107862985229492,
        2.0141318780899047,
        1.9088374965031942,
        1.7941079857508342,
        1.673087267335256,
        1.5499834744771321,
        1.4297245526949565,
        1.3168300711154939,
        1.2143824358463287,
        1.123664617697398,
        1.0445444677352906,
        0.9760910976727804,
        0.9170165077845256,
        0.8659644321362178,
        0.8216939957618713,
        0.7831036655505498,
        0.7492720308144887,
        0.7194326869249343,
        0.6929391121705373,
        0.6693151336193085,
        0.6481096564650536,
        0.62899579205513
    ],
    "train_acc": [
        0.1213,
        0.24148333333333333,
        0.41905,
        0.5515333333333333,
        0.6349666666666667,
        0.6863666666666667,
        0.7167166666666667,
        0.7387,
        0.7552333333333333,
        0.7694833333333333,
        0.78085,
        0.7907333333333333,
        0.8006166666666666,
        0.8079333333333333,
        0.8163666666666667,
        0.8221,
        0.8278,
        0.8329666666666666,
        0.8372,
        0.841,
        0.8444333333333334,
        0.8479333333333333,
        0.8506666666666667,
        0.8537166666666667,
        0.85615
    ],
    "test_loss": [
        2.2965717933654783,
        2.2250024703979494,
        2.147146111869812,
        2.057972875595093,
        1.9563202028274536,
        1.843750147819519,
        1.723089002799988,
        1.5979747833251954,
        1.4733734838485717,
        1.3543476816177369,
        1.244934871864319,
        1.1471720472335816,
        1.0616856130599976,
        0.9876045770645142,
        0.9237045866012573,
        0.8687230486869812,
        0.8211731193065643,
        0.7798555351257325,
        0.7438120527744293,
        0.7121449429035187,
        0.6841185036897659,
        0.6591745243310928,
        0.6370109390258789,
        0.6170378353834152,
        0.5989044160842896
    ],
    "test_acc": [
        0.1282,
        0.3624,
        0.5095,
        0.6193,
        0.675,
        0.7102,
        0.7351,
        0.7508,
        0.7693,
        0.7837,
        0.7956,
        0.8052,
        0.8136,
        0.8202,
        0.8262,
        0.8326,
        0.8391,
        0.8434,
        0.847,
        0.8507,
        0.854,
        0.8577,
        0.8612,
        0.8639,
        0.8667
    ]
}