{
    "train_loss": [
        2.2988321739832562,
        1.8173434296766917,
        0.918214259672165,
        0.613859972457091,
        0.5016774391094844,
        0.44415463072657585,
        0.408899984284242,
        0.3852051983644565,
        0.3677425491909186,
        0.35415366107920804,
        0.3430724828203519,
        0.333627995249629,
        0.3256001523271203,
        0.31831092441280684,
        0.3117944448187947,
        0.305824626810352,
        0.3002834375391404,
        0.29494716232419016,
        0.2902181130523483,
        0.2854569483667612,
        0.2809765664224823,
        0.2767598098387321,
        0.2726238076376418,
        0.26864939073274535,
        0.2647435434748729
    ],
    "train_acc": [
        0.16486666666666666,
        0.6534333333333333,
        0.82305,
        0.85725,
        0.87395,
        0.8840666666666667,
        0.8899166666666667,
        0.8942666666666667,
        0.8980666666666667,
        0.90085,
        0.9036,
        0.9061166666666667,
        0.9082666666666667,
        0.91,
        0.9117,
        0.91315,
        0.9147666666666666,
        0.91625,
        0.9176833333333333,
        0.9190666666666667,
        0.9206333333333333,
        0.9219166666666667,
        0.923,
        0.92415,
        0.92495
    ],
    "test_loss": [
        2.2975090656280517,
        1.229210434627533,
        0.6865319078922272,
        0.5219172561764717,
        0.4461996708989143,
        0.40372029120922087,
        0.3772708358079195,
        0.3580807938069105,
        0.34374091639220716,
        0.33200931925475596,
        0.3230845713734627,
        0.31460434164255857,
        0.30785614719986915,
        0.30192880020588636,
        0.29600316212475297,
        0.2915388749599457,
        0.2866278377816081,
        0.28144158899188043,
        0.2774051091223955,
        0.2734867479145527,
        0.26998633608222006,
        0.2668180364176631,
        0.262183512981236,
        0.2588740442998707,
        0.25573705835863947
    ],
    "test_acc": [
        0.167,
        0.8018,
        0.8523,
        0.8747,
        0.8859,
        0.8937,
        0.8969,
        0.9005,
        0.9035,
        0.9064,
        0.9101,
        0.9118,
        0.9144,
        0.9146,
        0.9174,
        0.9187,
        0.9201,
        0.9219,
        0.9236,
        0.9236,
        0.9242,
        0.925,
        0.927,
        0.9278,
        0.928
    ]
}