{
    "train_loss": [
        2.305674257342021,
        0.6316924580444893,
        0.3100333877613147,
        0.2606038785179456,
        0.22529458798939983,
        0.19863188468602797,
        0.17673615297302603,
        0.1591801170664529,
        0.14512381544001401,
        0.13301817913117508,
        0.12267560056348642,
        0.1140201566922168,
        0.10655060836859047,
        0.09984201801481346,
        0.09365326853484536,
        0.08859402404930443,
        0.08389618234752368,
        0.07944036074314888,
        0.07558794983327388,
        0.07187829053448513,
        0.0685837852665844,
        0.06561844812147319,
        0.06284654777320102,
        0.06012937877926355,
        0.05767758371802047
    ],
    "train_acc": [
        0.10793333333333334,
        0.8427833333333333,
        0.9118,
        0.9255666666666666,
        0.9363833333333333,
        0.9440333333333333,
        0.9501166666666667,
        0.9551,
        0.9596166666666667,
        0.9630333333333333,
        0.9655666666666667,
        0.96815,
        0.9703166666666667,
        0.97195,
        0.9740666666666666,
        0.9750833333333333,
        0.9766,
        0.9776833333333333,
        0.9793333333333333,
        0.9801166666666666,
        0.98085,
        0.98205,
        0.9825833333333334,
        0.9835166666666667,
        0.9843166666666666
    ],
    "test_loss": [
        2.3052435230255126,
        0.3311084741830826,
        0.27317704359069467,
        0.2322216805897653,
        0.20806905047148466,
        0.18299065949618817,
        0.1713030135784298,
        0.15322263718973844,
        0.14517559020183982,
        0.13540407870765775,
        0.12615890926867723,
        0.12090271374341101,
        0.11382266179658472,
        0.11161870066039264,
        0.10600839048922062,
        0.10190075808437542,
        0.09819948824457825,
        0.09754709322839045,
        0.09510211575105787,
        0.09298545354637318,
        0.0903710881809704,
        0.09097646574610845,
        0.08910830587642267,
        0.08548887889180333,
        0.0868201215108391
    ],
    "test_acc": [
        0.1066,
        0.9042,
        0.9226,
        0.9347,
        0.9391,
        0.9475,
        0.95,
        0.9548,
        0.9575,
        0.9606,
        0.9638,
        0.9657,
        0.9677,
        0.9674,
        0.9689,
        0.969,
        0.972,
        0.9708,
        0.9715,
        0.9725,
        0.973,
        0.9738,
        0.974,
        0.9744,
        0.9741
    ]
}