{
    "train_loss": [
        2.305034884007772,
        0.6357580867817004,
        0.30988603802273673,
        0.259777262310187,
        0.22300002296715976,
        0.1959102033322056,
        0.17533423243810733,
        0.15865089167542756,
        0.14476978374427804,
        0.13324313029485443,
        0.12300710885276397,
        0.1145262997419263,
        0.10696020722221583,
        0.10050363076745222,
        0.09465481347267826,
        0.0891003314860786,
        0.0844446644925202,
        0.08022384799774736,
        0.07628037455305457,
        0.07250311952685005,
        0.06949955925891797,
        0.06616475090878084,
        0.06351134956218302,
        0.06087564490932661,
        0.05828223433104965
    ],
    "train_acc": [
        0.07181666666666667,
        0.8456833333333333,
        0.91265,
        0.9265333333333333,
        0.9370166666666667,
        0.9452166666666667,
        0.9509833333333333,
        0.9556666666666667,
        0.9595333333333333,
        0.96325,
        0.96525,
        0.9682166666666666,
        0.9702666666666667,
        0.97265,
        0.9738166666666667,
        0.97575,
        0.97705,
        0.9779333333333333,
        0.9791666666666666,
        0.97995,
        0.9806833333333334,
        0.9820333333333333,
        0.9833666666666666,
        0.9835666666666667,
        0.9840166666666667
    ],
    "test_loss": [
        2.3044456077575686,
        0.3300566430181265,
        0.270842203822732,
        0.2295907157443464,
        0.20244438893571495,
        0.18013994777724146,
        0.1664541817549616,
        0.15429386539701373,
        0.14016574554536493,
        0.1304998160334304,
        0.12507824617046862,
        0.11896895075961947,
        0.11292632625941187,
        0.10982415860649199,
        0.10397453668490052,
        0.10086499812407419,
        0.09624821006841958,
        0.09513120118435472,
        0.09185002103587613,
        0.09325916970334946,
        0.08873825670946389,
        0.08783436857908965,
        0.08606097096856684,
        0.0822887277502101,
        0.08207688716421835
    ],
    "test_acc": [
        0.0753,
        0.9073,
        0.924,
        0.9356,
        0.9417,
        0.9479,
        0.9522,
        0.9555,
        0.9593,
        0.9632,
        0.964,
        0.966,
        0.967,
        0.9671,
        0.9698,
        0.9694,
        0.9713,
        0.9723,
        0.9724,
        0.9724,
        0.9741,
        0.9735,
        0.974,
        0.9755,
        0.9754
    ]
}