{
    "train_loss": [
        2.3056429417292277,
        0.6386464508364598,
        0.3095100616807739,
        0.2610427327573299,
        0.22713006115108728,
        0.20168818000008662,
        0.1811358618233353,
        0.1642717067870001,
        0.14988818717586497,
        0.13793380119601886,
        0.12741309747230262,
        0.11877595277068516,
        0.11102972989194095,
        0.10384024869135271,
        0.09744198595620691,
        0.09228734268760308,
        0.08701656677418698,
        0.08239952341051152,
        0.07809401051417614,
        0.07427362965478872,
        0.07063430054460963,
        0.06747991073839367,
        0.0642431389306051,
        0.06139240207723342,
        0.058823508084674056
    ],
    "train_acc": [
        0.07833333333333334,
        0.8455833333333334,
        0.9119833333333334,
        0.92635,
        0.9358833333333333,
        0.9431833333333334,
        0.9483833333333334,
        0.95345,
        0.9575166666666667,
        0.9613333333333334,
        0.9644,
        0.9665833333333333,
        0.96855,
        0.9705833333333334,
        0.9728333333333333,
        0.974,
        0.9758,
        0.9772333333333333,
        0.9785333333333334,
        0.9795,
        0.9805,
        0.9813,
        0.9823166666666666,
        0.9830833333333333,
        0.98415
    ],
    "test_loss": [
        2.3049506702423095,
        0.32696985832750797,
        0.2704332787245512,
        0.23354412705302238,
        0.2052665021724999,
        0.18859736078642308,
        0.17168668529242276,
        0.15661120512224733,
        0.1482294848335907,
        0.13758049980327486,
        0.12687954333610832,
        0.12241103945448994,
        0.11661907377913594,
        0.11259362055771052,
        0.10811097273379565,
        0.10223434780053794,
        0.09873340393314138,
        0.09410423100376501,
        0.09361846746234223,
        0.09407059112414717,
        0.0897335817817133,
        0.08633697305792011,
        0.08325141418082639,
        0.08376608341471292,
        0.08170421096156351
    ],
    "test_acc": [
        0.0826,
        0.9097,
        0.9251,
        0.9338,
        0.9409,
        0.9453,
        0.9503,
        0.9548,
        0.9563,
        0.9597,
        0.9625,
        0.9637,
        0.966,
        0.9674,
        0.9686,
        0.9702,
        0.9714,
        0.9728,
        0.9736,
        0.9727,
        0.9733,
        0.976,
        0.9753,
        0.9749,
        0.9754
    ]
}