{
    "train_loss": [
        2.2972562834421795,
        0.6220780758311352,
        0.30948236772815385,
        0.2627474808245897,
        0.2299179701262464,
        0.20392458190768958,
        0.18205269907439747,
        0.16413840361225107,
        0.14928307226002216,
        0.13689002350438387,
        0.12663011162715654,
        0.11745421543040624,
        0.10979947211382289,
        0.10268468182875465,
        0.096946352468431,
        0.09125479626612117,
        0.08626239066223304,
        0.0815539940964741,
        0.07752922253161669,
        0.073777127774215,
        0.07040745769537364,
        0.0671388414022668,
        0.06434865011740476,
        0.06142856567425964,
        0.05914049502996107
    ],
    "train_acc": [
        0.1213,
        0.8501333333333333,
        0.91175,
        0.9254666666666667,
        0.9351333333333334,
        0.9427833333333333,
        0.9489166666666666,
        0.9534,
        0.9579,
        0.9614333333333334,
        0.9645166666666667,
        0.96715,
        0.9694,
        0.97125,
        0.9728,
        0.9745666666666667,
        0.9762,
        0.9775833333333334,
        0.9786166666666667,
        0.97965,
        0.9806333333333334,
        0.9817333333333333,
        0.9824333333333334,
        0.9833166666666666,
        0.984
    ],
    "test_loss": [
        2.2965717933654783,
        0.3259533299431205,
        0.272434914945066,
        0.23834243826270105,
        0.20867256489247082,
        0.18687306372523307,
        0.17201182765550913,
        0.15941844904981553,
        0.1471589171288535,
        0.1377680759370327,
        0.12981888519115747,
        0.12360274965427816,
        0.11585499937683344,
        0.11182272069100291,
        0.10492934716008603,
        0.10196445834739133,
        0.1002777642486617,
        0.09658306451151147,
        0.09234406731701456,
        0.09094901360608637,
        0.08941674219463021,
        0.08589350592875854,
        0.08589769795634784,
        0.08519462403140496,
        0.08085761749139056
    ],
    "test_acc": [
        0.1282,
        0.9078,
        0.9238,
        0.9305,
        0.9414,
        0.9467,
        0.9509,
        0.9548,
        0.9578,
        0.9614,
        0.9617,
        0.9643,
        0.966,
        0.9676,
        0.969,
        0.9695,
        0.9703,
        0.9715,
        0.9718,
        0.9718,
        0.9726,
        0.9737,
        0.9734,
        0.9738,
        0.9748
    ]
}