{
    "train_loss": [
        2.3051901514689126,
        0.6258963720113039,
        0.31218364503979684,
        0.26510523878633974,
        0.23067133711179097,
        0.203302961645027,
        0.1817619473507007,
        0.1642105936697374,
        0.15033892970879872,
        0.13821856235601007,
        0.1278572689477975,
        0.11873042313711096,
        0.11074825962012012,
        0.10366346332716445,
        0.09756580835202087,
        0.09199667031072702,
        0.08705544510278851,
        0.08241654794054727,
        0.0781306607600612,
        0.07455755159740025,
        0.0709689867522878,
        0.06788745118165389,
        0.06488572560235237,
        0.062130069906885424,
        0.059412629087719444
    ],
    "train_acc": [
        0.07936666666666667,
        0.8465666666666667,
        0.9118333333333334,
        0.9249,
        0.9348666666666666,
        0.9431666666666667,
        0.9488833333333333,
        0.9538666666666666,
        0.9574,
        0.9609,
        0.9644833333333334,
        0.96715,
        0.96955,
        0.97115,
        0.9734333333333334,
        0.9747666666666667,
        0.97615,
        0.9770666666666666,
        0.97845,
        0.9796,
        0.98035,
        0.9812,
        0.98265,
        0.9831833333333333,
        0.9839666666666667
    ],
    "test_loss": [
        2.3060512508392335,
        0.3275209333285689,
        0.27395037199556826,
        0.2366080402970314,
        0.2081771815508604,
        0.19188121270425618,
        0.16967599571421743,
        0.15963341947086154,
        0.14750003752782942,
        0.13636055614314974,
        0.12878818260561675,
        0.12110230205450206,
        0.11538735260162503,
        0.11222152819093317,
        0.10834463870367035,
        0.10283993204776197,
        0.10006163733676075,
        0.0971680975520052,
        0.09426521528800949,
        0.09220616307649761,
        0.08984304869398475,
        0.0880512218835298,
        0.0845109449817799,
        0.08528553330730647,
        0.08167561621223576
    ],
    "test_acc": [
        0.077,
        0.9058,
        0.9236,
        0.9333,
        0.9397,
        0.943,
        0.9507,
        0.9555,
        0.9571,
        0.9607,
        0.9622,
        0.9657,
        0.967,
        0.9681,
        0.9689,
        0.9704,
        0.9704,
        0.971,
        0.9718,
        0.9738,
        0.9728,
        0.9736,
        0.9751,
        0.9744,
        0.9753
    ]
}