{
    "train_loss": [
        2.3047236925125123,
        0.6186043339769045,
        0.310787586868306,
        0.26348379397119087,
        0.23072772829309107,
        0.2044808850494524,
        0.18278676500481864,
        0.16548866431439915,
        0.15082463954389094,
        0.13815023131718238,
        0.12749196059716245,
        0.11814262214684859,
        0.11022927717181544,
        0.10290559015957018,
        0.0963623594358253,
        0.09088601939156651,
        0.08593338914432873,
        0.08139552512361357,
        0.0771511547928676,
        0.07331360334356626,
        0.06989130536199858,
        0.06701281647778426,
        0.06398363397188174,
        0.061086890676850455,
        0.05845384538623815
    ],
    "train_acc": [
        0.09708333333333333,
        0.8538666666666667,
        0.9119166666666667,
        0.9258666666666666,
        0.9349166666666666,
        0.9428666666666666,
        0.9492833333333334,
        0.9536166666666667,
        0.9571,
        0.9610333333333333,
        0.9642333333333334,
        0.9669666666666666,
        0.9694666666666667,
        0.9717833333333333,
        0.9736833333333333,
        0.97505,
        0.9763833333333334,
        0.97785,
        0.9789,
        0.9797666666666667,
        0.9807166666666667,
        0.9816833333333334,
        0.9823833333333334,
        0.98355,
        0.98425
    ],
    "test_loss": [
        2.304498468017578,
        0.3291988373324275,
        0.27145880138501527,
        0.2410399183616042,
        0.20828884584382176,
        0.1887252822060138,
        0.1719897160116583,
        0.15848338650353253,
        0.14412433600388466,
        0.13637326000537722,
        0.1254293399486691,
        0.12234484212175012,
        0.11350725039541722,
        0.10804444942269474,
        0.10423120291475206,
        0.09905216208454222,
        0.09521769682057202,
        0.09511338280914351,
        0.09060840369807556,
        0.08999131233785301,
        0.0876223093486391,
        0.0843311970340088,
        0.08253599644689821,
        0.08045624968037009,
        0.08087769967757631
    ],
    "test_acc": [
        0.0999,
        0.9058,
        0.9225,
        0.9304,
        0.9397,
        0.9448,
        0.9496,
        0.9546,
        0.9582,
        0.9602,
        0.9629,
        0.965,
        0.967,
        0.9688,
        0.9682,
        0.971,
        0.9721,
        0.9737,
        0.9729,
        0.9738,
        0.9735,
        0.9746,
        0.9761,
        0.9763,
        0.9756
    ]
}