{
    "train_loss": [
        2.2972562834421795,
        0.2701856855674336,
        0.115210266758129,
        0.08060953979866269,
        0.06206152415238321,
        0.04973036830498992,
        0.040098379250016296,
        0.032267419703419245,
        0.025512504344813836,
        0.02093158411936274,
        0.017603050791547867,
        0.01372133630028887,
        0.010607396154512389,
        0.00880104878539593,
        0.006562953213845806,
        0.00510389348925249,
        0.004098739889454858,
        0.003216906908694697,
        0.0027927737928030486,
        0.0022985294092973466,
        0.0020063625673374798,
        0.0018212184973723652,
        0.001692334104333463,
        0.0015295281451534152,
        0.0014065984246347096
    ],
    "train_acc": [
        0.1213,
        0.9215666666666666,
        0.96565,
        0.9759166666666667,
        0.98095,
        0.98535,
        0.98805,
        0.9906,
        0.9926333333333334,
        0.9942666666666666,
        0.99515,
        0.9964833333333334,
        0.9977333333333334,
        0.99825,
        0.9989333333333333,
        0.99935,
        0.9996,
        0.9998166666666667,
        0.9998333333333334,
        0.9999166666666667,
        0.9999666666666667,
        0.9999666666666667,
        0.9999666666666667,
        0.9999833333333333,
        0.9999666666666667
    ],
    "test_loss": [
        2.2965717933654783,
        0.1392331884616986,
        0.09539132795492188,
        0.09326698535310571,
        0.07911734334634384,
        0.07621411284938222,
        0.06924402857531677,
        0.07436266335317342,
        0.07859013342856633,
        0.06641861399131649,
        0.0702196019609375,
        0.06440254549850251,
        0.06356205256622524,
        0.06629025860182627,
        0.06648409275306713,
        0.06529610673711896,
        0.06783783864304119,
        0.06610942200518394,
        0.06837433334849424,
        0.0689467996407041,
        0.06978531565524497,
        0.06735770722969499,
        0.07033823276913709,
        0.06965965098378048,
        0.06897233093716482
    ],
    "test_acc": [
        0.1282,
        0.9572,
        0.971,
        0.9703,
        0.9765,
        0.9751,
        0.9785,
        0.977,
        0.9766,
        0.9809,
        0.9794,
        0.9811,
        0.9831,
        0.981,
        0.9817,
        0.9822,
        0.9827,
        0.9828,
        0.9833,
        0.9822,
        0.982,
        0.9835,
        0.9827,
        0.9823,
        0.9826
    ]
}