{
    "train_loss": [
        2.3047236925125123,
        0.2721055940263594,
        0.11622775832836826,
        0.08223910276214592,
        0.06486719843287331,
        0.051911686442249146,
        0.04189226488860246,
        0.03422222650712162,
        0.028186210889506038,
        0.022416633101177287,
        0.019142382809252498,
        0.015376162909953564,
        0.012121651286587438,
        0.009318832926289542,
        0.0073541121433052465,
        0.005601405151498815,
        0.00429438763706221,
        0.0035166280664435667,
        0.00287914839149239,
        0.0023983915152833712,
        0.0021122969383835727,
        0.001943336050042736,
        0.0017345998972916883,
        0.001544127414418017,
        0.001420986363339792
    ],
    "train_acc": [
        0.09708333333333333,
        0.9210333333333334,
        0.9650333333333333,
        0.9748333333333333,
        0.97995,
        0.98415,
        0.9871333333333333,
        0.9894,
        0.9916666666666667,
        0.99335,
        0.9946333333333334,
        0.9956,
        0.9971,
        0.9981333333333333,
        0.99855,
        0.9992,
        0.9995666666666667,
        0.9997666666666667,
        0.9998333333333334,
        0.9999166666666667,
        0.99995,
        0.99995,
        0.9999833333333333,
        0.9999833333333333,
        0.9999833333333333
    ],
    "test_loss": [
        2.304498468017578,
        0.1294886261941865,
        0.09952461114493198,
        0.08704349201060832,
        0.07616632568166824,
        0.0782954844184569,
        0.07059075980841299,
        0.07813408900582872,
        0.06408715193226526,
        0.07593595883692615,
        0.07079127342252177,
        0.08035015857983235,
        0.06616639097708249,
        0.07138138854984263,
        0.0719135856293382,
        0.07033092776467528,
        0.07086673934659866,
        0.07276381089711385,
        0.0703090521143581,
        0.07102763476650434,
        0.07077922284966194,
        0.07307163054451243,
        0.0721649150870875,
        0.07178658258503814,
        0.07387525599557457
    ],
    "test_acc": [
        0.0999,
        0.9617,
        0.9709,
        0.9742,
        0.9758,
        0.974,
        0.9786,
        0.9754,
        0.9801,
        0.9773,
        0.9783,
        0.9769,
        0.9807,
        0.9795,
        0.9797,
        0.9812,
        0.9799,
        0.9798,
        0.9814,
        0.9818,
        0.982,
        0.9808,
        0.982,
        0.9819,
        0.9814
    ]
}