{
    "train_loss": [
        2.2988321739832562,
        0.27487819266443453,
        0.11801099988507728,
        0.08305465712447961,
        0.06412567010588634,
        0.05065342678437591,
        0.04063254165903782,
        0.032522756647191516,
        0.027418912393015245,
        0.021551286068729435,
        0.01836772042898956,
        0.013754419532043297,
        0.011545606783524696,
        0.008875927996944302,
        0.006827031258533316,
        0.00519644211623945,
        0.004485606366914423,
        0.0037669215448973923,
        0.002930260069840066,
        0.0024103386957450615,
        0.0021160890211703192,
        0.0019158738356388767,
        0.0016790395861013393,
        0.0014968761743547247,
        0.0013802120976991166
    ],
    "train_acc": [
        0.16486666666666666,
        0.9188,
        0.9642333333333334,
        0.9743,
        0.9799833333333333,
        0.98435,
        0.9870666666666666,
        0.9899833333333333,
        0.9918833333333333,
        0.99345,
        0.99515,
        0.9965833333333334,
        0.99735,
        0.99835,
        0.9989833333333333,
        0.9995,
        0.9995833333333334,
        0.9997166666666667,
        0.9999333333333333,
        0.9999333333333333,
        0.99995,
        0.9999166666666667,
        1.0,
        0.9999833333333333,
        1.0
    ],
    "test_loss": [
        2.2975090656280517,
        0.1411066291514784,
        0.09940724585005083,
        0.08430505890590138,
        0.07843571133882506,
        0.09345741117540747,
        0.06798442769263638,
        0.0771040219334609,
        0.06713358241666792,
        0.07457993485591433,
        0.07336431062515585,
        0.06880351340216002,
        0.07311521139424804,
        0.07241752085429234,
        0.07130381066763766,
        0.06893168562193532,
        0.07459849252520116,
        0.07205534786484423,
        0.07156403018703526,
        0.07395943883231954,
        0.07357755721999273,
        0.07241509741989831,
        0.07464061703700335,
        0.07477118532136094,
        0.0750842222693527
    ],
    "test_acc": [
        0.167,
        0.9586,
        0.9706,
        0.9742,
        0.976,
        0.9707,
        0.9795,
        0.9774,
        0.9802,
        0.9789,
        0.9792,
        0.9815,
        0.9796,
        0.9808,
        0.9814,
        0.9816,
        0.9805,
        0.9813,
        0.982,
        0.9811,
        0.982,
        0.9824,
        0.9818,
        0.9814,
        0.9811
    ]
}