{
    "train_loss": [
        2.3051901514689126,
        0.2734803188910087,
        0.11709316327627749,
        0.08241152538786022,
        0.06393243552246908,
        0.0518983892143316,
        0.04007624972607785,
        0.03382037193404976,
        0.02690672426612,
        0.02133574694787967,
        0.017944823234222713,
        0.014406767226000374,
        0.011178468490122275,
        0.008888538161573282,
        0.007344143177972728,
        0.005371685655329505,
        0.004066948178994244,
        0.0035227273837716592,
        0.0028386359055914,
        0.002314622050882675,
        0.0020728453511188794,
        0.0018126525809262907,
        0.0016533135958070792,
        0.0015228914746761195,
        0.0013832530217946896
    ],
    "train_acc": [
        0.07936666666666667,
        0.9197333333333333,
        0.9654166666666667,
        0.9758333333333333,
        0.9806166666666667,
        0.9842333333333333,
        0.98745,
        0.9897166666666667,
        0.9920166666666667,
        0.99415,
        0.9951666666666666,
        0.9962,
        0.9974833333333334,
        0.9983,
        0.9986333333333334,
        0.9993166666666666,
        0.9996166666666667,
        0.9997166666666667,
        0.9999166666666667,
        0.9999666666666667,
        0.9999833333333333,
        0.99995,
        0.9999833333333333,
        0.9999833333333333,
        0.9999833333333333
    ],
    "test_loss": [
        2.3060512508392335,
        0.1354608148533851,
        0.10577952960222028,
        0.09702419431741582,
        0.08123723104398232,
        0.082313472456194,
        0.07603166621794226,
        0.07310861015861156,
        0.07420577396412555,
        0.07461679935055436,
        0.07795785042185671,
        0.07107017591424228,
        0.07053239358018618,
        0.07187736677933135,
        0.07406362982180908,
        0.07085339637016154,
        0.07193852871712407,
        0.07284762926232306,
        0.07201832371827672,
        0.07300768474492293,
        0.07370227091757536,
        0.07270310776239715,
        0.07410279536450755,
        0.07458840151844706,
        0.07533723502709024
    ],
    "test_acc": [
        0.077,
        0.9574,
        0.968,
        0.9691,
        0.9761,
        0.974,
        0.9762,
        0.9788,
        0.9773,
        0.9775,
        0.9768,
        0.9793,
        0.9791,
        0.9791,
        0.9782,
        0.9801,
        0.9787,
        0.98,
        0.98,
        0.9797,
        0.9794,
        0.9803,
        0.9803,
        0.9799,
        0.9801
    ]
}