{
    "train_loss": [
        2.305034884007772,
        0.2717094628720234,
        0.11872046330353866,
        0.08214963759087647,
        0.0628038538174238,
        0.05006797779911042,
        0.04103409369140863,
        0.03314646122341995,
        0.026167964227501943,
        0.021167338259552828,
        0.0166087842007318,
        0.012926718138861664,
        0.01086024353372292,
        0.007904250748082025,
        0.006488559891672412,
        0.004745813398455357,
        0.003931523320128266,
        0.003331460500092483,
        0.0026364932739585734,
        0.0021607867887811303,
        0.0019335116297660988,
        0.0017204886074307826,
        0.0015669768418445074,
        0.0014125570831718202,
        0.0013316947075151801
    ],
    "train_acc": [
        0.07181666666666667,
        0.92105,
        0.9655166666666667,
        0.9750833333333333,
        0.98095,
        0.9844333333333334,
        0.9877666666666667,
        0.9901166666666666,
        0.9920666666666667,
        0.9940166666666667,
        0.9956,
        0.9968166666666667,
        0.9972166666666666,
        0.9986,
        0.99895,
        0.9996,
        0.9996666666666667,
        0.99975,
        0.9998833333333333,
        1.0,
        0.9999833333333333,
        0.9999833333333333,
        1.0,
        1.0,
        1.0
    ],
    "test_loss": [
        2.3044456077575686,
        0.13529071174114943,
        0.09474183191847987,
        0.08657755077145994,
        0.07845408089612611,
        0.07572697471647989,
        0.07263267060680373,
        0.07175651380817581,
        0.07015962565641821,
        0.06851147777822443,
        0.06735102385566279,
        0.07729976802197125,
        0.07301267555256491,
        0.06726513311249069,
        0.06637932979372335,
        0.06794139668785301,
        0.06775771041481585,
        0.07008797308369949,
        0.06770573882649841,
        0.07093654944861023,
        0.07105301933959528,
        0.07305428373002427,
        0.07202206126807795,
        0.07253663984298087,
        0.07260813235974165
    ],
    "test_acc": [
        0.0753,
        0.958,
        0.9711,
        0.9719,
        0.9746,
        0.9762,
        0.9764,
        0.9793,
        0.9798,
        0.9779,
        0.979,
        0.9782,
        0.9785,
        0.98,
        0.9805,
        0.9809,
        0.9812,
        0.9807,
        0.9807,
        0.9806,
        0.981,
        0.9812,
        0.9815,
        0.9804,
        0.9811
    ]
}