{
    "train_loss": [
        2.304665460205078,
        0.2695796263450136,
        0.11500822396984635,
        0.08085444478994856,
        0.061541472451823453,
        0.048526373958836,
        0.039041445049410685,
        0.03236671881474128,
        0.026393857125421832,
        0.021124866045896973,
        0.017073371042869986,
        0.013314568745928651,
        0.011131898616475277,
        0.008486931858549845,
        0.006512790087489157,
        0.0052655496094026,
        0.004418670315426182,
        0.0035047791958141413,
        0.0028729919079462586,
        0.0024717529106812737,
        0.002033187998767437,
        0.001820699324404753,
        0.0016629644333478381,
        0.0014973035911013729,
        0.001362560038894973
    ],
    "train_acc": [
        0.08203333333333333,
        0.92065,
        0.9652833333333334,
        0.97555,
        0.9812666666666666,
        0.98505,
        0.9881333333333333,
        0.99035,
        0.99245,
        0.9938666666666667,
        0.99535,
        0.9969166666666667,
        0.9974333333333333,
        0.9984333333333333,
        0.9988666666666667,
        0.9993333333333333,
        0.9994666666666666,
        0.9996166666666667,
        0.99985,
        0.99985,
        0.9999666666666667,
        0.9999833333333333,
        0.9999833333333333,
        0.9999833333333333,
        1.0
    ],
    "test_loss": [
        2.3036648399353026,
        0.16538492788355796,
        0.1037944925202988,
        0.07876055945935659,
        0.08438147994095925,
        0.07955796724590473,
        0.06850982599433046,
        0.06799564468749086,
        0.06480168673072476,
        0.0704068419708994,
        0.07093980844248327,
        0.06877208518470086,
        0.06797830325335544,
        0.06615586239085566,
        0.06643564240678243,
        0.0703490640110016,
        0.06833075581318761,
        0.06930896204888347,
        0.06737861554814395,
        0.06752651941446883,
        0.07001438780007659,
        0.06928598808298513,
        0.06866763838970617,
        0.06842893579707178,
        0.06986676534051905
    ],
    "test_acc": [
        0.0829,
        0.9467,
        0.9688,
        0.9763,
        0.9737,
        0.9753,
        0.9784,
        0.9783,
        0.9791,
        0.9782,
        0.9772,
        0.9777,
        0.9797,
        0.9788,
        0.979,
        0.9805,
        0.9806,
        0.9795,
        0.9797,
        0.9806,
        0.9805,
        0.9798,
        0.9804,
        0.9807,
        0.9807
    ]
}