{
    "train_loss": [
        2.3047236925125123,
        0.9990677952955167,
        0.7763494998371151,
        0.757215239123148,
        0.7843931221542414,
        0.7179539380198385,
        0.74987252801994,
        0.8827549763774344,
        0.8582736442458971,
        0.8762763130181391,
        0.823900837682888,
        0.8090038391997417,
        0.7663101378418259,
        0.9037190826080914,
        0.9662890180548027,
        0.9852028530279795,
        0.8700232418276467,
        0.8593751829509274,
        0.822288478761694,
        0.8384851399787057,
        0.9448352856519322,
        0.91777083787908,
        0.8667171311453761,
        0.9208939387599627,
        0.8840224608887995
    ],
    "train_acc": [
        0.09708333333333333,
        0.7093833333333334,
        0.80165,
        0.8072833333333334,
        0.7895,
        0.8208166666666666,
        0.7939,
        0.7266833333333333,
        0.7345666666666667,
        0.72865,
        0.7379833333333333,
        0.7477666666666667,
        0.7916,
        0.73845,
        0.6804333333333333,
        0.66555,
        0.7187833333333333,
        0.7301666666666666,
        0.7368833333333333,
        0.73535,
        0.6791166666666667,
        0.70395,
        0.72,
        0.6964833333333333,
        0.7173666666666667
    ],
    "test_loss": [
        2.304498468017578,
        0.69589967058599,
        0.7322903408910474,
        1.0041370817586779,
        0.8542901871334762,
        0.8019881603067708,
        0.8843032950401306,
        0.866683134150505,
        1.0629800494432449,
        0.9089504211187363,
        0.9215087927639485,
        0.8905058583140372,
        1.1001446942031383,
        1.1415217885915423,
        1.1487356279850005,
        2.755990005850792,
        0.94869828889817,
        0.9858042827963829,
        0.9915544477462769,
        1.2211174175024033,
        1.1034605858325959,
        1.0997924014925957,
        1.4633477849841119,
        1.0393680256724358,
        1.081961301279068
    ],
    "test_acc": [
        0.0999,
        0.8353,
        0.8338,
        0.8085,
        0.7984,
        0.8189,
        0.7148,
        0.742,
        0.6883,
        0.7479,
        0.6859,
        0.7249,
        0.7831,
        0.7306,
        0.6505,
        0.6648,
        0.7327,
        0.7276,
        0.6992,
        0.7136,
        0.7426,
        0.7146,
        0.7021,
        0.7097,
        0.7315
    ]
}