{
    "train_loss": [
        2.305034884007772,
        1.3336596390247344,
        1.110781549257102,
        1.0274485703517993,
        0.9955485186357284,
        0.914014805803284,
        0.9917951733575816,
        0.9140596092527267,
        0.8695474034297076,
        0.8135171773942915,
        0.8574050125792118,
        0.8893623519041386,
        0.8475715201167758,
        0.9483514235645067,
        1.1108206099013487,
        0.9073525016719274,
        0.8687174006481966,
        0.8709182314450542,
        0.8959135281081001,
        0.8105061724960183,
        0.8610396619178976,
        0.9672402537027989,
        0.9284527150233587,
        0.889642088091901,
        0.8804377588521515
    ],
    "train_acc": [
        0.07181666666666667,
        0.5570333333333334,
        0.66665,
        0.713,
        0.7195833333333334,
        0.75395,
        0.7058166666666666,
        0.7609,
        0.7640333333333333,
        0.7813166666666667,
        0.7643666666666666,
        0.7512333333333333,
        0.73895,
        0.7011,
        0.6360666666666667,
        0.7199166666666666,
        0.7267166666666667,
        0.7197833333333333,
        0.71375,
        0.7392166666666666,
        0.7226166666666667,
        0.68975,
        0.7041,
        0.7160166666666666,
        0.7168333333333333
    ],
    "test_loss": [
        2.3044456077575686,
        1.139028676378727,
        0.9424939901351929,
        1.0899379872560502,
        0.857258008860497,
        0.9587277687968099,
        0.8031086405079375,
        0.8610106972103735,
        0.7378343190728025,
        0.7999596787908085,
        0.9022871549599886,
        1.2842042531847955,
        0.7927978496104479,
        1.5805759881138801,
        1.5709552079439164,
        0.9488765550434589,
        4.683519079899788,
        0.9209513047933579,
        1.0379570764422417,
        0.9424780884504318,
        1.097744906580448,
        1.1307247633099555,
        0.9465134594604373,
        0.9405652507901192,
        1.111355469584465
    ],
    "test_acc": [
        0.0753,
        0.679,
        0.7152,
        0.6198,
        0.7487,
        0.7407,
        0.7676,
        0.7731,
        0.8209,
        0.789,
        0.8142,
        0.6579,
        0.7557,
        0.6177,
        0.6506,
        0.7255,
        0.6404,
        0.7508,
        0.7252,
        0.7202,
        0.7087,
        0.6702,
        0.737,
        0.7341,
        0.7036
    ]
}