{
    "train_loss": [
        2.3056429417292277,
        1.0068902674771845,
        0.8921356966469437,
        1.0642508712209373,
        1.063052594115585,
        0.9230530751702686,
        0.9031600053996314,
        0.8404074174330259,
        0.8585118609984093,
        0.8776696240444978,
        0.8107077082431002,
        0.8459918020828627,
        0.8223158726554917,
        0.7813665302626343,
        0.8305331658999126,
        0.851569070681088,
        0.8047695565109452,
        0.8069990814362521,
        0.8192710879530612,
        0.8928832665065924,
        0.8740184738392551,
        0.8149367318296455,
        0.8393813506633043,
        0.8202786908080181,
        0.8573712435110783
    ],
    "train_acc": [
        0.07833333333333334,
        0.7145166666666667,
        0.751,
        0.6681666666666667,
        0.6688333333333333,
        0.71955,
        0.72325,
        0.7440333333333333,
        0.7383666666666666,
        0.7377,
        0.7902,
        0.7486666666666667,
        0.7471666666666666,
        0.7598333333333334,
        0.7387,
        0.7359166666666667,
        0.7449,
        0.7451166666666666,
        0.7354666666666667,
        0.7034833333333333,
        0.7256833333333333,
        0.74475,
        0.7368166666666667,
        0.73675,
        0.7295833333333334
    ],
    "test_loss": [
        2.3049506702423095,
        0.8004954089224339,
        0.8313059004068375,
        1.402294248867035,
        1.4239737237811088,
        0.8172840649336577,
        3.3965599710226058,
        0.9132803728818893,
        0.9450473577737808,
        0.9254849260684103,
        0.9393955531835556,
        0.8489529250203166,
        0.8244167102098465,
        0.8869922045469284,
        0.9051842003822327,
        0.9202559766769409,
        0.9053098665356636,
        1.0415479693889618,
        1.0165515354633332,
        1.0352741532444953,
        1.2942167898058892,
        0.9521988650083542,
        1.011427693450451,
        0.8959959818601608,
        0.9805047367572785
    ],
    "test_acc": [
        0.0826,
        0.7728,
        0.7754,
        0.5601,
        0.6521,
        0.766,
        0.6841,
        0.7026,
        0.6899,
        0.8355,
        0.6989,
        0.7404,
        0.7653,
        0.7543,
        0.7312,
        0.7442,
        0.7636,
        0.733,
        0.6712,
        0.733,
        0.7609,
        0.7584,
        0.7283,
        0.7095,
        0.7364
    ]
}