{
    "train_loss": [
        2.305674257342021,
        2.0071858331044514,
        1.2325837870121001,
        0.7713961832682291,
        0.5892192672729493,
        0.502211660049359,
        0.45219539380669593,
        0.4198269133468469,
        0.39722123668193815,
        0.3802713708758354,
        0.3669992468247811,
        0.35629888568272194,
        0.3472807130381465,
        0.33945887505610783,
        0.3325685933664441,
        0.3264671394020319,
        0.3209217829376459,
        0.31578465607762335,
        0.3109864397207896,
        0.3066152262767156,
        0.3024279517225921,
        0.2984844250033299,
        0.2947648105055094,
        0.2911837972422441,
        0.2877725326364239
    ],
    "train_acc": [
        0.10793333333333334,
        0.51345,
        0.77605,
        0.8349833333333333,
        0.8562,
        0.8694166666666666,
        0.87805,
        0.8845,
        0.8892333333333333,
        0.8928333333333334,
        0.8955333333333333,
        0.8980333333333334,
        0.9002833333333333,
        0.9022666666666667,
        0.9041666666666667,
        0.90575,
        0.9069,
        0.9088833333333334,
        0.90985,
        0.9113,
        0.9124,
        0.9135666666666666,
        0.9151833333333333,
        0.9161333333333334,
        0.9174333333333333
    ],
    "test_loss": [
        2.3052435230255126,
        1.6039970977783202,
        0.9070137841701508,
        0.6318884077787399,
        0.5140601130008697,
        0.45124870451688764,
        0.412811303794384,
        0.3869268794715405,
        0.3682818903207779,
        0.3538777399659157,
        0.34293154264092446,
        0.33363308301270006,
        0.3259016737267375,
        0.31960269483923914,
        0.31350695837140086,
        0.3084131243005395,
        0.3035752882599831,
        0.2994217499911785,
        0.295812958112359,
        0.2917145351335406,
        0.2881387778937817,
        0.2848655253812671,
        0.2820383476033807,
        0.2788862488552928,
        0.2760082101121545
    ],
    "test_acc": [
        0.1066,
        0.7179,
        0.8273,
        0.8555,
        0.8723,
        0.8826,
        0.8884,
        0.8942,
        0.8964,
        0.8993,
        0.9022,
        0.904,
        0.9059,
        0.9079,
        0.9099,
        0.9113,
        0.9143,
        0.9144,
        0.9169,
        0.9174,
        0.9188,
        0.919,
        0.9209,
        0.9216,
        0.9222
    ]
}