{
    "train_loss": [
        2.2988321739832562,
        2.2770336390813193,
        2.233479693412781,
        2.1878842235565186,
        2.1383501340230304,
        2.0841881252288816,
        2.0249021728833516,
        1.9609714034080505,
        1.8928880876859029,
        1.8212162674585979,
        1.74686952530543,
        1.6707633440335592,
        1.5940060182571412,
        1.517644287522634,
        1.4429425320307414,
        1.370487276093165,
        1.3012951993465423,
        1.235775055440267,
        1.174391471862793,
        1.1172761247316996,
        1.0644766666094463,
        1.0158633285045624,
        0.971303341960907,
        0.930552914237976,
        0.8932769896030426
    ],
    "train_acc": [
        0.16486666666666666,
        0.23065,
        0.35305,
        0.46695,
        0.5743833333333334,
        0.6431166666666667,
        0.683,
        0.7060833333333333,
        0.7239833333333333,
        0.7360666666666666,
        0.74375,
        0.7501,
        0.755,
        0.7594833333333333,
        0.7641666666666667,
        0.7698833333333334,
        0.7755333333333333,
        0.7817,
        0.7884666666666666,
        0.7945666666666666,
        0.8008666666666666,
        0.8063333333333333,
        0.81105,
        0.8152166666666667,
        0.8186166666666667
    ],
    "test_loss": [
        2.2975090656280517,
        2.2530410305023194,
        2.208003380584717,
        2.1596898006439207,
        2.1069183191299437,
        2.0490945165634153,
        1.9863023916244507,
        1.919092511177063,
        1.848005793952942,
        1.7737432443618775,
        1.697192444229126,
        1.6194278352737426,
        1.5415747795104981,
        1.4647673789978026,
        1.38999545879364,
        1.3181427438735962,
        1.2498757873535156,
        1.185668719768524,
        1.1257933533668518,
        1.0703305130958558,
        1.0192557803153992,
        0.972393754196167,
        0.9295191457748413,
        0.8903652164936066,
        0.8546339286327362
    ],
    "test_acc": [
        0.167,
        0.2972,
        0.4093,
        0.527,
        0.6203,
        0.6723,
        0.7035,
        0.7226,
        0.7346,
        0.7457,
        0.7545,
        0.759,
        0.7646,
        0.7697,
        0.7755,
        0.7812,
        0.7884,
        0.7937,
        0.7998,
        0.8057,
        0.8107,
        0.8158,
        0.8199,
        0.8239,
        0.8276
    ]
}