{
    "train_loss": [
        2.3091942808151247,
        2.279135806465149,
        2.2171976036071777,
        2.147158436965942,
        2.0647337416330975,
        1.9692184990564983,
        1.8618059251149495,
        1.745361842441559,
        1.6245557380040487,
        1.5049004810333253,
        1.3911630779107411,
        1.2865982547760009,
        1.1927559648036956,
        1.1098905304908753,
        1.0373871851126353,
        0.9742118065039317,
        0.9191938791513443,
        0.8711445754210154,
        0.8290140075206757,
        0.7919125524838766,
        0.7590852724949518,
        0.7298640017668406,
        0.7037178042332332,
        0.6802282533566157,
        0.6589790650447209
    ],
    "train_acc": [
        0.1055,
        0.14655,
        0.2905,
        0.47815,
        0.6054833333333334,
        0.67285,
        0.7035,
        0.7212666666666666,
        0.7309166666666667,
        0.7395666666666667,
        0.7505833333333334,
        0.76085,
        0.7735333333333333,
        0.7837,
        0.793,
        0.8024166666666667,
        0.80995,
        0.8168333333333333,
        0.8228666666666666,
        0.8284,
        0.8327166666666667,
        0.8370666666666666,
        0.8404833333333334,
        0.84405,
        0.8474
    ],
    "test_loss": [
        2.3092392925262453,
        2.247229597854614,
        2.1805294013977052,
        2.102729395675659,
        2.0117110263824465,
        1.9078596561431884,
        1.7930872257232666,
        1.6713615537643434,
        1.548123450088501,
        1.4289180129051209,
        1.3179509020805358,
        1.217510513305664,
        1.1284827902793884,
        1.050436309337616,
        0.9825383725166321,
        0.9232909976482392,
        0.8718749844551087,
        0.8268398161888123,
        0.7872971354484558,
        0.7525783558368683,
        0.721604779291153,
        0.694072376871109,
        0.6692591575622558,
        0.647162458062172,
        0.6270951479196548
    ],
    "test_acc": [
        0.1053,
        0.2033,
        0.3953,
        0.568,
        0.6568,
        0.7018,
        0.7253,
        0.7342,
        0.7426,
        0.7539,
        0.7656,
        0.7782,
        0.7895,
        0.8009,
        0.8084,
        0.8161,
        0.8227,
        0.8282,
        0.8327,
        0.8377,
        0.8416,
        0.8455,
        0.8498,
        0.8536,
        0.8571
    ]
}