{
    "train_loss": [
        2.305674257342021,
        2.279926938565572,
        2.2265953015645343,
        2.1664930323282876,
        2.0976242078781127,
        2.019445226128896,
        1.9322268597920735,
        1.8373586396535238,
        1.7370038594563801,
        1.6340476811091105,
        1.5314660250345866,
        1.4320702173868816,
        1.3380647720336913,
        1.2510154892921448,
        1.171662135632833,
        1.100134602578481,
        1.0361271510124206,
        0.9791511217117309,
        0.9284845277706782,
        0.8834032591025035,
        0.8432831822792689,
        0.8074884750684103,
        0.7754362249056498,
        0.7466822517951329,
        0.7207722763140997
    ],
    "train_acc": [
        0.10793333333333334,
        0.13226666666666667,
        0.22888333333333333,
        0.41583333333333333,
        0.5463,
        0.6048666666666667,
        0.6408166666666667,
        0.6716333333333333,
        0.6956666666666667,
        0.7174833333333334,
        0.7364833333333334,
        0.75235,
        0.7662833333333333,
        0.7779166666666667,
        0.7893833333333333,
        0.7993833333333333,
        0.8061166666666667,
        0.8130333333333334,
        0.81935,
        0.8248166666666666,
        0.8291166666666666,
        0.8332166666666667,
        0.8371166666666666,
        0.8401333333333333,
        0.8429666666666666
    ],
    "test_loss": [
        2.3052435230255126,
        2.252537874221802,
        2.1951150047302246,
        2.129319397354126,
        2.054242006492615,
        1.9697000217437743,
        1.8764826456069947,
        1.7764707090377807,
        1.6724334310531617,
        1.567309983253479,
        1.464187522315979,
        1.3656737782478332,
        1.2736869679450988,
        1.1893736247062683,
        1.1131357723236084,
        1.044839809036255,
        0.9838895033836365,
        0.92984724111557,
        0.8818108775615692,
        0.839149943113327,
        0.8012059882164001,
        0.7673081488132477,
        0.7370222822189331,
        0.7097297677278519,
        0.6851641172409058
    ],
    "test_acc": [
        0.1066,
        0.1629,
        0.3225,
        0.4989,
        0.5796,
        0.6238,
        0.658,
        0.6851,
        0.712,
        0.7343,
        0.7538,
        0.7715,
        0.7856,
        0.7983,
        0.8076,
        0.8147,
        0.8219,
        0.8278,
        0.8322,
        0.8364,
        0.8413,
        0.8445,
        0.8466,
        0.8499,
        0.8522
    ]
}