{
    "train_loss": [
        2.304665460205078,
        2.2826394687016807,
        2.238441866048177,
        2.192481734975179,
        2.1428487434387207,
        2.088649491182963,
        2.0295954292933147,
        1.9658853658040365,
        1.8978716462135314,
        1.8261255429585774,
        1.7514487871805826,
        1.6749109487533569,
        1.5975729835510253,
        1.5206067772229512,
        1.44516252562205,
        1.3720679382006327,
        1.3022613874435425,
        1.2362606992085774,
        1.174629502916336,
        1.1173473227818806,
        1.0644914363861084,
        1.0159038856983185,
        0.9714154878218969,
        0.9307393541812897,
        0.8935860117753347
    ],
    "train_acc": [
        0.08203333333333333,
        0.16341666666666665,
        0.35541666666666666,
        0.48861666666666664,
        0.5762,
        0.6357333333333334,
        0.6762166666666667,
        0.7008833333333333,
        0.7148666666666667,
        0.7231166666666666,
        0.7304333333333334,
        0.73645,
        0.74105,
        0.7453666666666666,
        0.7505166666666667,
        0.7563166666666666,
        0.7628,
        0.7694,
        0.77525,
        0.7818666666666667,
        0.7882333333333333,
        0.7951833333333334,
        0.8013333333333333,
        0.80625,
        0.8112166666666667
    ],
    "test_loss": [
        2.3036648399353026,
        2.2585188365936277,
        2.2127241039276124,
        2.1639536140441895,
        2.1107937171936033,
        2.0527789890289307,
        1.9899890449523925,
        1.9226860151290894,
        1.85133145236969,
        1.7766729402542114,
        1.6996128791809082,
        1.6212003528594972,
        1.5425897706985474,
        1.4649338998794557,
        1.3893049145698548,
        1.31665034866333,
        1.2476857091903686,
        1.1829358716964722,
        1.1226655373573302,
        1.0669440676689148,
        1.0157185415267944,
        0.9688017071723938,
        0.9259362869262695,
        0.8868537955760956,
        0.8512207931041718
    ],
    "test_acc": [
        0.0829,
        0.2614,
        0.4399,
        0.5484,
        0.6195,
        0.6664,
        0.7016,
        0.7229,
        0.7332,
        0.7396,
        0.7464,
        0.7529,
        0.7594,
        0.7639,
        0.7702,
        0.7756,
        0.7816,
        0.7869,
        0.7937,
        0.8005,
        0.808,
        0.8136,
        0.818,
        0.8225,
        0.8274
    ]
}