{
    "train_loss": [
        2.304665460205078,
        1.9192409994125366,
        1.0614834727446238,
        0.6837966515660286,
        0.5428019068479538,
        0.4724190861582756,
        0.4306484393239021,
        0.40301050277352335,
        0.38307806354463103,
        0.368002203220129,
        0.3558130993599693,
        0.34571433397978546,
        0.3370676300406456,
        0.3294048235674699,
        0.3224769526258111,
        0.3162103467911482,
        0.31057329522718985,
        0.30524023230026165,
        0.30030125869909924,
        0.2956590069259206,
        0.29128588339313866,
        0.2870698155318697,
        0.2830167340606451,
        0.2792295002152522,
        0.27547427384406326
    ],
    "train_acc": [
        0.08203333333333333,
        0.61635,
        0.7969166666666667,
        0.8438166666666667,
        0.8643,
        0.87645,
        0.88365,
        0.88895,
        0.8928,
        0.8959833333333334,
        0.8992,
        0.9020666666666667,
        0.9035166666666666,
        0.90605,
        0.90775,
        0.9091833333333333,
        0.9110833333333334,
        0.9125833333333333,
        0.9137666666666666,
        0.9155166666666666,
        0.9162166666666667,
        0.9180333333333334,
        0.9190333333333334,
        0.9199833333333334,
        0.92155
    ],
    "test_loss": [
        2.3036648399353026,
        1.4157672389030456,
        0.7795732791900635,
        0.5709429035186767,
        0.47808125920295713,
        0.427020133048296,
        0.39472760741114615,
        0.37234653858840466,
        0.35664757564663885,
        0.34326678229272367,
        0.33371323583126067,
        0.3249061967998743,
        0.3175970450028777,
        0.3101931761533022,
        0.30468074875473977,
        0.29990233417898415,
        0.29441052521914246,
        0.2899204107746482,
        0.2855713128328323,
        0.2821659851625562,
        0.2780150612801313,
        0.2747699570566416,
        0.2711672209918499,
        0.2676860500842333,
        0.2644548240743578
    ],
    "test_acc": [
        0.0829,
        0.7746,
        0.8404,
        0.8635,
        0.8788,
        0.888,
        0.8947,
        0.8973,
        0.9002,
        0.9032,
        0.9055,
        0.9078,
        0.9102,
        0.912,
        0.9135,
        0.9144,
        0.9166,
        0.9179,
        0.9193,
        0.9206,
        0.9218,
        0.9224,
        0.9228,
        0.9254,
        0.925
    ]
}