{
    "train_loss": [
        2.305674257342021,
        2.286013819630941,
        2.246410089810689,
        2.2045324192682902,
        2.1589024213155112,
        2.108904909992218,
        2.0543623735109966,
        1.9953507229804992,
        1.9318392104784647,
        1.8644317858378092,
        1.7937692703882853,
        1.7207200323422749,
        1.646164936319987,
        1.5712499099095663,
        1.4969934307734172,
        1.4243655352592468,
        1.3542098182678222,
        1.2872819624265035,
        1.223974770307541,
        1.1645944044748942,
        1.1092635426839192,
        1.0580748619238536,
        1.0108056689103444,
        0.967359265446663,
        0.9274465749502182
    ],
    "train_acc": [
        0.10793333333333334,
        0.12528333333333333,
        0.18033333333333335,
        0.2960333333333333,
        0.44215,
        0.5368,
        0.5856833333333333,
        0.6158666666666667,
        0.6378333333333334,
        0.6589666666666667,
        0.6765333333333333,
        0.6931333333333334,
        0.70895,
        0.7234166666666667,
        0.7368,
        0.7485666666666667,
        0.75915,
        0.7689666666666667,
        0.7777333333333334,
        0.7855,
        0.7927166666666666,
        0.79945,
        0.8055333333333333,
        0.81065,
        0.81465
    ],
    "test_loss": [
        2.3052435230255126,
        2.2651958824157714,
        2.22391916885376,
        2.1792868923187254,
        2.130443307876587,
        2.077111080169678,
        2.0191351259231567,
        1.9565578561782837,
        1.8897227701187134,
        1.819198415184021,
        1.745776330947876,
        1.670418355369568,
        1.5941535509109497,
        1.5180811819076538,
        1.4432573171615601,
        1.370640770816803,
        1.3009946020126342,
        1.2349128086090089,
        1.1727638493537902,
        1.1147641421318055,
        1.060977813911438,
        1.0113243759155273,
        0.9656657934188843,
        0.9237605224132538,
        0.8853724375247956
    ],
    "test_acc": [
        0.1066,
        0.1412,
        0.2327,
        0.3757,
        0.5004,
        0.5662,
        0.6019,
        0.6275,
        0.6502,
        0.6691,
        0.6871,
        0.7035,
        0.722,
        0.7375,
        0.7522,
        0.7651,
        0.7766,
        0.7857,
        0.7949,
        0.8034,
        0.8082,
        0.8145,
        0.8193,
        0.8235,
        0.8277
    ]
}