{
    "train_loss": [
        2.304665460205078,
        2.2707117163976034,
        2.199428608004252,
        2.117028616364797,
        2.020289166577657,
        1.9099055660883586,
        1.7887563449541728,
        1.6616413242975872,
        1.534225320116679,
        1.412268932946523,
        1.3000028053124746,
        1.1996939033031464,
        1.1118483226776124,
        1.0357388603687285,
        0.9700947584311167,
        0.9134470296939214,
        0.8643945358753204,
        0.821686180694898,
        0.7842940147956212,
        0.7513739752133687,
        0.7222021236817042,
        0.6961693324168523,
        0.6728647328456243,
        0.6518716735164325,
        0.632852862739563
    ],
    "train_acc": [
        0.08203333333333333,
        0.21776666666666666,
        0.46896666666666664,
        0.6014833333333334,
        0.67375,
        0.7100333333333333,
        0.7308166666666667,
        0.7413333333333333,
        0.74955,
        0.7593166666666666,
        0.77045,
        0.7817166666666666,
        0.7919833333333334,
        0.8019333333333334,
        0.81005,
        0.8184,
        0.82415,
        0.8303166666666667,
        0.8345333333333333,
        0.83815,
        0.8421,
        0.8456,
        0.8490833333333333,
        0.8518666666666667,
        0.85415
    ],
    "test_loss": [
        2.3036648399353026,
        2.2335561294555664,
        2.1557589630126954,
        2.064023914337158,
        1.957816197013855,
        1.8391327659606933,
        1.7118796127319336,
        1.5813771297454835,
        1.4537793964385985,
        1.3341839484214784,
        1.226160755634308,
        1.1309721970558166,
        1.0483258191108704,
        0.9770769696235657,
        0.9157934741020203,
        0.8630121202468872,
        0.8171287537574768,
        0.7772409344196319,
        0.742301904964447,
        0.7113744626998901,
        0.6840218148231506,
        0.6595743984699249,
        0.6375947362661362,
        0.6178491611003876,
        0.5999159916877747
    ],
    "test_acc": [
        0.0829,
        0.3709,
        0.5581,
        0.6567,
        0.7098,
        0.7378,
        0.7492,
        0.7615,
        0.7705,
        0.7822,
        0.7926,
        0.8025,
        0.8115,
        0.82,
        0.8281,
        0.8325,
        0.839,
        0.8435,
        0.8464,
        0.8504,
        0.8539,
        0.8561,
        0.8597,
        0.8614,
        0.8629
    ]
}