{
    "train_loss": [
        2.2972562834421795,
        2.2641896682103475,
        2.195489821942647,
        2.1193595525741578,
        2.0327982146263124,
        1.9358012909889222,
        1.829895932674408,
        1.717457369963328,
        1.6016185576756796,
        1.486320599714915,
        1.3756122175534566,
        1.2727749483426412,
        1.1798196659564972,
        1.0973169339815776,
        1.0249708467642467,
        0.9619073302745819,
        0.907034975417455,
        0.8592235971768697,
        0.8174289783636729,
        0.7807364409844081,
        0.7483548357804616,
        0.7196195584376653,
        0.6940144925355911,
        0.671048728966713,
        0.65037136165301
    ],
    "train_acc": [
        0.1213,
        0.23628333333333335,
        0.4070666666666667,
        0.5351166666666667,
        0.6224,
        0.67515,
        0.70755,
        0.7308833333333333,
        0.7483833333333333,
        0.76255,
        0.7740833333333333,
        0.7844166666666667,
        0.7943833333333333,
        0.8025666666666667,
        0.8106333333333333,
        0.81635,
        0.82255,
        0.8276666666666667,
        0.8327,
        0.83635,
        0.8401333333333333,
        0.8434333333333334,
        0.8465333333333334,
        0.8494333333333334,
        0.85175
    ],
    "test_loss": [
        2.2965717933654783,
        2.228717156982422,
        2.1557210033416747,
        2.0731103328704834,
        1.9794440803527833,
        1.8757122913360595,
        1.764063786125183,
        1.6472039978027344,
        1.5288817653656006,
        1.4133962592124938,
        1.304659587574005,
        1.2053168767929077,
        1.116741637802124,
        1.0388110502243042,
        0.9708105640411377,
        0.9117988795757294,
        0.8604903502941131,
        0.8157554688453674,
        0.7766463778495789,
        0.7422587753772736,
        0.7118348354816437,
        0.6847788139104843,
        0.6607259612321854,
        0.6390960361957551,
        0.6194934613466263
    ],
    "test_acc": [
        0.1282,
        0.3506,
        0.4937,
        0.6039,
        0.6653,
        0.6995,
        0.7254,
        0.7438,
        0.7606,
        0.7759,
        0.7889,
        0.7999,
        0.8073,
        0.8152,
        0.8206,
        0.8269,
        0.8333,
        0.8389,
        0.8422,
        0.8469,
        0.85,
        0.8529,
        0.8562,
        0.8598,
        0.8634
    ]
}