{
    "train_loss": [
        2.304665460205078,
        2.0423957907358807,
        1.3519595473130543,
        0.8564311438719432,
        0.6400495530724526,
        0.536676502764225,
        0.4782323070903619,
        0.4411509075284004,
        0.415335205339392,
        0.3965454400052627,
        0.3819625111137827,
        0.37022299199452,
        0.36047487633476655,
        0.3521782088090976,
        0.344871824349463,
        0.3384372345089912,
        0.332635774320364,
        0.3273204909235239,
        0.3224174210439126,
        0.31792833630889655,
        0.31366361742541193,
        0.3096802997067571,
        0.30590045156627893,
        0.30236261022239924,
        0.29897297116219995
    ],
    "train_acc": [
        0.08203333333333333,
        0.5754833333333333,
        0.7621333333333333,
        0.8158333333333333,
        0.84235,
        0.85815,
        0.8694166666666666,
        0.8764333333333333,
        0.8823,
        0.887,
        0.89035,
        0.8933333333333333,
        0.89605,
        0.8977833333333334,
        0.8996333333333333,
        0.9017333333333334,
        0.9036666666666666,
        0.9048166666666667,
        0.90605,
        0.9076166666666666,
        0.90875,
        0.9096666666666666,
        0.9108333333333334,
        0.9123333333333333,
        0.91335
    ],
    "test_loss": [
        2.3036648399353026,
        1.700529084587097,
        1.0168565384864807,
        0.6940813382387161,
        0.5537767804145813,
        0.48041964621543887,
        0.4357418008506298,
        0.40614965752959253,
        0.3855311328113079,
        0.3692368380188942,
        0.35723878435641526,
        0.34715749798864126,
        0.33886035570800305,
        0.33128426921963694,
        0.32510293101519344,
        0.31991115824729205,
        0.31450994624346496,
        0.3099190639063716,
        0.30564106658399104,
        0.3019826083861291,
        0.2981526839435101,
        0.29491943154484035,
        0.2916990889750421,
        0.28862549434155227,
        0.28576931561008095
    ],
    "test_acc": [
        0.0829,
        0.7483,
        0.807,
        0.8419,
        0.8603,
        0.8719,
        0.8824,
        0.8867,
        0.8913,
        0.8961,
        0.898,
        0.8992,
        0.9018,
        0.9035,
        0.9054,
        0.9069,
        0.9089,
        0.9102,
        0.9113,
        0.9127,
        0.9143,
        0.9151,
        0.9169,
        0.9176,
        0.919
    ]
}