{
    "train_loss": [
        2.303097758293152,
        2.0171648874282835,
        1.3234955066521963,
        0.8435383902231852,
        0.6329937718907992,
        0.5328382134079933,
        0.4759782694657644,
        0.4397327519893646,
        0.41477239676912625,
        0.39627078493535517,
        0.3819785095264514,
        0.3705493822067976,
        0.3609322182034453,
        0.352865232343475,
        0.34571107785950106,
        0.33940445050795875,
        0.3336878887767593,
        0.3285276698683699,
        0.323809842231373,
        0.3194016724785169,
        0.3153140829672416,
        0.31152090178281067,
        0.30788876839925844,
        0.30443171399235724,
        0.30121359594911334
    ],
    "train_acc": [
        0.10706666666666667,
        0.5513333333333333,
        0.7617666666666667,
        0.8207166666666666,
        0.8442,
        0.85885,
        0.8698166666666667,
        0.8771833333333333,
        0.8825,
        0.88695,
        0.8900166666666667,
        0.89315,
        0.89625,
        0.8977166666666667,
        0.8999833333333334,
        0.9013333333333333,
        0.9029833333333334,
        0.9045,
        0.90545,
        0.9073333333333333,
        0.90855,
        0.9094,
        0.9106666666666666,
        0.9115833333333333,
        0.91295
    ],
    "test_loss": [
        2.3041049377441407,
        1.6660644325256349,
        1.0022497753143311,
        0.6895564361810684,
        0.5527017416000366,
        0.4805259992837906,
        0.43622100345492365,
        0.4067610089361668,
        0.3861074047356844,
        0.37033447894454,
        0.3578866903543472,
        0.3478173914164305,
        0.33954741165339947,
        0.33217574970275165,
        0.32602024810761215,
        0.32032875259816646,
        0.31573320516496894,
        0.31080913986265657,
        0.306622461797297,
        0.30294803710505364,
        0.2995725190028548,
        0.2959600166134536,
        0.29292944641560315,
        0.29010313457399606,
        0.28701251562386754
    ],
    "test_acc": [
        0.1043,
        0.7301,
        0.8098,
        0.8424,
        0.8582,
        0.8697,
        0.8795,
        0.8854,
        0.8907,
        0.8931,
        0.8963,
        0.898,
        0.9007,
        0.9019,
        0.9045,
        0.9055,
        0.9083,
        0.9093,
        0.9113,
        0.9131,
        0.913,
        0.9148,
        0.9162,
        0.9174,
        0.9179
    ]
}