{
    "train_loss": [
        2.303097758293152,
        2.269413810857137,
        2.2029139972050986,
        2.1317020661671955,
        2.051762787818909,
        1.962756893412272,
        1.8663689855575563,
        1.7650023216883342,
        1.6610221138636272,
        1.5570373887697855,
        1.4556318595250448,
        1.3591866656780243,
        1.2694580433209737,
        1.1874889156659445,
        1.1135380837758382,
        1.0474843178272248,
        0.9887434129873911,
        0.9366328427553177,
        0.8904212936004003,
        0.8493723872184753,
        0.812823293741544,
        0.7801827025095621,
        0.750916410446167,
        0.7246076717456181,
        0.7008573055585225
    ],
    "train_acc": [
        0.10706666666666667,
        0.2277,
        0.4186666666666667,
        0.5243666666666666,
        0.59955,
        0.6497,
        0.6842166666666667,
        0.70895,
        0.7289166666666667,
        0.7402666666666666,
        0.7513666666666666,
        0.7626,
        0.7726,
        0.7826166666666666,
        0.7921333333333334,
        0.8,
        0.8076333333333333,
        0.8150833333333334,
        0.8207333333333333,
        0.8255,
        0.8304833333333334,
        0.83395,
        0.8373,
        0.8406166666666667,
        0.8431666666666666
    ],
    "test_loss": [
        2.3041049377441407,
        2.235838249206543,
        2.1667358966827392,
        2.0899962829589844,
        2.003717259979248,
        1.908869216156006,
        1.807778359603882,
        1.7028043535232544,
        1.596565336227417,
        1.4916856491088868,
        1.390880467414856,
        1.2962977731704712,
        1.2093291544914246,
        1.130550879573822,
        1.0600167558670044,
        0.9972349407196045,
        0.9416168423652649,
        0.8923564161777496,
        0.848658572769165,
        0.8098966782569885,
        0.7753911200046539,
        0.7444850068092346,
        0.7167455150365829,
        0.6918483386993408,
        0.6692104679584503
    ],
    "test_acc": [
        0.1043,
        0.339,
        0.4775,
        0.5668,
        0.6316,
        0.6756,
        0.7046,
        0.729,
        0.7428,
        0.7541,
        0.7666,
        0.7778,
        0.7875,
        0.7976,
        0.807,
        0.8133,
        0.8205,
        0.826,
        0.8291,
        0.8349,
        0.8377,
        0.8415,
        0.845,
        0.8486,
        0.8504
    ]
}