{
    "train_loss": [
        2.3091942808151247,
        2.280646377881368,
        2.2222024868647257,
        2.1571259538332623,
        2.08142104066213,
        1.9941019823074342,
        1.8958744798660279,
        1.7886771581331888,
        1.6758664461771646,
        1.561893045425415,
        1.4511562308947246,
        1.3471044948736826,
        1.2518129488945007,
        1.1662106403509775,
        1.0902580439567566,
        1.0233622140248617,
        0.9646317379156748,
        0.9130463993151983,
        0.8676527631044387,
        0.8275832346677781,
        0.792084619641304,
        0.760460761109988,
        0.7321794384082159,
        0.7067775491635004,
        0.6838199520071347
    ],
    "train_acc": [
        0.1055,
        0.14405,
        0.27658333333333335,
        0.45516666666666666,
        0.5883333333333334,
        0.6619666666666667,
        0.69605,
        0.7160333333333333,
        0.7267333333333333,
        0.7351,
        0.7447833333333334,
        0.7537666666666667,
        0.7644166666666666,
        0.7757,
        0.7855166666666666,
        0.7949833333333334,
        0.8022666666666667,
        0.8098166666666666,
        0.8165333333333333,
        0.8219,
        0.8278166666666666,
        0.83175,
        0.8351833333333334,
        0.8390666666666666,
        0.84225
    ],
    "test_loss": [
        2.3092392925262453,
        2.2504097045898437,
        2.1879151973724364,
        2.1160744258880615,
        2.032727576446533,
        1.9378046077728273,
        1.8326215375900268,
        1.7198321142196655,
        1.603610481452942,
        1.4887319524765015,
        1.3793267602920531,
        1.278165303993225,
        1.186778207206726,
        1.105433970451355,
        1.0337735026359558,
        0.9707128997802734,
        0.9155875623703003,
        0.8671128985404968,
        0.8244266216754913,
        0.786849064207077,
        0.7533503367900848,
        0.7235474689245224,
        0.696726011800766,
        0.6727934109210968,
        0.6511028506278992
    ],
    "test_acc": [
        0.1053,
        0.1971,
        0.3727,
        0.5487,
        0.6425,
        0.6924,
        0.7169,
        0.7312,
        0.7394,
        0.7477,
        0.7582,
        0.7705,
        0.7815,
        0.7923,
        0.8022,
        0.8101,
        0.8173,
        0.8232,
        0.8275,
        0.8328,
        0.8354,
        0.8399,
        0.8435,
        0.848,
        0.8517
    ]
}