{
    "train_loss": [
        2.2988321739832562,
        2.266958629290263,
        2.200466010602315,
        2.123743212000529,
        2.0337856018384297,
        1.9316237679799397,
        1.8197692820549012,
        1.7018355697631835,
        1.5822975333213807,
        1.465649053478241,
        1.3557526180108388,
        1.2551841954708098,
        1.1651648369312286,
        1.0857520653883617,
        1.0163131917158763,
        0.9557845430453619,
        0.9030379900058111,
        0.8569502244949341,
        0.8165433251857758,
        0.7809431007067362,
        0.7494319565296174,
        0.7213925176064173,
        0.6962961476365725,
        0.6737464235226314,
        0.6533644762794176
    ],
    "train_acc": [
        0.16486666666666666,
        0.25905,
        0.43345,
        0.5963,
        0.6832,
        0.7178833333333333,
        0.73925,
        0.7516833333333334,
        0.7587,
        0.76815,
        0.7768666666666667,
        0.7868666666666667,
        0.7969333333333334,
        0.80595,
        0.8128333333333333,
        0.8188833333333333,
        0.82425,
        0.8293833333333334,
        0.8333833333333334,
        0.8365166666666667,
        0.8405,
        0.8434166666666667,
        0.846,
        0.8489333333333333,
        0.85135
    ],
    "test_loss": [
        2.2975090656280517,
        2.232117586898804,
        2.1599460987091064,
        2.0750764629364014,
        1.9768968856811524,
        1.867635097694397,
        1.7502047822952271,
        1.6288118846893311,
        1.5082047857284546,
        1.3928304749488831,
        1.2859717584609984,
        1.1894570240974427,
        1.1039325704574585,
        1.0290602197647094,
        0.9637873595237731,
        0.9070273583412171,
        0.8575389151096344,
        0.8142395936489105,
        0.7762508582115173,
        0.7427099425792694,
        0.7130482386827469,
        0.6865317183494568,
        0.6626951440811157,
        0.6413377770423889,
        0.621984589624405
    ],
    "test_acc": [
        0.167,
        0.3495,
        0.5288,
        0.6554,
        0.7097,
        0.7363,
        0.7522,
        0.7624,
        0.7721,
        0.7812,
        0.7913,
        0.8009,
        0.809,
        0.8168,
        0.8245,
        0.8292,
        0.8338,
        0.8386,
        0.8426,
        0.8456,
        0.85,
        0.8534,
        0.8555,
        0.8583,
        0.8611
    ]
}