{
    "train_loss": [
        2.305034884007772,
        2.283368794377645,
        2.2407746850331622,
        2.1965184141794842,
        2.1483577688217164,
        2.094678469403585,
        2.0343242222468056,
        1.9670989005406698,
        1.893334044233958,
        1.813699321492513,
        1.72919263753891,
        1.6414240268071492,
        1.5522676003456115,
        1.4638437710762024,
        1.377881044769287,
        1.2959219559987387,
        1.2190892838637033,
        1.148096117035548,
        1.0832456361134848,
        1.0244722934405008,
        0.9715386208613713,
        0.9239968997796376,
        0.8814088341077169,
        0.8432147161483765,
        0.8089261991421381
    ],
    "train_acc": [
        0.07181666666666667,
        0.12658333333333333,
        0.2567333333333333,
        0.38888333333333336,
        0.48165,
        0.5422166666666667,
        0.5990166666666666,
        0.6488833333333334,
        0.6867666666666666,
        0.7152666666666667,
        0.7344666666666667,
        0.7488666666666667,
        0.7610333333333333,
        0.7701666666666667,
        0.77895,
        0.7866833333333333,
        0.7946833333333333,
        0.8009166666666667,
        0.8071,
        0.8123333333333334,
        0.8173833333333334,
        0.8223,
        0.8254666666666667,
        0.8293666666666667,
        0.8334666666666667
    ],
    "test_loss": [
        2.3044456077575686,
        2.260118940734863,
        2.2159395412445066,
        2.168888130950928,
        2.1170890083312988,
        2.058957321357727,
        1.9938077142715454,
        1.9218226474761964,
        1.8435639165878297,
        1.7598030612945557,
        1.671897802734375,
        1.581664140701294,
        1.491171474647522,
        1.4023988593101502,
        1.3170962052345276,
        1.236549411201477,
        1.1617129179954528,
        1.0930523157119751,
        1.0306894419670105,
        0.9744968647956849,
        0.9240396527290344,
        0.8788562863826752,
        0.8383928989410401,
        0.8021556567192077,
        0.7696477792263031
    ],
    "test_acc": [
        0.0753,
        0.192,
        0.3366,
        0.4589,
        0.5223,
        0.5819,
        0.6378,
        0.6784,
        0.7079,
        0.7326,
        0.7509,
        0.7624,
        0.7719,
        0.783,
        0.7901,
        0.7972,
        0.8038,
        0.8115,
        0.8182,
        0.8227,
        0.8272,
        0.8305,
        0.8344,
        0.8375,
        0.8405
    ]
}