{
    "train_loss": [
        2.3047236925125123,
        1.8453981062571208,
        0.9487349681456884,
        0.6233461891730626,
        0.5072537877718608,
        0.4489662729024887,
        0.4135013508359591,
        0.389719801479578,
        0.3719619366854429,
        0.35823381489316625,
        0.34712808336814244,
        0.3376830533420046,
        0.3294902656962474,
        0.3221458498204748,
        0.31561866277704637,
        0.3095688179418445,
        0.30402970670312646,
        0.29875173255528015,
        0.29387002578328053,
        0.28918411416312056,
        0.28481624425450963,
        0.2806328788019717,
        0.27652587138315043,
        0.27258603128393494,
        0.2686645543843508
    ],
    "train_acc": [
        0.09708333333333333,
        0.6365,
        0.8217,
        0.8561,
        0.87195,
        0.8822833333333333,
        0.8881833333333333,
        0.8927666666666667,
        0.8963833333333333,
        0.8992,
        0.9021166666666667,
        0.9041666666666667,
        0.90655,
        0.9085166666666666,
        0.9100833333333334,
        0.91175,
        0.9131333333333334,
        0.9147,
        0.9165333333333333,
        0.9179333333333334,
        0.919,
        0.9206166666666666,
        0.9218333333333333,
        0.9231166666666667,
        0.9246
    ],
    "test_loss": [
        2.304498468017578,
        1.2773196551322936,
        0.7007417584180832,
        0.5281587429881096,
        0.45139430795907975,
        0.40909316027760506,
        0.38132651441693305,
        0.36234702891111376,
        0.3480465426236391,
        0.335955740454793,
        0.32623883170485496,
        0.3188210334181786,
        0.31184994359761475,
        0.30550803774297236,
        0.30006691024154425,
        0.2952271124660969,
        0.2903687284439802,
        0.2854282622128725,
        0.28105781147480013,
        0.277742733079195,
        0.2740475175440311,
        0.2702181223899126,
        0.26679843942299486,
        0.26292367312014103,
        0.2599308769263327
    ],
    "test_acc": [
        0.0999,
        0.7963,
        0.8525,
        0.8724,
        0.8838,
        0.8901,
        0.8952,
        0.8981,
        0.9015,
        0.9026,
        0.9065,
        0.9095,
        0.91,
        0.9127,
        0.9151,
        0.9166,
        0.9173,
        0.9191,
        0.9207,
        0.9204,
        0.9222,
        0.9231,
        0.9233,
        0.9241,
        0.9262
    ]
}