{
    "train_loss": [
        2.305034884007772,
        2.280536040878296,
        2.231892644818624,
        2.179928508122762,
        2.1215221883773805,
        2.0544591973304747,
        1.9778252958933513,
        1.8921607034365335,
        1.7984656997680664,
        1.6985747567494711,
        1.5953694680213928,
        1.4921887813568115,
        1.391987841240565,
        1.2973053225835165,
        1.2098663715203604,
        1.1305855645179748,
        1.0596793674468994,
        0.9968307068665823,
        0.9413853422959646,
        0.892525424528122,
        0.8494382422129313,
        0.811321825782458,
        0.7775248806079229,
        0.747425956718127,
        0.7205007179260254
    ],
    "train_acc": [
        0.07181666666666667,
        0.13513333333333333,
        0.2838833333333333,
        0.4262,
        0.5139833333333333,
        0.5836333333333333,
        0.6444833333333333,
        0.6895166666666667,
        0.7219,
        0.7414,
        0.7568666666666667,
        0.7687333333333334,
        0.7791166666666667,
        0.7885833333333333,
        0.7973166666666667,
        0.80515,
        0.8113,
        0.8172,
        0.8221,
        0.8266833333333333,
        0.83115,
        0.8356333333333333,
        0.8392166666666667,
        0.8421,
        0.8450333333333333
    ],
    "test_loss": [
        2.3044456077575686,
        2.2542625087738037,
        2.2032303745269775,
        2.147181474685669,
        2.083358013153076,
        2.0099906661987306,
        1.9270792320251464,
        1.8355041547775268,
        1.7365755573272705,
        1.632783690261841,
        1.52738374004364,
        1.4236940444946289,
        1.3245663711547853,
        1.2321123125076294,
        1.1477652174949646,
        1.07193877286911,
        1.0046094619750976,
        0.9451612297534943,
        0.8928425055027008,
        0.8468682427883149,
        0.8063088355064392,
        0.7704440854549408,
        0.7385752953052521,
        0.7101846174955369,
        0.6847855674743653
    ],
    "test_acc": [
        0.0753,
        0.211,
        0.3726,
        0.4891,
        0.5585,
        0.629,
        0.6791,
        0.7131,
        0.7406,
        0.7593,
        0.7709,
        0.783,
        0.792,
        0.7998,
        0.8078,
        0.816,
        0.822,
        0.827,
        0.8315,
        0.8356,
        0.8396,
        0.8433,
        0.8476,
        0.8492,
        0.8532
    ]
}