{
    "train_loss": [
        2.304665460205078,
        1.822775112803777,
        0.9186817693948746,
        0.6144831683317821,
        0.5019494187672933,
        0.44433122968475025,
        0.40928092953165374,
        0.3854225496460994,
        0.36776482693751655,
        0.3540277546654145,
        0.3425867917885383,
        0.3329079833606879,
        0.32444861569404604,
        0.31674417709062497,
        0.3097389765322208,
        0.3033674858043591,
        0.2976091254770756,
        0.29204442742367587,
        0.2868765174632271,
        0.2819224664464593,
        0.27727979774177075,
        0.2727526762937506,
        0.26838830974126854,
        0.26430363290111225,
        0.260243631434689
    ],
    "train_acc": [
        0.08203333333333333,
        0.6413166666666666,
        0.8158833333333333,
        0.8565166666666667,
        0.8739666666666667,
        0.8834,
        0.8892666666666666,
        0.8941,
        0.8975166666666666,
        0.90055,
        0.90345,
        0.9058666666666667,
        0.9079166666666667,
        0.9100666666666667,
        0.91185,
        0.9136166666666666,
        0.9152833333333333,
        0.9171333333333334,
        0.9184166666666667,
        0.91965,
        0.9215333333333333,
        0.9227333333333333,
        0.9243166666666667,
        0.9253,
        0.9265
    ],
    "test_loss": [
        2.3036648399353026,
        1.227473229598999,
        0.6843550267696381,
        0.5206257348418236,
        0.4455805519938469,
        0.40351258736848833,
        0.37636297370791433,
        0.3567564076691866,
        0.3429387943953276,
        0.33061687417924407,
        0.32185861946344374,
        0.3134427242487669,
        0.30628584995269775,
        0.2986625926733017,
        0.29322165302038194,
        0.28839589358866213,
        0.28269680378586054,
        0.2779018891990185,
        0.27330475342720745,
        0.26971441173404453,
        0.26511443234831095,
        0.26169927875325083,
        0.25775149460434915,
        0.2539375477179885,
        0.2503700618878007
    ],
    "test_acc": [
        0.0829,
        0.7935,
        0.8529,
        0.8747,
        0.8861,
        0.8941,
        0.8978,
        0.9009,
        0.9059,
        0.9078,
        0.9096,
        0.9128,
        0.9139,
        0.916,
        0.9182,
        0.9188,
        0.9206,
        0.9226,
        0.9239,
        0.9242,
        0.9257,
        0.9261,
        0.9273,
        0.9283,
        0.9293
    ]
}