{
    "train_loss": [
        2.303097758293152,
        1.8927529044151306,
        1.046082810719808,
        0.6776555859486262,
        0.5394819188276927,
        0.4708356005271276,
        0.43004043150345483,
        0.40284572553833325,
        0.3833581322610378,
        0.36844008388419947,
        0.356427196748058,
        0.34660775578220687,
        0.33811469027400015,
        0.3307668053716421,
        0.32410368506163356,
        0.31815248044778904,
        0.3126510504464308,
        0.30754897319773833,
        0.30282011823405824,
        0.29823414969344936,
        0.2938829816132784,
        0.2897817324191332,
        0.28576032797594864,
        0.28190072462136545,
        0.27815604282567896
    ],
    "train_acc": [
        0.10706666666666667,
        0.6015,
        0.7988833333333333,
        0.8459666666666666,
        0.8653333333333333,
        0.8761,
        0.8834666666666666,
        0.88955,
        0.893,
        0.8963,
        0.8993333333333333,
        0.9013333333333333,
        0.9035333333333333,
        0.90555,
        0.90735,
        0.9088333333333334,
        0.9101333333333333,
        0.9119833333333334,
        0.9133666666666667,
        0.9150166666666667,
        0.9163833333333333,
        0.9178833333333334,
        0.9192833333333333,
        0.9204833333333333,
        0.9212833333333333
    ],
    "test_loss": [
        2.3041049377441407,
        1.3913020300865173,
        0.7756525560855866,
        0.570012423157692,
        0.47893567734956743,
        0.4281358418405056,
        0.39583435963988306,
        0.373565175023675,
        0.3576580279201269,
        0.34461812108755113,
        0.33438361056745053,
        0.3257441244214773,
        0.31851498870998624,
        0.31182818830907344,
        0.3062738634064794,
        0.3010470419302583,
        0.29702333633750677,
        0.2920858803346753,
        0.2876973272383213,
        0.28376814865469935,
        0.2807034540683031,
        0.2764469777613878,
        0.2730351869031787,
        0.26970339074879884,
        0.26611592994630334
    ],
    "test_acc": [
        0.1043,
        0.7637,
        0.838,
        0.8623,
        0.8778,
        0.8868,
        0.8923,
        0.8964,
        0.8992,
        0.9015,
        0.9051,
        0.9068,
        0.9087,
        0.91,
        0.9115,
        0.9131,
        0.9153,
        0.9156,
        0.918,
        0.9192,
        0.92,
        0.9219,
        0.9224,
        0.9237,
        0.9245
    ]
}