{
    "train_loss": [
        2.3056429417292277,
        2.2818853780110677,
        2.2340822947820027,
        2.1822175388336182,
        2.1223949846267702,
        2.052478667545319,
        1.972598141638438,
        1.8842602381070455,
        1.7893191922505696,
        1.689826045513153,
        1.5883554482777913,
        1.4878254646937052,
        1.3908942087491354,
        1.299704970773061,
        1.2156292824427286,
        1.1393206805229188,
        1.0708672455946604,
        1.0098822570164998,
        0.9557747804800669,
        0.907812055404981,
        0.8652526123682658,
        0.8274144369999568,
        0.7936872766971588,
        0.763484639843305,
        0.7363541307131449
    ],
    "train_acc": [
        0.07833333333333334,
        0.14446666666666666,
        0.31701666666666667,
        0.4851,
        0.5872333333333334,
        0.63405,
        0.657,
        0.6769666666666667,
        0.6981,
        0.7169166666666666,
        0.7357333333333334,
        0.75125,
        0.7638,
        0.7754333333333333,
        0.7847666666666666,
        0.7928833333333334,
        0.801,
        0.8077,
        0.8131833333333334,
        0.8176666666666667,
        0.8220833333333334,
        0.8266,
        0.8304,
        0.8338833333333333,
        0.8361833333333333
    ],
    "test_loss": [
        2.3049506702423095,
        2.2564418079376223,
        2.206327348327637,
        2.149984024810791,
        2.0839991416931154,
        2.0073323390960693,
        1.9210245334625244,
        1.8270302366256714,
        1.7272970476150513,
        1.6242149700164794,
        1.5207511316299438,
        1.4198496149063111,
        1.323985563659668,
        1.2349947706222535,
        1.153809167098999,
        1.0807449778556824,
        1.0156464903831481,
        0.9579191926956176,
        0.9068397999763489,
        0.8616700699806213,
        0.8215595150947571,
        0.7859479157924653,
        0.7541469372272491,
        0.7256969724655151,
        0.7000571323394775
    ],
    "test_acc": [
        0.0826,
        0.2267,
        0.4196,
        0.5622,
        0.6257,
        0.6555,
        0.6751,
        0.6953,
        0.7142,
        0.7335,
        0.7527,
        0.7659,
        0.7769,
        0.7861,
        0.7952,
        0.8031,
        0.8102,
        0.8154,
        0.8198,
        0.825,
        0.8292,
        0.8335,
        0.8387,
        0.8414,
        0.8451
    ]
}