{
    "train_loss": [
        2.3091942808151247,
        2.0290442735989886,
        1.2785347520351409,
        0.8020105237086614,
        0.6083178047617277,
        0.5147244196156661,
        0.4605340191821257,
        0.4256979382753372,
        0.4015403434862693,
        0.38365405510365963,
        0.3698719775607189,
        0.3586875753010313,
        0.3495080026442806,
        0.3415566941748063,
        0.334671884402136,
        0.32853877543161314,
        0.3230807172641158,
        0.31798221485614775,
        0.3133008223712444,
        0.30881176808029415,
        0.30476913104554015,
        0.3008817659402887,
        0.2971104287090401,
        0.2935520372614264,
        0.29011256663973134
    ],
    "train_acc": [
        0.1055,
        0.5243666666666666,
        0.7613166666666666,
        0.8208,
        0.8485166666666667,
        0.8647666666666667,
        0.8761666666666666,
        0.8833666666666666,
        0.8886,
        0.8922,
        0.8953666666666666,
        0.8979333333333334,
        0.8999,
        0.9021166666666667,
        0.904,
        0.9053166666666667,
        0.9066833333333333,
        0.9087,
        0.90985,
        0.91115,
        0.9125333333333333,
        0.9136,
        0.9148833333333334,
        0.9159833333333334,
        0.9169166666666667
    ],
    "test_loss": [
        2.3092392925262453,
        1.6497410110473634,
        0.9462936583518982,
        0.6572813523292541,
        0.5307031447529793,
        0.46261948235034944,
        0.4201525764465332,
        0.3926226360976696,
        0.3724567588478327,
        0.35697558225393294,
        0.345597097453475,
        0.33626494460850953,
        0.32809891704022887,
        0.3216428674340248,
        0.3156280254602432,
        0.31039932173490525,
        0.3055329117491841,
        0.30133837680369613,
        0.2969061593309045,
        0.29380711354911326,
        0.28956807034611703,
        0.28666291604042055,
        0.2831312914147973,
        0.28071038515120744,
        0.2775668859213591
    ],
    "test_acc": [
        0.1053,
        0.7351,
        0.8067,
        0.8439,
        0.8663,
        0.8789,
        0.8876,
        0.8925,
        0.8975,
        0.8997,
        0.9023,
        0.9053,
        0.9065,
        0.9092,
        0.9103,
        0.9112,
        0.9129,
        0.9145,
        0.9163,
        0.9174,
        0.9188,
        0.9199,
        0.9201,
        0.9212,
        0.9225
    ]
}