{
    "train_loss": [
        2.3056429417292277,
        2.27911163482666,
        2.2250201542536416,
        2.164268960126241,
        2.091623761018117,
        2.0054529265403747,
        1.9073538630167644,
        1.8001267724672954,
        1.686719730981191,
        1.5711773094813029,
        1.4578218843142192,
        1.3504269427140554,
        1.2516534744262695,
        1.1628890206019085,
        1.0843737450281778,
        1.015549277194341,
        0.9555233493804932,
        0.9031589640696843,
        0.8574088165521622,
        0.8172759789307912,
        0.7819099994182587,
        0.750584664328893,
        0.7227017272075017,
        0.6977359258174897,
        0.6752782164692879
    ],
    "train_acc": [
        0.07833333333333334,
        0.15433333333333332,
        0.35013333333333335,
        0.52375,
        0.6122,
        0.6502,
        0.6733833333333333,
        0.6967666666666666,
        0.7212166666666666,
        0.7399833333333333,
        0.7563,
        0.7707,
        0.7823666666666667,
        0.7922666666666667,
        0.80045,
        0.8075666666666667,
        0.8145666666666667,
        0.81955,
        0.8249833333333333,
        0.8296,
        0.8335,
        0.8369666666666666,
        0.84,
        0.84295,
        0.8455333333333334
    ],
    "test_loss": [
        2.3049506702423095,
        2.2506755588531493,
        2.1931455684661865,
        2.1258236757278444,
        2.0447000185012816,
        1.9500993356704712,
        1.8446508741378784,
        1.7313269107818603,
        1.6137171165466309,
        1.4963692819595338,
        1.3835485696792602,
        1.2786337628364564,
        1.1835749773025512,
        1.0991733088493347,
        1.0250214481353759,
        0.9603979009151459,
        0.9042123915195465,
        0.8552576441764832,
        0.81248178524971,
        0.7749845936775207,
        0.7417996000289917,
        0.7124408431768418,
        0.6862049983024597,
        0.6627419426441192,
        0.6415216534852981
    ],
    "test_acc": [
        0.0826,
        0.25,
        0.4636,
        0.5904,
        0.6455,
        0.6704,
        0.6942,
        0.7166,
        0.737,
        0.7569,
        0.7717,
        0.783,
        0.7934,
        0.8009,
        0.8096,
        0.8178,
        0.8229,
        0.8269,
        0.832,
        0.8368,
        0.8422,
        0.8458,
        0.8494,
        0.8519,
        0.8536
    ]
}