{
    "train_loss": [
        2.3051901514689126,
        1.9174422531763713,
        1.0679224441210429,
        0.685281548778216,
        0.543463751856486,
        0.473009134320418,
        0.43126517303188644,
        0.4036403363476197,
        0.383856704907616,
        0.368804036239783,
        0.3567265485008558,
        0.3467451660643021,
        0.33826576407949127,
        0.3308333023260037,
        0.3243175893033544,
        0.31833917604535816,
        0.3129007797991236,
        0.30784622437978787,
        0.30316778613924983,
        0.2987030024419228,
        0.2945763418793678,
        0.29060996618568896,
        0.28675441122253736,
        0.2830618694176277,
        0.2795051256147524
    ],
    "train_acc": [
        0.07936666666666667,
        0.5704,
        0.7976,
        0.8427166666666667,
        0.8631,
        0.87485,
        0.88305,
        0.8886833333333334,
        0.8930166666666667,
        0.8966166666666666,
        0.899,
        0.9019333333333334,
        0.9039666666666667,
        0.9058333333333334,
        0.9074333333333333,
        0.90925,
        0.9107166666666666,
        0.9121666666666667,
        0.91325,
        0.9144166666666667,
        0.916,
        0.9172,
        0.9185666666666666,
        0.9193166666666667,
        0.9202333333333333
    ],
    "test_loss": [
        2.3060512508392335,
        1.4245093747138977,
        0.7853720379829406,
        0.5737411685943603,
        0.4801353784799576,
        0.42876797971725467,
        0.395943673568964,
        0.37407875192463397,
        0.35751152288019655,
        0.3450429568588734,
        0.3351932799041271,
        0.3269432655245066,
        0.3198936833426356,
        0.31356057296544315,
        0.30742161557376385,
        0.30233324104696513,
        0.2977959349915385,
        0.2933381891861558,
        0.28979231443554165,
        0.2860586507663131,
        0.2826610186472535,
        0.27875203847140073,
        0.2753091910712421,
        0.27206520708203313,
        0.2688508498005569
    ],
    "test_acc": [
        0.077,
        0.7567,
        0.8354,
        0.8623,
        0.8772,
        0.8868,
        0.8915,
        0.8958,
        0.8997,
        0.9022,
        0.9052,
        0.9069,
        0.9088,
        0.9118,
        0.9129,
        0.9149,
        0.9167,
        0.9173,
        0.9187,
        0.9197,
        0.9199,
        0.9214,
        0.9226,
        0.923,
        0.9244
    ]
}