{
    "train_loss": [
        2.3091942808151247,
        1.971915859190623,
        1.138555458164215,
        0.7199194612900416,
        0.5614031299591065,
        0.4833625017682711,
        0.43766146382689475,
        0.4078323658466339,
        0.38679034164647264,
        0.37087241863111653,
        0.35838373851080735,
        0.34804183655579884,
        0.3394501646151145,
        0.3318633443295956,
        0.3251902929380536,
        0.31913511567463476,
        0.3137031950796644,
        0.30851520423690476,
        0.3037022078643242,
        0.29900795568401617,
        0.29480469874491294,
        0.2906889969371259,
        0.2866685805397729,
        0.2828401593469083,
        0.2791083454338213
    ],
    "train_acc": [
        0.1055,
        0.5501833333333334,
        0.7792666666666667,
        0.8352333333333334,
        0.8595166666666667,
        0.8739666666666667,
        0.8825833333333334,
        0.8888666666666667,
        0.8928666666666667,
        0.8962,
        0.8988666666666667,
        0.9017166666666667,
        0.9033166666666667,
        0.9057666666666667,
        0.9073666666666667,
        0.9091166666666667,
        0.9103333333333333,
        0.9121,
        0.9131333333333334,
        0.9146666666666666,
        0.91605,
        0.9174,
        0.9185333333333333,
        0.9196833333333333,
        0.9209333333333334
    ],
    "test_loss": [
        2.3092392925262453,
        1.512420396232605,
        0.8341132215976715,
        0.5979366549730301,
        0.49327001832723616,
        0.4364526821553707,
        0.40045080059170723,
        0.37707806075811384,
        0.3593361710995436,
        0.345530830809474,
        0.33528761183023453,
        0.32667450911998747,
        0.3190199889332056,
        0.3129167937397957,
        0.3071279595836997,
        0.30200429699122905,
        0.297069264985621,
        0.29283741081357,
        0.28815953842252495,
        0.2850674551308155,
        0.2804697209328413,
        0.27757141687721015,
        0.273651698307693,
        0.27101398650705816,
        0.2675922051243484
    ],
    "test_acc": [
        0.1053,
        0.7432,
        0.8251,
        0.8579,
        0.877,
        0.8859,
        0.8929,
        0.8978,
        0.9014,
        0.9032,
        0.9051,
        0.9086,
        0.9101,
        0.9119,
        0.9123,
        0.9142,
        0.9158,
        0.9183,
        0.9204,
        0.9217,
        0.9222,
        0.9226,
        0.9236,
        0.9241,
        0.9254
    ]
}