{
    "train_loss": [
        2.2972562834421795,
        2.036889530881246,
        1.3673829548358918,
        0.8605045492092769,
        0.6363730918208758,
        0.5320750146925449,
        0.47412491445342697,
        0.43757646153271196,
        0.4123687536140283,
        0.393843922723333,
        0.37965376699070136,
        0.3681764909595251,
        0.3586053206599007,
        0.35044808728645244,
        0.34330641855696836,
        0.33698149506350356,
        0.33123338893949983,
        0.3261063687518239,
        0.3213604239523411,
        0.3169323681930701,
        0.3128647352685531,
        0.30899658724317947,
        0.3054159069284797,
        0.30196025191148124,
        0.29876240556587774
    ],
    "train_acc": [
        0.1213,
        0.5354333333333333,
        0.7684166666666666,
        0.8193166666666667,
        0.8445166666666667,
        0.85975,
        0.8716,
        0.8793,
        0.8840666666666667,
        0.8879833333333333,
        0.8907833333333334,
        0.89385,
        0.89605,
        0.8984166666666666,
        0.9004833333333333,
        0.90175,
        0.9032166666666667,
        0.9050666666666667,
        0.9066166666666666,
        0.9076833333333333,
        0.9087166666666666,
        0.91,
        0.9112,
        0.9122666666666667,
        0.9134
    ],
    "test_loss": [
        2.2965717933654783,
        1.710676915550232,
        1.0323699011802674,
        0.6959566247940063,
        0.5521269872307777,
        0.478454694378376,
        0.4340487437427044,
        0.4043710744738579,
        0.38373807162344453,
        0.36823334510922434,
        0.35612043046057223,
        0.3459896058380604,
        0.3381466961309314,
        0.33093147362470626,
        0.32433264286369085,
        0.3193125828936696,
        0.31438047412335873,
        0.3095744852244854,
        0.30559693515896796,
        0.3018140524551272,
        0.29821654004380105,
        0.2947268364191055,
        0.29197996970713136,
        0.28903016019016503,
        0.2861143732942641
    ],
    "test_acc": [
        0.1282,
        0.7281,
        0.809,
        0.8409,
        0.8626,
        0.8729,
        0.8809,
        0.888,
        0.8927,
        0.8959,
        0.8982,
        0.9002,
        0.9017,
        0.9023,
        0.9045,
        0.9063,
        0.9092,
        0.9116,
        0.9124,
        0.9133,
        0.9149,
        0.917,
        0.9171,
        0.9179,
        0.9187
    ]
}