{
    "train_loss": [
        2.3091942808151247,
        2.2836607274373373,
        2.2319780137379963,
        2.1761556679407756,
        2.1128969620068867,
        2.040928482087453,
        1.9602593359629312,
        1.871675251420339,
        1.7767023518244425,
        1.6775968754132589,
        1.5773171849886576,
        1.4789009019533794,
        1.3847580835342408,
        1.2967023742516834,
        1.2157435444355011,
        1.1422819652557372,
        1.0761907258351644,
        1.0170509778340657,
        0.9642850093364715,
        0.9172221233208975,
        0.8752468982299169,
        0.8376709210236867,
        0.8040046907107036,
        0.7737275716384252,
        0.7463809747536977
    ],
    "train_acc": [
        0.1055,
        0.13855,
        0.25025,
        0.4069833333333333,
        0.5458,
        0.6336833333333334,
        0.6774166666666667,
        0.7034,
        0.7177166666666667,
        0.7264666666666667,
        0.7339666666666667,
        0.7414166666666666,
        0.74905,
        0.7578,
        0.76815,
        0.77845,
        0.78655,
        0.7938166666666666,
        0.8009,
        0.8068833333333333,
        0.8132,
        0.81875,
        0.8237166666666667,
        0.8278833333333333,
        0.8311
    ],
    "test_loss": [
        2.3092392925262453,
        2.256718348693848,
        2.2021657260894774,
        2.1414300941467284,
        2.0722888763427734,
        1.9942419904708861,
        1.9076887651443482,
        1.8137877468109131,
        1.714413910675049,
        1.6124296152114868,
        1.5109740972518921,
        1.412870533657074,
        1.3203358119964599,
        1.234780658531189,
        1.156884211063385,
        1.0865633268356323,
        1.0237072704315187,
        0.9676015781402588,
        0.9176133672237397,
        0.8731725954532623,
        0.8334343832015991,
        0.7979182306289673,
        0.7659753089427948,
        0.7373613191604614,
        0.7114964658260345
    ],
    "test_acc": [
        0.1053,
        0.1824,
        0.3307,
        0.5007,
        0.6103,
        0.6685,
        0.7031,
        0.7205,
        0.7319,
        0.7381,
        0.7455,
        0.754,
        0.764,
        0.7745,
        0.7839,
        0.7927,
        0.8012,
        0.8089,
        0.8156,
        0.8214,
        0.8257,
        0.8293,
        0.8326,
        0.8349,
        0.8393
    ]
}