{
    "train_loss": [
        2.3091942808151247,
        1.8822076233069103,
        0.9789838269154231,
        0.6385257164438566,
        0.5139720397194226,
        0.451315301156044,
        0.41396838896671934,
        0.38888804129163423,
        0.3707384509901206,
        0.35657651314934097,
        0.3451710457762082,
        0.3354605173965295,
        0.3272270679036776,
        0.3197908709983031,
        0.31308230892270805,
        0.3068486764286955,
        0.301198927988112,
        0.29570447854151327,
        0.290565309988459,
        0.2854410040150086,
        0.28083005897651114,
        0.27625668742259346,
        0.27177339169184367,
        0.26750290526201326,
        0.26335912998467687
    ],
    "train_acc": [
        0.1055,
        0.5796333333333333,
        0.80205,
        0.85055,
        0.8712833333333333,
        0.8825166666666666,
        0.8891,
        0.8939833333333334,
        0.89785,
        0.90055,
        0.9032,
        0.90565,
        0.9081,
        0.9098166666666667,
        0.9118833333333334,
        0.91325,
        0.9145833333333333,
        0.9167833333333333,
        0.9177833333333333,
        0.91975,
        0.9209166666666667,
        0.9222833333333333,
        0.9235833333333333,
        0.9246166666666666,
        0.9262166666666667
    ],
    "test_loss": [
        2.3092392925262453,
        1.3198949950218202,
        0.722297804069519,
        0.5384326497912407,
        0.4553411322116852,
        0.40986088157892225,
        0.38009025167822835,
        0.36057903450727463,
        0.34499478372335435,
        0.33271048668920994,
        0.3234613319545984,
        0.3152809760898352,
        0.3079987200424075,
        0.3020119185313582,
        0.2961831990450621,
        0.29098372738212347,
        0.2857648337677121,
        0.2813533036470413,
        0.27616311590224507,
        0.2728130112886429,
        0.2675528731420636,
        0.26447239231318237,
        0.2599959393143654,
        0.25694898503050206,
        0.25324885547459125
    ],
    "test_acc": [
        0.1053,
        0.7612,
        0.8418,
        0.8723,
        0.8859,
        0.8933,
        0.8991,
        0.9019,
        0.9056,
        0.9082,
        0.9092,
        0.9118,
        0.9133,
        0.9164,
        0.9174,
        0.9193,
        0.9211,
        0.9223,
        0.9236,
        0.9242,
        0.9253,
        0.9267,
        0.9271,
        0.9286,
        0.9287
    ]
}