{
    "train_loss": [
        2.303097758293152,
        1.9558999239285786,
        1.1691740618228912,
        0.7444468344052633,
        0.5775113034884135,
        0.49644141771793365,
        0.4491422888239225,
        0.41825821626683074,
        0.39654704625407855,
        0.3801751365751028,
        0.3672528360188007,
        0.35682337587674456,
        0.347903183311224,
        0.3403261314044396,
        0.33352297867437203,
        0.32750447703897956,
        0.32199546300719184,
        0.3169620588541031,
        0.31235424235463144,
        0.3079664282043775,
        0.3038492003609737,
        0.2999977053185304,
        0.2962379332177341,
        0.29265123452792563,
        0.2892214676901698
    ],
    "train_acc": [
        0.10706666666666667,
        0.5789,
        0.7825,
        0.8358333333333333,
        0.8562666666666666,
        0.8695833333333334,
        0.8777666666666667,
        0.8843666666666666,
        0.8885166666666666,
        0.8922666666666667,
        0.8954333333333333,
        0.8982,
        0.9003166666666667,
        0.9021,
        0.90385,
        0.9053333333333333,
        0.90675,
        0.90815,
        0.9098666666666667,
        0.9112333333333333,
        0.9126166666666666,
        0.9139,
        0.9151833333333333,
        0.9164833333333333,
        0.9171333333333334
    ],
    "test_loss": [
        2.3041049377441407,
        1.5258735391616822,
        0.8680448002815246,
        0.6182288893461227,
        0.5092426163315773,
        0.4497765565752983,
        0.41249883063435555,
        0.38732984641194346,
        0.3695214540094137,
        0.3554311208248138,
        0.3443155948698521,
        0.33512834372520445,
        0.32750772498399017,
        0.3205744253233075,
        0.3148581730365753,
        0.3094822707012296,
        0.30530318884253504,
        0.3004501255646348,
        0.2962688749656081,
        0.2925871917501092,
        0.2894961230143905,
        0.28563337936252353,
        0.2825188623338938,
        0.2795424856714904,
        0.27623179040774704
    ],
    "test_acc": [
        0.1043,
        0.748,
        0.8269,
        0.8541,
        0.8691,
        0.8807,
        0.8875,
        0.8921,
        0.8955,
        0.8994,
        0.9009,
        0.9026,
        0.9051,
        0.9076,
        0.9088,
        0.9107,
        0.9127,
        0.9128,
        0.9148,
        0.9158,
        0.9168,
        0.9184,
        0.9194,
        0.9204,
        0.921
    ]
}