{
    "train_loss": [
        2.305674257342021,
        1.946376433245341,
        1.0968716701030732,
        0.6955458648045858,
        0.5471870222250621,
        0.47459927623470627,
        0.43183498496015865,
        0.40362612125674885,
        0.3835688758641481,
        0.3681555735245347,
        0.3559562928825617,
        0.34591719222118456,
        0.33733578667591013,
        0.3297608410730958,
        0.3230447301184138,
        0.31699620534181594,
        0.31146041762580473,
        0.3062646850660443,
        0.3013568008340895,
        0.29688921722372374,
        0.2925368561608096,
        0.28841815917640923,
        0.2844844528992971,
        0.2806509040216605,
        0.27697029343396423
    ],
    "train_acc": [
        0.10793333333333334,
        0.5425,
        0.7960666666666667,
        0.846,
        0.86475,
        0.8765666666666667,
        0.88435,
        0.8890833333333333,
        0.8936166666666666,
        0.8969333333333334,
        0.8989333333333334,
        0.90185,
        0.9042166666666667,
        0.9058,
        0.90745,
        0.9091,
        0.9108833333333334,
        0.9119333333333334,
        0.9135,
        0.915,
        0.9162166666666667,
        0.9177666666666666,
        0.9190833333333334,
        0.9201166666666667,
        0.9211833333333334
    ],
    "test_loss": [
        2.3052435230255126,
        1.46378825340271,
        0.801336268901825,
        0.5781542815685272,
        0.48133255491256716,
        0.4282269919872284,
        0.39542908383011816,
        0.3728665524333715,
        0.35633362977206706,
        0.34314252970516684,
        0.3331179800748825,
        0.3244490373492241,
        0.31710274437218905,
        0.31100279068499803,
        0.30498815034478904,
        0.30003556060791015,
        0.2951694116294384,
        0.29096301044523715,
        0.28738927305340767,
        0.2830042752534151,
        0.27921262769550087,
        0.27573249461948873,
        0.27280013274103404,
        0.26937540247142316,
        0.2662812594950199
    ],
    "test_acc": [
        0.1066,
        0.748,
        0.84,
        0.8662,
        0.881,
        0.8877,
        0.8933,
        0.8974,
        0.9003,
        0.902,
        0.9051,
        0.9067,
        0.9099,
        0.9121,
        0.9139,
        0.9157,
        0.9174,
        0.9179,
        0.9201,
        0.9199,
        0.9211,
        0.9223,
        0.9232,
        0.9236,
        0.9253
    ]
}