{
    "train_loss": [
        2.2988321739832562,
        1.9763967550913493,
        1.188457370932897,
        0.7518099302609762,
        0.5816125822861989,
        0.49868384587367376,
        0.4502563269476096,
        0.4188270159314076,
        0.3966324928174416,
        0.38002198474208515,
        0.36699603269497555,
        0.3563749866525332,
        0.3475814323812723,
        0.33989867573678495,
        0.3332048036898176,
        0.32722035378068687,
        0.3217874081807832,
        0.31677148181200027,
        0.3122351386860013,
        0.3079067412217458,
        0.30386754584858816,
        0.30012224413553873,
        0.29650311911130944,
        0.29309607991725206,
        0.2897481037452817
    ],
    "train_acc": [
        0.16486666666666666,
        0.6054833333333334,
        0.7920333333333334,
        0.8357333333333333,
        0.8557333333333333,
        0.8689833333333333,
        0.8780833333333333,
        0.8847166666666667,
        0.88885,
        0.8926666666666667,
        0.8956333333333333,
        0.8979333333333334,
        0.90035,
        0.9020833333333333,
        0.9041166666666667,
        0.9059333333333334,
        0.9072166666666667,
        0.90885,
        0.9100666666666667,
        0.9110833333333334,
        0.9123666666666667,
        0.9134,
        0.9147,
        0.9154333333333333,
        0.9167166666666666
    ],
    "test_loss": [
        2.2975090656280517,
        1.5533526557922364,
        0.8785303861618042,
        0.6220764934062958,
        0.5102185645341873,
        0.449693891876936,
        0.41251858114004136,
        0.38717780152857306,
        0.36884169043898585,
        0.3549508817344904,
        0.34434010093808176,
        0.33501143991947174,
        0.32732934029251337,
        0.3210748147919774,
        0.31515014823079107,
        0.3104040359064937,
        0.3057055409237742,
        0.3008677310913801,
        0.2968915119752288,
        0.2934918964982033,
        0.29039829025268554,
        0.28743290804624555,
        0.2837116757541895,
        0.28092604165375235,
        0.27800924405753613
    ],
    "test_acc": [
        0.167,
        0.7707,
        0.8272,
        0.8559,
        0.8709,
        0.8804,
        0.8869,
        0.8915,
        0.895,
        0.8989,
        0.9013,
        0.9024,
        0.9062,
        0.9079,
        0.9088,
        0.9112,
        0.9123,
        0.9148,
        0.9162,
        0.9174,
        0.9186,
        0.9194,
        0.9207,
        0.9213,
        0.9219
    ]
}