{
    "train_loss": [
        2.304665460205078,
        2.2758573486328126,
        2.2167337443669637,
        2.1513927403450013,
        2.0768587478955585,
        1.9926715844154357,
        1.8996401448249818,
        1.7994381142934164,
        1.694647360165914,
        1.588404332701365,
        1.4838748764673868,
        1.383983131535848,
        1.2909281610647838,
        1.2059673658688863,
        1.12954954551061,
        1.0614036483287812,
        1.0010006095250448,
        0.9475603197256725,
        0.9003078742980957,
        0.8584212275028229,
        0.8211709089120229,
        0.7879276164690654,
        0.7581594978411993,
        0.7313845623572668,
        0.7071935772498449
    ],
    "train_acc": [
        0.08203333333333333,
        0.19428333333333334,
        0.4258166666666667,
        0.56065,
        0.6397833333333334,
        0.6882833333333334,
        0.7150666666666666,
        0.7283333333333334,
        0.7368333333333333,
        0.74455,
        0.7525666666666667,
        0.7608666666666667,
        0.7696666666666667,
        0.7784,
        0.7866833333333333,
        0.7959333333333334,
        0.80395,
        0.811,
        0.8167833333333333,
        0.8222833333333334,
        0.8263333333333334,
        0.8308666666666666,
        0.8352,
        0.83855,
        0.8407666666666667
    ],
    "test_loss": [
        2.3036648399353026,
        2.244416357803345,
        2.181415403366089,
        2.109871443939209,
        2.0285218074798586,
        1.9378185329437256,
        1.838970739555359,
        1.7341662525177002,
        1.626295514678955,
        1.5185531524658202,
        1.414237631225586,
        1.3159975942611695,
        1.2255865055084227,
        1.1438246438980102,
        1.0707848574638366,
        1.0060631294250488,
        0.9488128025054932,
        0.8983231348514557,
        0.8537172508239746,
        0.8141372162342072,
        0.7790005059242249,
        0.7476220952987671,
        0.719471704530716,
        0.694193354845047,
        0.6713160196065903
    ],
    "test_acc": [
        0.0829,
        0.3279,
        0.5121,
        0.6182,
        0.6788,
        0.7175,
        0.7365,
        0.7472,
        0.7561,
        0.7661,
        0.7738,
        0.7802,
        0.7884,
        0.7982,
        0.8076,
        0.8157,
        0.8207,
        0.8258,
        0.8319,
        0.8362,
        0.8407,
        0.8438,
        0.8465,
        0.8496,
        0.8529
    ]
}