{
    "train_loss": [
        2.305034884007772,
        1.892445183022817,
        0.9581328724384308,
        0.6185198274095853,
        0.5022426716168722,
        0.4441526051521301,
        0.40926629040539264,
        0.3855682441800833,
        0.36814741257627803,
        0.35453889169096947,
        0.34329609872202077,
        0.33378052539577086,
        0.32560129893471795,
        0.3181813561230898,
        0.31139311575988926,
        0.3052780763213833,
        0.29944720776975153,
        0.29402439285914106,
        0.2888769085034728,
        0.2838853086128831,
        0.2791984733884533,
        0.2745033110400041,
        0.2700075670197606,
        0.265739760722965,
        0.2613691982194781
    ],
    "train_acc": [
        0.07181666666666667,
        0.5854833333333334,
        0.8219833333333333,
        0.8594333333333334,
        0.87465,
        0.8839833333333333,
        0.88995,
        0.8951833333333333,
        0.8981166666666667,
        0.9008166666666667,
        0.9036166666666666,
        0.906,
        0.9077833333333334,
        0.9097,
        0.9119333333333334,
        0.9135333333333333,
        0.9151833333333333,
        0.9168,
        0.9185,
        0.91985,
        0.9208666666666666,
        0.9226833333333333,
        0.9238333333333333,
        0.9247833333333333,
        0.9260333333333334
    ],
    "test_loss": [
        2.3044456077575686,
        1.3205411387443542,
        0.6961756445884705,
        0.5222341441392898,
        0.4460317831158638,
        0.4037378538489342,
        0.3768648589491844,
        0.358206698217988,
        0.34314334996640683,
        0.33204351503551005,
        0.3224631446659565,
        0.31476051408052447,
        0.3074371990993619,
        0.3012325580447912,
        0.2960974156305194,
        0.2903512610197067,
        0.2851800152733922,
        0.28051841917932036,
        0.27601448467373846,
        0.27182641489058734,
        0.2672966465085745,
        0.2639539915770292,
        0.260068317297101,
        0.2556293976098299,
        0.2521495496198535
    ],
    "test_acc": [
        0.0753,
        0.7924,
        0.8553,
        0.8786,
        0.8893,
        0.8937,
        0.8993,
        0.9008,
        0.9036,
        0.9067,
        0.91,
        0.9127,
        0.915,
        0.916,
        0.9176,
        0.9193,
        0.9212,
        0.9215,
        0.9229,
        0.9241,
        0.9254,
        0.9254,
        0.9275,
        0.9285,
        0.9298
    ]
}