{
    "train_loss": [
        2.304665460205078,
        1.8547951438585917,
        0.960498389728864,
        0.6342895740270614,
        0.5137866300026576,
        0.452559259835879,
        0.41560544154842693,
        0.3906930332750082,
        0.37241382703483106,
        0.35832226723929245,
        0.34669796269436676,
        0.336930184541146,
        0.32845802688002584,
        0.32078385071754456,
        0.3138101356734832,
        0.3074917438462377,
        0.3017884825785955,
        0.2963244908362627,
        0.29124030083318553,
        0.2863972775757313,
        0.28186074725265303,
        0.277437013365825,
        0.2731638569628199,
        0.2691678315224747,
        0.2652000327693919
    ],
    "train_acc": [
        0.08203333333333333,
        0.6336666666666667,
        0.8102166666666667,
        0.8524666666666667,
        0.8711,
        0.8816833333333334,
        0.8877166666666667,
        0.8926666666666667,
        0.89645,
        0.8991833333333333,
        0.902,
        0.9048333333333334,
        0.90675,
        0.909,
        0.9106166666666666,
        0.9122833333333333,
        0.91405,
        0.9155333333333333,
        0.91705,
        0.9184,
        0.9199666666666667,
        0.9212,
        0.9225166666666667,
        0.9235666666666666,
        0.9251333333333334
    ],
    "test_loss": [
        2.3036648399353026,
        1.286150306415558,
        0.7113868886947632,
        0.5351052760839462,
        0.4550357692360878,
        0.4104189161360264,
        0.3818120516896248,
        0.361436088886857,
        0.3471033060222864,
        0.33450930816829205,
        0.3255332811146975,
        0.3170229496344924,
        0.30987462495565415,
        0.3023332828119397,
        0.296891106556356,
        0.29210469852238896,
        0.28650432943850757,
        0.28184623280465604,
        0.2773280363678932,
        0.27380271057337524,
        0.26934643168002365,
        0.2659973372079432,
        0.2621506819263101,
        0.25843725284934044,
        0.25498925372585657
    ],
    "test_acc": [
        0.0829,
        0.787,
        0.848,
        0.8707,
        0.8844,
        0.8915,
        0.897,
        0.8999,
        0.9043,
        0.9067,
        0.9079,
        0.9112,
        0.9126,
        0.9149,
        0.9165,
        0.9175,
        0.9198,
        0.9213,
        0.9227,
        0.9232,
        0.9245,
        0.9247,
        0.9261,
        0.9277,
        0.9284
    ]
}