{
    "train_loss": [
        2.3056429417292277,
        2.0906953187942503,
        1.4562438717365265,
        0.9164647328694662,
        0.6676345666408539,
        0.552339366243283,
        0.4888991933584213,
        0.44860801044503845,
        0.4209415737211704,
        0.40082050933142505,
        0.3853501641427477,
        0.37297038273016614,
        0.3628777460113168,
        0.3541699830800295,
        0.3467936633611719,
        0.34018337413122257,
        0.33432345649028816,
        0.3289755525817474,
        0.3240045507232348,
        0.31947988152677814,
        0.31527379410068196,
        0.3112346119398872,
        0.30747846595992645,
        0.3039448314771056,
        0.30056806167910494
    ],
    "train_acc": [
        0.07833333333333334,
        0.5164166666666666,
        0.7458666666666667,
        0.8114166666666667,
        0.83835,
        0.8536333333333334,
        0.86575,
        0.8751,
        0.8810333333333333,
        0.8858333333333334,
        0.8893333333333333,
        0.8921833333333333,
        0.8948166666666667,
        0.8972666666666667,
        0.8991166666666667,
        0.9009833333333334,
        0.9024666666666666,
        0.9041166666666667,
        0.9056833333333333,
        0.9073833333333333,
        0.9086666666666666,
        0.9101333333333333,
        0.9110333333333334,
        0.9121,
        0.9129666666666667
    ],
    "test_loss": [
        2.3049506702423095,
        1.7994683849334716,
        1.1051830196380614,
        0.7335480314254761,
        0.5747575065255165,
        0.4938230447769165,
        0.444974200463295,
        0.41312661783099175,
        0.3902880211353302,
        0.3735307260364294,
        0.3600548286616802,
        0.3498439376577735,
        0.3410043139979243,
        0.3338985942140222,
        0.3272199305742979,
        0.3213031001418829,
        0.31608437835723163,
        0.3113232897683978,
        0.30733310071676967,
        0.303658512352407,
        0.2998655908048153,
        0.2962243293821812,
        0.2930670401133597,
        0.29017391438037154,
        0.2870360249504447
    ],
    "test_acc": [
        0.0826,
        0.6918,
        0.7966,
        0.8354,
        0.8535,
        0.8668,
        0.8765,
        0.8854,
        0.8885,
        0.8937,
        0.8963,
        0.8995,
        0.9018,
        0.9029,
        0.9051,
        0.9059,
        0.9086,
        0.9101,
        0.9116,
        0.9123,
        0.9137,
        0.9151,
        0.9166,
        0.917,
        0.919
    ]
}