{
    "train_loss": [
        2.303097758293152,
        2.2733129554748537,
        2.2150693972269693,
        2.1546025247573852,
        2.0884412421226504,
        2.0155610491752625,
        1.9363362661679586,
        1.8520980615297953,
        1.7643400117238364,
        1.6746203958829244,
        1.5844045790036518,
        1.4953677296638488,
        1.409112013578415,
        1.3270285123030345,
        1.2500581557909647,
        1.1789051886558533,
        1.1137130469799041,
        1.0544137922286987,
        1.0007692845980327,
        0.9523828813393911,
        0.9087891436100006,
        0.869509538769722,
        0.8340927632729213,
        0.8021336219628652,
        0.773201988530159
    ],
    "train_acc": [
        0.10706666666666667,
        0.21423333333333333,
        0.3935166666666667,
        0.4960833333333333,
        0.5697666666666666,
        0.6212666666666666,
        0.6592666666666667,
        0.6878166666666666,
        0.7102333333333334,
        0.7254166666666667,
        0.7367333333333334,
        0.7465833333333334,
        0.75555,
        0.7640166666666667,
        0.77325,
        0.7813833333333333,
        0.78915,
        0.7974833333333333,
        0.8044,
        0.8100333333333334,
        0.8162833333333334,
        0.8213833333333334,
        0.8252666666666667,
        0.82925,
        0.8321833333333334
    ],
    "test_loss": [
        2.3041049377441407,
        2.243775549697876,
        2.184107579421997,
        2.119925532913208,
        2.0490601985931396,
        1.9713695234298707,
        1.8878642303466797,
        1.800041774749756,
        1.7094272245407105,
        1.6175446241378784,
        1.5260934343338013,
        1.4367983736991883,
        1.3511997529029847,
        1.2704920806884765,
        1.1954971466064452,
        1.1265778687477113,
        1.063809772014618,
        1.0069829011917115,
        0.9557145457744598,
        0.90958132314682,
        0.868106085729599,
        0.8307443018436432,
        0.7970598834514618,
        0.766685059261322,
        0.7391236612319946
    ],
    "test_acc": [
        0.1043,
        0.3174,
        0.453,
        0.5351,
        0.6006,
        0.6496,
        0.6821,
        0.7055,
        0.7263,
        0.7396,
        0.7502,
        0.7595,
        0.7694,
        0.7793,
        0.7876,
        0.7958,
        0.8041,
        0.8099,
        0.8163,
        0.8218,
        0.8258,
        0.8296,
        0.8327,
        0.836,
        0.8396
    ]
}