{
    "train_loss": [
        2.3056429417292277,
        2.2874100251515705,
        2.2514464303970336,
        2.2146521198272704,
        2.1753302600860596,
        2.1321971173922223,
        2.084292801793416,
        2.0313509631792703,
        1.973485962454478,
        1.9113031866073609,
        1.8453628938039144,
        1.7763566644032796,
        1.7049473032315572,
        1.632048636595408,
        1.5585379462877909,
        1.485480269686381,
        1.413846287171046,
        1.3444768072605133,
        1.2781712385813395,
        1.2153862558523814,
        1.1564729907989502,
        1.1016149895509084,
        1.0508365959644317,
        1.0040570756276448,
        0.9610992543061574
    ],
    "train_acc": [
        0.07833333333333334,
        0.12596666666666667,
        0.24965,
        0.38813333333333333,
        0.5048333333333334,
        0.5790666666666666,
        0.6192833333333333,
        0.6401,
        0.6557333333333333,
        0.6670166666666667,
        0.6781666666666667,
        0.6914833333333333,
        0.7062166666666667,
        0.7203166666666667,
        0.7329166666666667,
        0.7445166666666667,
        0.7551833333333333,
        0.76505,
        0.7728,
        0.78045,
        0.787,
        0.7925,
        0.79885,
        0.8039833333333334,
        0.8079
    ],
    "test_loss": [
        2.3049506702423095,
        2.2678071937561035,
        2.2309954120635984,
        2.192445692062378,
        2.1506603973388674,
        2.1043793647766114,
        2.0529500902175903,
        1.9963528207778931,
        1.934974346923828,
        1.869360972595215,
        1.8002586997985839,
        1.7283802551269531,
        1.6544993545532227,
        1.5795916511535644,
        1.504681929206848,
        1.4308147054672242,
        1.35897733669281,
        1.2899864849090577,
        1.2244558480262757,
        1.1628324273109436,
        1.105344972705841,
        1.052083866596222,
        1.002992986392975,
        0.9579256130695343,
        0.9166522592067718
    ],
    "test_acc": [
        0.0826,
        0.1873,
        0.3248,
        0.4675,
        0.5651,
        0.6126,
        0.6431,
        0.6576,
        0.6674,
        0.6794,
        0.6915,
        0.7056,
        0.72,
        0.734,
        0.7481,
        0.7579,
        0.769,
        0.7778,
        0.7833,
        0.7902,
        0.7965,
        0.8007,
        0.8069,
        0.8116,
        0.8153
    ]
}