{
    "train_loss": [
        2.303097758293152,
        2.2772092242558797,
        2.226901666514079,
        2.17620678952535,
        2.1224264715830485,
        2.0643008388201394,
        2.0015086566289266,
        1.9344425498008728,
        1.8638097443580628,
        1.7906106541315714,
        1.715536756769816,
        1.6394457582473756,
        1.5632784889856974,
        1.4880304339408874,
        1.4145458231925965,
        1.3437986926078795,
        1.2763648781458536,
        1.2126940263907116,
        1.1531280282020568,
        1.0977931478659313,
        1.046652265437444,
        0.9995820500691732,
        0.956424773089091,
        0.916951269364357,
        0.8808442830006281
    ],
    "train_acc": [
        0.10706666666666667,
        0.1997,
        0.365,
        0.4660666666666667,
        0.5344833333333333,
        0.5877,
        0.6282333333333333,
        0.6591,
        0.68395,
        0.7026833333333333,
        0.7169166666666666,
        0.7295,
        0.7388666666666667,
        0.7461166666666667,
        0.7533166666666666,
        0.7602,
        0.7674166666666666,
        0.7747333333333334,
        0.7817166666666666,
        0.7881666666666667,
        0.7955,
        0.8012666666666667,
        0.8069166666666666,
        0.8124666666666667,
        0.8164333333333333
    ],
    "test_loss": [
        2.3041049377441407,
        2.251662702178955,
        2.2007536838531494,
        2.147851439285278,
        2.0909020029067995,
        2.029234587287903,
        1.9629887506484984,
        1.8927467231750488,
        1.8193507238388062,
        1.7436490976333618,
        1.6665333896636962,
        1.5889114219665528,
        1.5117639938354492,
        1.436071692276001,
        1.3627550468444825,
        1.2925625815391542,
        1.22609713306427,
        1.1637470921516417,
        1.1057001649856568,
        1.0520046277999877,
        1.0025890357971192,
        0.9572654916763306,
        0.9157990686416626,
        0.877930114030838,
        0.843333822965622
    ],
    "test_acc": [
        0.1043,
        0.2916,
        0.4225,
        0.5005,
        0.5653,
        0.6119,
        0.6517,
        0.6779,
        0.7,
        0.7182,
        0.7316,
        0.7417,
        0.7501,
        0.7576,
        0.7657,
        0.7742,
        0.7819,
        0.7889,
        0.7962,
        0.8025,
        0.8085,
        0.8137,
        0.8189,
        0.8229,
        0.8258
    ]
}