{
    "train_loss": [
        2.2988321739832562,
        2.0368077091534933,
        1.348932027022044,
        0.85522207523187,
        0.6390134499986967,
        0.5361416630546252,
        0.4780485150674979,
        0.44106273025174936,
        0.4154233110378186,
        0.39655943958560624,
        0.3820050069272518,
        0.3703611565719048,
        0.3607924922938148,
        0.35258291886746884,
        0.3454673827479283,
        0.33917679747616253,
        0.3335194636449218,
        0.3284058563296994,
        0.32372122038950524,
        0.3193589760104815,
        0.3153064881349603,
        0.3115590736846129,
        0.30797916263242564,
        0.30464415888488294,
        0.3014009212248027
    ],
    "train_acc": [
        0.16486666666666666,
        0.5799166666666666,
        0.7748166666666667,
        0.8219,
        0.8443333333333334,
        0.8588333333333333,
        0.8696,
        0.8771666666666667,
        0.8829166666666667,
        0.8868833333333334,
        0.8905833333333333,
        0.8937666666666667,
        0.8954833333333333,
        0.8981833333333333,
        0.8992833333333333,
        0.9016666666666666,
        0.9030666666666667,
        0.90465,
        0.9062166666666667,
        0.9073666666666667,
        0.9083,
        0.9092666666666667,
        0.9103,
        0.9112833333333333,
        0.9122833333333333
    ],
    "test_loss": [
        2.2975090656280517,
        1.696484513282776,
        1.0195343683242797,
        0.6963200671434402,
        0.5551880792140961,
        0.4813083058834076,
        0.43655787953138353,
        0.40674240517020227,
        0.3854138980418444,
        0.3696473062604666,
        0.3576765370413661,
        0.3475389726519585,
        0.3391419320255518,
        0.33233254436552523,
        0.3261599755436182,
        0.32096108827739955,
        0.3161371810540557,
        0.31135756374448537,
        0.3072497487127781,
        0.3037869996398687,
        0.3006167750999331,
        0.2975078759044409,
        0.294094192007184,
        0.2912991508759558,
        0.2884288113042712
    ],
    "test_acc": [
        0.167,
        0.7577,
        0.8082,
        0.8415,
        0.8595,
        0.8717,
        0.8795,
        0.8864,
        0.8898,
        0.8943,
        0.8971,
        0.8989,
        0.9018,
        0.9031,
        0.9057,
        0.9075,
        0.9089,
        0.9106,
        0.9124,
        0.914,
        0.9145,
        0.9157,
        0.9173,
        0.918,
        0.9188
    ]
}