{
    "train_loss": [
        2.305034884007772,
        2.092676303291321,
        1.4621672986984253,
        0.9048113381147385,
        0.6525976437687874,
        0.5398011354287465,
        0.4789676500916481,
        0.4411841952800751,
        0.4156399117251237,
        0.39686794415911036,
        0.3824803217957417,
        0.37080671145021915,
        0.3612455830345551,
        0.35299759979248047,
        0.3457805659323931,
        0.33949166725774604,
        0.3337095787083109,
        0.32845368006577097,
        0.32367928431530796,
        0.3192214496284723,
        0.31511474715719623,
        0.3111783507381876,
        0.3075013856545091,
        0.30405537809878586,
        0.30069684331168733
    ],
    "train_acc": [
        0.07181666666666667,
        0.4802,
        0.7649666666666667,
        0.8207,
        0.8464333333333334,
        0.8598166666666667,
        0.8700666666666667,
        0.8772666666666666,
        0.8836,
        0.8871666666666667,
        0.89075,
        0.8936666666666667,
        0.8959833333333334,
        0.898,
        0.8997333333333334,
        0.90155,
        0.90305,
        0.9045,
        0.9055333333333333,
        0.9066,
        0.9081833333333333,
        0.9095666666666666,
        0.9106833333333333,
        0.9120333333333334,
        0.9131166666666667
    ],
    "test_loss": [
        2.3044456077575686,
        1.809861056137085,
        1.102056644821167,
        0.7190289971351623,
        0.5606455583453178,
        0.4822373237967491,
        0.43645762205719946,
        0.4065034746348858,
        0.38526424430608747,
        0.3700784538567066,
        0.35757495141625406,
        0.347620079164207,
        0.3393684384316206,
        0.33233345398306846,
        0.3265746293619275,
        0.3207816624507308,
        0.3158233735606074,
        0.3113735063388944,
        0.30723948159217834,
        0.30351243398487565,
        0.2999988723002374,
        0.29687832878530024,
        0.293836259124428,
        0.29074758496284486,
        0.287886853659153
    ],
    "test_acc": [
        0.0753,
        0.7168,
        0.8081,
        0.8423,
        0.8623,
        0.8735,
        0.883,
        0.8867,
        0.8898,
        0.893,
        0.8965,
        0.899,
        0.901,
        0.9026,
        0.9034,
        0.9068,
        0.9088,
        0.9104,
        0.9121,
        0.9144,
        0.9146,
        0.9156,
        0.9176,
        0.9185,
        0.9193
    ]
}