{
    "train_loss": [
        2.303097758293152,
        2.2655230680465697,
        2.1904087509155272,
        2.1074671429634093,
        2.0125104305267336,
        1.906535733127594,
        1.7929180907249451,
        1.6751953833262125,
        1.5571715449651082,
        1.4428534899393717,
        1.3355909878412882,
        1.237684937508901,
        1.1501181641419729,
        1.0728797572930653,
        1.005232135995229,
        0.9461961688677469,
        0.8946358835379282,
        0.8495065057357152,
        0.8098756551583608,
        0.7749009346246719,
        0.7438934572299322,
        0.7162731881221135,
        0.6915216094017029,
        0.6692651899894079,
        0.6491737494866053
    ],
    "train_acc": [
        0.10706666666666667,
        0.24046666666666666,
        0.44095,
        0.5519,
        0.6257166666666667,
        0.67275,
        0.70385,
        0.7250833333333333,
        0.7415666666666667,
        0.754,
        0.7651166666666667,
        0.7775333333333333,
        0.7884333333333333,
        0.7986,
        0.80805,
        0.81555,
        0.8219833333333333,
        0.8282833333333334,
        0.8325166666666667,
        0.8364166666666667,
        0.84025,
        0.8436,
        0.8466666666666667,
        0.8492,
        0.8514
    ],
    "test_loss": [
        2.3041049377441407,
        2.2278622581481935,
        2.1485835163116453,
        2.058074488067627,
        1.9552130361557007,
        1.8427616067886352,
        1.7243745065689087,
        1.6036991832733154,
        1.485011188697815,
        1.3720316665649415,
        1.2678095025062561,
        1.1739839965820313,
        1.090910616874695,
        1.018020540714264,
        0.954463513803482,
        0.8990175599575043,
        0.850695480632782,
        0.8083468315601349,
        0.7710499960899353,
        0.7381872395515442,
        0.709011313199997,
        0.6828761537075043,
        0.6594216975450515,
        0.638411306977272,
        0.6191981263160705
    ],
    "test_acc": [
        0.1043,
        0.3626,
        0.5019,
        0.5953,
        0.6598,
        0.6977,
        0.7258,
        0.7431,
        0.7553,
        0.7697,
        0.7822,
        0.7931,
        0.8036,
        0.8129,
        0.8183,
        0.8263,
        0.8313,
        0.8361,
        0.8404,
        0.8441,
        0.8484,
        0.8513,
        0.8539,
        0.8567,
        0.8591
    ]
}