{
    "train_loss": [
        2.2972562834421795,
        2.2747113806406656,
        2.229227615992228,
        2.182347796312968,
        2.132881557559967,
        2.0797126222610474,
        2.0225915417035423,
        1.9615104235013325,
        1.8968185471534729,
        1.8289024550120037,
        1.758351932811737,
        1.6857969438234965,
        1.6120340638160706,
        1.5377777908007304,
        1.4641043221791585,
        1.3919133106072743,
        1.3222153375466665,
        1.2555080824693043,
        1.1924729638099671,
        1.1334563860257467,
        1.0786118190129599,
        1.0279821416854857,
        0.9814937677065532,
        0.9388451524893443,
        0.8998783779541651
    ],
    "train_acc": [
        0.1213,
        0.20106666666666667,
        0.33716666666666667,
        0.4237,
        0.5012166666666666,
        0.5672166666666667,
        0.6164,
        0.6523166666666667,
        0.6790166666666667,
        0.69985,
        0.71645,
        0.7294333333333334,
        0.7414166666666666,
        0.7513,
        0.75935,
        0.7674166666666666,
        0.7748333333333334,
        0.78115,
        0.7876333333333333,
        0.7932,
        0.7983,
        0.8031,
        0.8078,
        0.8126333333333333,
        0.8160833333333334
    ],
    "test_loss": [
        2.2965717933654783,
        2.2505410503387453,
        2.203737949371338,
        2.1549163204193116,
        2.1028248500823974,
        2.0467510768890382,
        1.9865318622589112,
        1.922427798461914,
        1.8547958337783814,
        1.7841886674880982,
        1.7112165811538695,
        1.6365793745040893,
        1.5611115125656128,
        1.4857589929580688,
        1.4115109518051148,
        1.3393247198104858,
        1.2700145607948303,
        1.2042543174743652,
        1.142499598121643,
        1.0850036989212035,
        1.0318445754051209,
        0.9829559743881225,
        0.9381873240470886,
        0.8972938764572144,
        0.8599678040027618
    ],
    "test_acc": [
        0.1282,
        0.288,
        0.397,
        0.4759,
        0.5527,
        0.6094,
        0.649,
        0.6764,
        0.6967,
        0.714,
        0.7296,
        0.7398,
        0.7495,
        0.7595,
        0.7705,
        0.7801,
        0.7875,
        0.7931,
        0.7991,
        0.8047,
        0.8093,
        0.8131,
        0.8168,
        0.821,
        0.8246
    ]
}