{
    "train_loss": [
        2.2988321739832562,
        1.8490164333025614,
        0.9598689431905747,
        0.6336073436935743,
        0.5135414016445478,
        0.4524334288080533,
        0.4152959654053052,
        0.39050841396649677,
        0.37238604850868384,
        0.3583902973155181,
        0.34706438909570375,
        0.3374885175009569,
        0.3293877855742971,
        0.3220808759580056,
        0.31558511036882797,
        0.3096597993696729,
        0.3041830333784223,
        0.2989354196851452,
        0.29427346684833366,
        0.28962916823029516,
        0.2852647187978029,
        0.28117559302498896,
        0.27716348360925913,
        0.27330276524722574,
        0.26949113558431464
    ],
    "train_acc": [
        0.16486666666666666,
        0.6450166666666667,
        0.8178166666666666,
        0.8536833333333333,
        0.8715166666666667,
        0.8819666666666667,
        0.8884,
        0.8928833333333334,
        0.89685,
        0.8994333333333333,
        0.9021166666666667,
        0.9049333333333334,
        0.90675,
        0.9088666666666667,
        0.9102833333333333,
        0.9118833333333334,
        0.9134833333333333,
        0.9145666666666666,
        0.9163333333333333,
        0.9173666666666667,
        0.9191833333333334,
        0.9207166666666666,
        0.9217333333333333,
        0.9227666666666666,
        0.9232666666666667
    ],
    "test_loss": [
        2.2975090656280517,
        1.2868743695259095,
        0.7137469778299331,
        0.5365171748161316,
        0.4557624423861504,
        0.41070869443416597,
        0.3827155876159668,
        0.3626558252155781,
        0.34778036186099054,
        0.3357868226140738,
        0.3266501046657562,
        0.3180790295243263,
        0.31120286665707825,
        0.3052794314786792,
        0.29940402241051195,
        0.29494621390700343,
        0.29010992209166286,
        0.2849849026799202,
        0.2809714036971331,
        0.27720894177258015,
        0.2738719836160541,
        0.2708052252963185,
        0.26632072787806393,
        0.2631324186116457,
        0.2600433842934668
    ],
    "test_acc": [
        0.167,
        0.7957,
        0.8474,
        0.8711,
        0.8829,
        0.8914,
        0.8959,
        0.8995,
        0.9024,
        0.905,
        0.9083,
        0.9106,
        0.9129,
        0.9135,
        0.9158,
        0.9178,
        0.919,
        0.9208,
        0.9218,
        0.9224,
        0.9239,
        0.9241,
        0.9264,
        0.9269,
        0.9271
    ]
}