{
    "train_loss": [
        2.3047236925125123,
        2.2736231524149577,
        2.2117505648295084,
        2.1444776671091716,
        2.0677996434529624,
        1.9817704717636109,
        1.887714531135559,
        1.7874062159538269,
        1.6830571675300598,
        1.5775820377985637,
        1.4739369700749716,
        1.3747072260538737,
        1.2818880655288696,
        1.1967074500401815,
        1.119699074490865,
        1.050828552087148,
        0.9896840294361114,
        0.9355597628513972,
        0.8877050766626994,
        0.8453531155904134,
        0.8078193762699764,
        0.7744546890258789,
        0.7446764381726583,
        0.7179870462099711,
        0.6940112149556478
    ],
    "train_acc": [
        0.09708333333333333,
        0.17955,
        0.3953333333333333,
        0.5873166666666667,
        0.6669166666666667,
        0.6947833333333333,
        0.7102666666666667,
        0.7237666666666667,
        0.7365666666666667,
        0.7498666666666667,
        0.7605666666666666,
        0.7732333333333333,
        0.7843333333333333,
        0.79375,
        0.8036166666666666,
        0.8114166666666667,
        0.8180333333333333,
        0.8233333333333334,
        0.8282833333333334,
        0.8319333333333333,
        0.8358166666666667,
        0.83875,
        0.8417666666666667,
        0.8439,
        0.8467166666666667
    ],
    "test_loss": [
        2.304498468017578,
        2.241177268218994,
        2.176291235733032,
        2.102924633598328,
        2.019714038658142,
        1.9277157991409302,
        1.8283637300491333,
        1.7236543920516967,
        1.6162130899429321,
        1.5092697122573853,
        1.4057482423782348,
        1.3080482679367065,
        1.2178008025169373,
        1.1358076954841614,
        1.062283905029297,
        0.9969306035995483,
        0.9391521739959717,
        0.8880861389636994,
        0.8430455575466156,
        0.8032365491867065,
        0.767840068101883,
        0.736387178325653,
        0.7083566541194916,
        0.6831768088579178,
        0.6604499064445496
    ],
    "test_acc": [
        0.0999,
        0.2911,
        0.5195,
        0.6453,
        0.6845,
        0.7057,
        0.7208,
        0.7369,
        0.751,
        0.7628,
        0.7771,
        0.7891,
        0.8011,
        0.8111,
        0.8178,
        0.8245,
        0.8299,
        0.8353,
        0.8394,
        0.843,
        0.8463,
        0.849,
        0.8517,
        0.8537,
        0.8561
    ]
}