{
    "train_loss": [
        2.3091942808151247,
        2.2866576868693036,
        2.241481902440389,
        2.1940734090805054,
        2.1419671326319376,
        2.0838237128893535,
        2.0192838840484617,
        1.9484969227790832,
        1.8720641363779704,
        1.7908437275886535,
        1.7061854689598084,
        1.6198902347882589,
        1.5337554883003235,
        1.4496037337303163,
        1.3688371706644693,
        1.2925748185157775,
        1.2214533498128255,
        1.1558260910987854,
        1.0957211486498515,
        1.0409405222733816,
        0.9912501043160756,
        0.9461678214232127,
        0.905395840660731,
        0.8684704580227534,
        0.8349828593492508
    ],
    "train_acc": [
        0.1055,
        0.13391666666666666,
        0.22558333333333333,
        0.35806666666666664,
        0.4933,
        0.5923,
        0.65,
        0.6833666666666667,
        0.7023666666666667,
        0.7151,
        0.7240333333333333,
        0.7311333333333333,
        0.7363,
        0.7428,
        0.7488333333333334,
        0.7572166666666666,
        0.7654,
        0.7741,
        0.78275,
        0.7885666666666666,
        0.795,
        0.801,
        0.8067833333333333,
        0.8116833333333333,
        0.8162333333333334
    ],
    "test_loss": [
        2.3092392925262453,
        2.2629588039398194,
        2.215825500869751,
        2.1650641483306883,
        2.10866628742218,
        2.045941977310181,
        1.976757361984253,
        1.9015070709228516,
        1.8209204706192017,
        1.7361334205627441,
        1.6487857404708863,
        1.5607745344161987,
        1.473993069458008,
        1.3901101573944092,
        1.3104400738716127,
        1.2358077410697936,
        1.1667790135383607,
        1.1034190845489502,
        1.0456375054359437,
        0.9932310115814209,
        0.945738449048996,
        0.90278955245018,
        0.8639093045711518,
        0.8287930119514465,
        0.7969700548171997
    ],
    "test_acc": [
        0.1053,
        0.1688,
        0.2893,
        0.4436,
        0.5668,
        0.6366,
        0.6785,
        0.7059,
        0.7192,
        0.7303,
        0.7368,
        0.7406,
        0.7478,
        0.7551,
        0.7634,
        0.7724,
        0.7811,
        0.7896,
        0.7956,
        0.8024,
        0.8094,
        0.815,
        0.8195,
        0.8245,
        0.827
    ]
}