{
    "train_loss": [
        2.305034884007772,
        2.277700430170695,
        2.222755476697286,
        2.162322145843506,
        2.0921698047955832,
        2.0097195200284323,
        1.9149868867874145,
        1.809313070487976,
        1.6953158154169718,
        1.577442116355896,
        1.4606230060259502,
        1.3492244381745657,
        1.2464346151510874,
        1.1540969500700633,
        1.0727649176915486,
        1.001923202006022,
        0.940545695066452,
        0.8874127054691314,
        0.8412835651954015,
        0.8010680239836375,
        0.7658348190625509,
        0.7347648267030716,
        0.7072293171246846,
        0.6826876251300176,
        0.660682733464241
    ],
    "train_acc": [
        0.07181666666666667,
        0.14318333333333333,
        0.31145,
        0.45871666666666666,
        0.5450333333333334,
        0.6238333333333334,
        0.6812166666666667,
        0.7202666666666667,
        0.7438,
        0.7600333333333333,
        0.7728,
        0.7847166666666666,
        0.7952666666666667,
        0.8040166666666667,
        0.81165,
        0.8181666666666667,
        0.82405,
        0.8287,
        0.8334166666666667,
        0.83855,
        0.842,
        0.8456666666666667,
        0.8483166666666667,
        0.8508666666666667,
        0.8531833333333333
    ],
    "test_loss": [
        2.3044456077575686,
        2.248347512054443,
        2.1899909965515136,
        2.123820545196533,
        2.046046383666992,
        1.9554684202194215,
        1.8530764783859253,
        1.740655820465088,
        1.6219283016204833,
        1.5019113805770874,
        1.3854543387413025,
        1.27652370967865,
        1.1776530334472657,
        1.089927995967865,
        1.0133811678886413,
        0.9469712837219239,
        0.8896501557350158,
        0.8400056305408478,
        0.7968902534484863,
        0.7593297580242157,
        0.7263357704162597,
        0.6972064117431641,
        0.6712925092458725,
        0.648177874469757,
        0.6274525564193726
    ],
    "test_acc": [
        0.0753,
        0.2297,
        0.4096,
        0.5152,
        0.5988,
        0.6655,
        0.7092,
        0.7414,
        0.7604,
        0.7744,
        0.7887,
        0.7979,
        0.8063,
        0.8146,
        0.8225,
        0.8285,
        0.8327,
        0.839,
        0.8425,
        0.8464,
        0.8496,
        0.8536,
        0.8571,
        0.8589,
        0.8632
    ]
}