{
    "train_loss": [
        2.305034884007772,
        1.984215483125051,
        1.1280146659851074,
        0.695423402384917,
        0.5445546770095825,
        0.4725148419181506,
        0.4305706772943338,
        0.40294537723859153,
        0.3832866286267837,
        0.36829284445246063,
        0.35626143308679264,
        0.3462606849019726,
        0.3378226410259803,
        0.3303211373726527,
        0.32359203371902306,
        0.3176438560257355,
        0.3120533343066772,
        0.30689480292201043,
        0.3020986734325687,
        0.29749440828512114,
        0.2932206241404017,
        0.28898968237936495,
        0.2849730507194996,
        0.28118748639772334,
        0.27734936729421217
    ],
    "train_acc": [
        0.07181666666666667,
        0.54845,
        0.8037166666666666,
        0.8478833333333333,
        0.8658833333333333,
        0.8767166666666667,
        0.8842833333333333,
        0.89005,
        0.8937666666666667,
        0.8964333333333333,
        0.89915,
        0.9013833333333333,
        0.9034833333333333,
        0.9053833333333333,
        0.9069166666666667,
        0.90885,
        0.9106666666666666,
        0.9123666666666667,
        0.9137,
        0.9151166666666667,
        0.91595,
        0.9177833333333333,
        0.91895,
        0.9200833333333334,
        0.92155
    ],
    "test_loss": [
        2.3044456077575686,
        1.529112350654602,
        0.8070407093048095,
        0.5758482167005539,
        0.4791939523935318,
        0.42718901410102844,
        0.3951255201995373,
        0.37325220746397975,
        0.3565151711255312,
        0.3443956019192934,
        0.33405192060172556,
        0.32572183639258145,
        0.3183045907974243,
        0.31204410260021687,
        0.3069428804606199,
        0.30136323369145396,
        0.296478851492703,
        0.2920619164660573,
        0.28793919871151447,
        0.28408631929010153,
        0.2801878314241767,
        0.2771836738109589,
        0.27375419863462447,
        0.2699496488675475,
        0.26682005503848194
    ],
    "test_acc": [
        0.0753,
        0.7701,
        0.8392,
        0.8664,
        0.8816,
        0.8891,
        0.893,
        0.8963,
        0.9002,
        0.9023,
        0.9052,
        0.9076,
        0.9096,
        0.911,
        0.9129,
        0.9161,
        0.9168,
        0.9186,
        0.9193,
        0.9207,
        0.922,
        0.9221,
        0.9236,
        0.9237,
        0.9253
    ]
}