{
    "train_loss": [
        2.2972562834421795,
        1.918929860719045,
        1.0705927630901337,
        0.680773599823316,
        0.5389199823498726,
        0.46928295107483864,
        0.4281401392956575,
        0.40092584311465423,
        0.38137176893850167,
        0.3663379788423578,
        0.35445191642940044,
        0.34444235336681206,
        0.335978041750441,
        0.32853956596602996,
        0.3218989578882853,
        0.3159263459702333,
        0.31037940071821213,
        0.30534835679282746,
        0.3006485487267375,
        0.29617749629467727,
        0.2919511596833666,
        0.287877266865472,
        0.28409179436663784,
        0.2802691279873252,
        0.2768163231700659
    ],
    "train_acc": [
        0.1213,
        0.5944833333333334,
        0.8049833333333334,
        0.8456833333333333,
        0.86595,
        0.8775,
        0.88485,
        0.8903166666666666,
        0.89365,
        0.8971166666666667,
        0.8994833333333333,
        0.9021333333333333,
        0.9040333333333334,
        0.9060666666666667,
        0.9081666666666667,
        0.90955,
        0.9110833333333334,
        0.91255,
        0.9140833333333334,
        0.9156,
        0.9172,
        0.9178166666666666,
        0.9191,
        0.92045,
        0.9217833333333333
    ],
    "test_loss": [
        2.2965717933654783,
        1.435028636264801,
        0.7830533708095551,
        0.5697354490995407,
        0.47653522884845734,
        0.42611389173865316,
        0.39392731345295906,
        0.3715885853111744,
        0.35579311790168283,
        0.34353279744684695,
        0.3331210582792759,
        0.32417061292529104,
        0.3178205330237746,
        0.3112178237974644,
        0.3046886341407895,
        0.30053184424638746,
        0.2961538761645556,
        0.2909977746486664,
        0.2871908617377281,
        0.28335893255472183,
        0.27961411783248186,
        0.2758642542779446,
        0.27320634648501874,
        0.27003942078649995,
        0.2665369136556983
    ],
    "test_acc": [
        0.1282,
        0.7697,
        0.8376,
        0.867,
        0.8788,
        0.8881,
        0.8934,
        0.897,
        0.9004,
        0.9018,
        0.9042,
        0.9079,
        0.9094,
        0.9122,
        0.9147,
        0.9158,
        0.9163,
        0.9185,
        0.9189,
        0.9202,
        0.9212,
        0.9232,
        0.9234,
        0.9241,
        0.9252
    ]
}