{
    "train_loss": [
        2.2972562834421795,
        2.2712264575322467,
        2.2182679999669395,
        2.162473490778605,
        2.1019103361129763,
        2.0354675365130106,
        1.9632744326909384,
        1.885794043445587,
        1.803877067089081,
        1.7185365939776103,
        1.631048956934611,
        1.5428878850301107,
        1.4558094175179799,
        1.3713354989051818,
        1.290974178536733,
        1.2157340139071147,
        1.146320836130778,
        1.082818747107188,
        1.0252154519081116,
        0.9732196297327678,
        0.9264000078837077,
        0.8843155882120133,
        0.8465033384164175,
        0.8124253923575083,
        0.781705451520284
    ],
    "train_acc": [
        0.1213,
        0.21355,
        0.36178333333333335,
        0.46265,
        0.5500666666666667,
        0.6143833333333333,
        0.6573666666666667,
        0.68755,
        0.7093666666666667,
        0.7269666666666666,
        0.7413833333333333,
        0.7523,
        0.7626833333333334,
        0.7717166666666667,
        0.7804,
        0.7878333333333334,
        0.7945,
        0.8006166666666666,
        0.80635,
        0.8114666666666667,
        0.8165333333333333,
        0.8213333333333334,
        0.8249666666666666,
        0.8284666666666667,
        0.8311833333333334
    ],
    "test_loss": [
        2.2965717933654783,
        2.2433485584259034,
        2.1883401206970214,
        2.1293933549880983,
        2.06484342880249,
        1.9941916778564452,
        1.9178476364135741,
        1.83649180393219,
        1.75112801322937,
        1.6629065395355225,
        1.573250531578064,
        1.4838242246627809,
        1.3964260509490967,
        1.312616054725647,
        1.2336650066375732,
        1.1604386714935302,
        1.0932975994110108,
        1.0322815001487733,
        0.9771946697235108,
        0.9276272229194641,
        0.8831067729473114,
        0.8431354200363159,
        0.8072596619606018,
        0.7749853503704071,
        0.7458322153568268
    ],
    "test_acc": [
        0.1282,
        0.3085,
        0.4291,
        0.5244,
        0.6014,
        0.652,
        0.6819,
        0.706,
        0.7242,
        0.7387,
        0.7504,
        0.7637,
        0.7759,
        0.7853,
        0.7933,
        0.8,
        0.806,
        0.8119,
        0.8162,
        0.821,
        0.8257,
        0.8291,
        0.8343,
        0.838,
        0.8411
    ]
}