{
    "train_loss": [
        2.303097758293152,
        1.7978816406408946,
        0.9089211910247803,
        0.6103892608006796,
        0.4999816075781981,
        0.44351920238931974,
        0.40918035864631336,
        0.3856450403521458,
        0.36831804446280003,
        0.35476822386980056,
        0.34356450890998047,
        0.3342332107514143,
        0.3260157607927918,
        0.3187170992001891,
        0.31202140050977467,
        0.30589563414951165,
        0.30012159436990815,
        0.294652409949402,
        0.2895353610565265,
        0.284535079861184,
        0.2798147168596586,
        0.27533087622026603,
        0.27096565532485645,
        0.26674581486831106,
        0.2625556377530098
    ],
    "train_acc": [
        0.10706666666666667,
        0.6279833333333333,
        0.8177666666666666,
        0.8580333333333333,
        0.8741166666666667,
        0.8832666666666666,
        0.88965,
        0.8946,
        0.8979166666666667,
        0.9007166666666667,
        0.9036166666666666,
        0.9058333333333334,
        0.9079166666666667,
        0.90915,
        0.9111666666666667,
        0.9131833333333333,
        0.9149333333333334,
        0.9167,
        0.9182333333333333,
        0.91965,
        0.9210833333333334,
        0.9226166666666666,
        0.92395,
        0.9249666666666667,
        0.9264166666666667
    ],
    "test_loss": [
        2.3041049377441407,
        1.2129539262771607,
        0.6829498516559601,
        0.5206566109657288,
        0.44706279044151304,
        0.405079813092947,
        0.377796323928237,
        0.3582566299080849,
        0.3441958935678005,
        0.33202008830010893,
        0.3226220867693424,
        0.3144950974404812,
        0.3074782693877816,
        0.3008922340497375,
        0.2952504133731127,
        0.2899509264498949,
        0.28580648200660946,
        0.2805178695216775,
        0.27573016249239446,
        0.27126422584205867,
        0.26802406967133285,
        0.26327013527452947,
        0.2594676275365055,
        0.2556632977902889,
        0.2516791615627706
    ],
    "test_acc": [
        0.1043,
        0.7858,
        0.852,
        0.8752,
        0.886,
        0.8935,
        0.898,
        0.9001,
        0.9037,
        0.9062,
        0.9091,
        0.9107,
        0.9123,
        0.9138,
        0.9154,
        0.9176,
        0.9192,
        0.9196,
        0.9223,
        0.9241,
        0.9241,
        0.9261,
        0.9273,
        0.9273,
        0.9286
    ]
}