{
    "train_loss": [
        2.2972562834421795,
        1.825881739139557,
        0.9229484483162562,
        0.6109379391392072,
        0.49888772960305217,
        0.4420010792950789,
        0.40742624049981435,
        0.3838685465455055,
        0.3665043320029974,
        0.35279269345998765,
        0.34171572644313175,
        0.3321383264372746,
        0.3239744498884926,
        0.3166504855856299,
        0.3100056517764926,
        0.3039415151417255,
        0.2982567147264878,
        0.2930258746877313,
        0.28808448522140584,
        0.2833214379221201,
        0.27878123784015574,
        0.27441170121878383,
        0.27037303399990004,
        0.2662430617223183,
        0.2625506551966071
    ],
    "train_acc": [
        0.1213,
        0.6240666666666667,
        0.8215166666666667,
        0.8586666666666667,
        0.8754833333333333,
        0.8843166666666666,
        0.8905,
        0.8949166666666667,
        0.89805,
        0.9012833333333333,
        0.9039666666666667,
        0.90655,
        0.9086,
        0.9101833333333333,
        0.9124833333333333,
        0.9141833333333333,
        0.9158,
        0.9171,
        0.9188,
        0.92025,
        0.9215833333333333,
        0.9226666666666666,
        0.9235666666666666,
        0.9249333333333334,
        0.9258666666666666
    ],
    "test_loss": [
        2.2965717933654783,
        1.2463130290031432,
        0.6850029577732086,
        0.5195641902089119,
        0.444489219969511,
        0.4031892538189888,
        0.3759137355148792,
        0.35647267982661723,
        0.34249239813387394,
        0.33140610233843326,
        0.32156743462085724,
        0.31312098578065634,
        0.3072192845568061,
        0.3006498361766338,
        0.29390477797985076,
        0.2898890293613076,
        0.2856158992514014,
        0.28006926060914994,
        0.2760078274399042,
        0.2718690602943301,
        0.26787851419150827,
        0.2637737599775195,
        0.26089439780265095,
        0.257521705853194,
        0.2535722646415234
    ],
    "test_acc": [
        0.1282,
        0.7941,
        0.8535,
        0.8762,
        0.8873,
        0.8933,
        0.8989,
        0.9009,
        0.9048,
        0.907,
        0.909,
        0.9122,
        0.9151,
        0.9163,
        0.9181,
        0.9192,
        0.9202,
        0.9227,
        0.9236,
        0.9242,
        0.9256,
        0.926,
        0.927,
        0.9279,
        0.9293
    ]
}