{
    "train_loss": [
        2.2988321739832562,
        1.913190712070465,
        1.060291432094574,
        0.6828213740905126,
        0.54243528389136,
        0.4723101060708364,
        0.4304455752650897,
        0.4028808474282424,
        0.38306713490486144,
        0.36799768258631227,
        0.3559964800029993,
        0.3460293925791979,
        0.3376853504235546,
        0.33026362971464795,
        0.323742103942732,
        0.31784929122775796,
        0.3124501604363322,
        0.30736429184824227,
        0.30280325065503516,
        0.2983475447386503,
        0.29417430219451585,
        0.2902941431974371,
        0.2865169193719824,
        0.28291447855184476,
        0.27935129970113437
    ],
    "train_acc": [
        0.16486666666666666,
        0.6274833333333333,
        0.8053833333333333,
        0.8456666666666667,
        0.8647666666666667,
        0.8763666666666666,
        0.8842333333333333,
        0.8894333333333333,
        0.8933333333333333,
        0.89635,
        0.8994666666666666,
        0.9015,
        0.9038333333333334,
        0.9060166666666667,
        0.90745,
        0.9090833333333334,
        0.9107333333333333,
        0.9119666666666667,
        0.9130166666666667,
        0.9144166666666667,
        0.91585,
        0.91715,
        0.9182666666666667,
        0.91965,
        0.9204333333333333
    ],
    "test_loss": [
        2.2975090656280517,
        1.41426517162323,
        0.7822064435958862,
        0.5724637095093728,
        0.4789799701690674,
        0.4274479643642902,
        0.39559990828633307,
        0.3733301862239838,
        0.35702843574881554,
        0.3443069485515356,
        0.3345822001516819,
        0.3257302267163992,
        0.31852460476011035,
        0.3125241697624326,
        0.30667977498620747,
        0.3021592295780778,
        0.29743573477864266,
        0.2924668844550848,
        0.28851028926074507,
        0.28497267494797707,
        0.2817955688163638,
        0.2788384442403913,
        0.27475897491797807,
        0.27184857778549193,
        0.26884620680063964
    ],
    "test_acc": [
        0.167,
        0.7823,
        0.8388,
        0.8641,
        0.8777,
        0.8865,
        0.8919,
        0.8965,
        0.8986,
        0.9026,
        0.9042,
        0.907,
        0.909,
        0.9106,
        0.9126,
        0.9153,
        0.9164,
        0.9176,
        0.9196,
        0.92,
        0.9211,
        0.9218,
        0.923,
        0.9239,
        0.9243
    ]
}