{
    "train_loss": [
        2.3051901514689126,
        2.2751926074345907,
        2.2135943300882976,
        2.146734192721049,
        2.071633814525604,
        1.9876419833183288,
        1.8955799034436545,
        1.7972526498794557,
        1.6948743112881979,
        1.5911586622238159,
        1.4889339120229086,
        1.3908341915130615,
        1.298907880338033,
        1.214343138583501,
        1.1376977019786834,
        1.0689598575274148,
        1.0077354739983877,
        0.9533659507433574,
        0.9051908312241236,
        0.8624340572675069,
        0.8244628228902817,
        0.7905821906169256,
        0.7602900236447652,
        0.7330790613571803,
        0.7085632127364476
    ],
    "train_acc": [
        0.07936666666666667,
        0.18335,
        0.35873333333333335,
        0.4661166666666667,
        0.5425666666666666,
        0.6000166666666666,
        0.6443833333333333,
        0.6797833333333333,
        0.7038833333333333,
        0.7258833333333333,
        0.7439,
        0.7589166666666667,
        0.7716833333333334,
        0.782,
        0.7915166666666666,
        0.7990833333333334,
        0.8053333333333333,
        0.8116333333333333,
        0.8164833333333333,
        0.8209833333333333,
        0.8250666666666666,
        0.8291166666666666,
        0.8330833333333333,
        0.8361666666666666,
        0.83915
    ],
    "test_loss": [
        2.3060512508392335,
        2.2444392211914064,
        2.1793892406463624,
        2.1070570890426636,
        2.0258293800354004,
        1.9358145080566407,
        1.8385211025238037,
        1.7359664779663087,
        1.63061977519989,
        1.5253212400436402,
        1.4230741773605347,
        1.3262682464599609,
        1.2366273385047912,
        1.1549651931762694,
        1.081489682006836,
        1.0160231128692627,
        0.9579107043266296,
        0.9064832863330841,
        0.8609699818611145,
        0.8205887112140655,
        0.7847220413684844,
        0.7526867460250855,
        0.7240359225034714,
        0.6982844086408615,
        0.6750388650655746
    ],
    "test_acc": [
        0.077,
        0.2943,
        0.4275,
        0.5128,
        0.5735,
        0.621,
        0.6653,
        0.6931,
        0.7209,
        0.7411,
        0.7574,
        0.7729,
        0.7838,
        0.7939,
        0.8023,
        0.81,
        0.8152,
        0.82,
        0.8253,
        0.8307,
        0.8346,
        0.8392,
        0.8435,
        0.8465,
        0.8485
    ]
}