{
    "train_loss": [
        2.3051901514689126,
        2.2787508514404298,
        2.2250138129552206,
        2.1682027454376223,
        2.1060141828219097,
        2.0374160305341085,
        1.9625210154851278,
        1.8820583059946696,
        1.7970839058558146,
        1.7090689538319905,
        1.6195806550979615,
        1.530397583993276,
        1.4433054739952087,
        1.359740914964676,
        1.280888625828425,
        1.2075188305854798,
        1.1399933840592702,
        1.0783303904533386,
        1.0224465845902762,
        0.9719427313009897,
        0.9264631798744202,
        0.8854455495595932,
        0.8485076448440552,
        0.8151645690838496,
        0.7850468406756719
    ],
    "train_acc": [
        0.07936666666666667,
        0.17066666666666666,
        0.3356166666666667,
        0.43621666666666664,
        0.5110333333333333,
        0.5668166666666666,
        0.6114666666666667,
        0.6493166666666667,
        0.6758166666666666,
        0.6985833333333333,
        0.7184,
        0.7343666666666666,
        0.7497833333333334,
        0.7620166666666667,
        0.7723666666666666,
        0.7813833333333333,
        0.78855,
        0.7956333333333333,
        0.8025666666666667,
        0.80745,
        0.8121833333333334,
        0.8166,
        0.8201333333333334,
        0.8235166666666667,
        0.8274
    ],
    "test_loss": [
        2.3060512508392335,
        2.2518575595855714,
        2.1957390964508057,
        2.1351406000137327,
        2.068403405380249,
        1.9951434122085572,
        1.9157954723358155,
        1.8313576068878175,
        1.7431041263580322,
        1.652504388999939,
        1.5613181007385253,
        1.4713348987579347,
        1.3843483511924743,
        1.3017356249809264,
        1.2244448829650878,
        1.153064673423767,
        1.087754863357544,
        1.0284639488220215,
        0.9749123778820038,
        0.9266682658672333,
        0.883284996175766,
        0.8442409979343415,
        0.8091044212818146,
        0.7774177888393402,
        0.7487776978492737
    ],
    "test_acc": [
        0.077,
        0.2714,
        0.3997,
        0.4859,
        0.5434,
        0.5902,
        0.6302,
        0.6655,
        0.6889,
        0.7134,
        0.7325,
        0.7482,
        0.7621,
        0.7736,
        0.783,
        0.7914,
        0.7995,
        0.8065,
        0.8107,
        0.8152,
        0.8195,
        0.824,
        0.8293,
        0.8334,
        0.8365
    ]
}