{
    "train_loss": [
        2.3091942808151247,
        2.289651256434123,
        2.2507594714482626,
        2.2109786123275756,
        2.1687032797495522,
        2.122716602484385,
        2.072520373217265,
        2.0179344802220665,
        1.9591032408714295,
        1.8962222330729166,
        1.8297688439687092,
        1.7604884227116904,
        1.6890568994839985,
        1.616550537554423,
        1.5439555640220641,
        1.4723436463356019,
        1.4025979676882425,
        1.3355473452568054,
        1.271720628086726,
        1.2114567921161652,
        1.155061570930481,
        1.1024756527900696,
        1.0537929903030396,
        1.0088262691338856,
        0.9674102569023768
    ],
    "train_acc": [
        0.1055,
        0.12881666666666666,
        0.2034,
        0.311,
        0.43041666666666667,
        0.5367333333333333,
        0.6091833333333333,
        0.6536,
        0.68155,
        0.6982833333333334,
        0.7103333333333334,
        0.7192166666666666,
        0.72485,
        0.7296666666666667,
        0.7341833333333333,
        0.7390166666666667,
        0.74405,
        0.7502833333333333,
        0.7571,
        0.7636166666666667,
        0.7717833333333334,
        0.7789166666666667,
        0.7847833333333334,
        0.7901666666666667,
        0.79505
    ],
    "test_loss": [
        2.3092392925262453,
        2.269163353729248,
        2.2289670082092283,
        2.1870665340423585,
        2.141924382019043,
        2.092700219345093,
        2.039127317237854,
        1.9811296184539795,
        1.918912823867798,
        1.8528820257186889,
        1.7835785816192626,
        1.711716110420227,
        1.6382562725067138,
        1.5642695569992064,
        1.4908426107406616,
        1.418958760738373,
        1.3495146927833557,
        1.283161840057373,
        1.2203803060531617,
        1.1614717703819275,
        1.1065353837966918,
        1.0555795709609985,
        1.0084985279083252,
        0.9651605815887451,
        0.9253351545333862
    ],
    "test_acc": [
        0.1053,
        0.1581,
        0.2543,
        0.3815,
        0.5065,
        0.592,
        0.645,
        0.6793,
        0.7023,
        0.7162,
        0.7267,
        0.7323,
        0.7362,
        0.7399,
        0.7452,
        0.7498,
        0.7576,
        0.7637,
        0.7717,
        0.779,
        0.7863,
        0.7933,
        0.7982,
        0.8023,
        0.8084
    ]
}