{
    "train_loss": [
        2.3047236925125123,
        2.277214547856649,
        2.223085404586792,
        2.166219975090027,
        2.1031559097925823,
        2.032954337946574,
        1.9562968952178954,
        1.8741043668746948,
        1.7874074184099833,
        1.6976927183151245,
        1.6066177176475525,
        1.5160179257074993,
        1.4277152328809102,
        1.343181809234619,
        1.263522809346517,
        1.1895149838606516,
        1.1215808398723601,
        1.0597156491438549,
        1.0037195390065512,
        0.9532531111160915,
        0.9078827795823415,
        0.8671331613063812,
        0.830497651219368,
        0.7975106946070989,
        0.7678054661432901
    ],
    "train_acc": [
        0.09708333333333333,
        0.16863333333333333,
        0.35405,
        0.54475,
        0.6429,
        0.6809333333333333,
        0.6989333333333333,
        0.7107833333333333,
        0.7222,
        0.7334166666666667,
        0.74305,
        0.7547666666666667,
        0.7644666666666666,
        0.7737,
        0.7843333333333333,
        0.7935333333333333,
        0.8022,
        0.8087166666666666,
        0.8147833333333333,
        0.8196,
        0.82425,
        0.8285666666666667,
        0.8318,
        0.8348333333333333,
        0.8373666666666667
    ],
    "test_loss": [
        2.304498468017578,
        2.2485526473999022,
        2.192631732940674,
        2.131665322303772,
        2.0635442241668702,
        1.9885538530349731,
        1.9074534591674805,
        1.8212150714874267,
        1.7310981544494628,
        1.6386528654098511,
        1.5457984228134156,
        1.4545201089859008,
        1.3664940043449403,
        1.2830521558761596,
        1.2051811718940735,
        1.133417006111145,
        1.0679551365852356,
        1.0086357887268067,
        0.9551955865859986,
        0.9071885818481445,
        0.8640763593196868,
        0.8254064881801605,
        0.7907170097827911,
        0.7594857326507568,
        0.7312880198478698
    ],
    "test_acc": [
        0.0999,
        0.2628,
        0.4671,
        0.6136,
        0.6717,
        0.6921,
        0.7084,
        0.721,
        0.7351,
        0.7469,
        0.758,
        0.7676,
        0.7789,
        0.7894,
        0.8017,
        0.8096,
        0.8145,
        0.8213,
        0.827,
        0.8318,
        0.8358,
        0.8398,
        0.8423,
        0.8453,
        0.8475
    ]
}