{
    "train_loss": [
        2.3051901514689126,
        2.038773962720235,
        1.3581485777060192,
        0.86222292415301,
        0.6420505010763804,
        0.5378510633071264,
        0.4792484722852707,
        0.4419089413911104,
        0.4161163270006577,
        0.39707831933697063,
        0.38244658102591833,
        0.3705943534910679,
        0.3609281764407953,
        0.3526586473872264,
        0.3455207854847113,
        0.3391872174739838,
        0.3335008373752236,
        0.3283612181290984,
        0.32365389844626186,
        0.31926458826114734,
        0.3152217236374815,
        0.31144703872477014,
        0.30783172293851774,
        0.3044631295616428,
        0.3012367922703425
    ],
    "train_acc": [
        0.07936666666666667,
        0.5103333333333333,
        0.7563333333333333,
        0.8155666666666667,
        0.8419666666666666,
        0.8573166666666666,
        0.8681833333333333,
        0.8762,
        0.8821833333333333,
        0.8866833333333334,
        0.89035,
        0.8935166666666666,
        0.8963,
        0.89825,
        0.9003,
        0.9019666666666667,
        0.9037166666666666,
        0.9051833333333333,
        0.9064666666666666,
        0.9075,
        0.9089666666666667,
        0.9101666666666667,
        0.9111166666666667,
        0.9121666666666667,
        0.9132666666666667
    ],
    "test_loss": [
        2.3060512508392335,
        1.7028729261398314,
        1.0277858883857727,
        0.7001940567970276,
        0.5574186914682389,
        0.482854347038269,
        0.4375547916889191,
        0.4078312842577696,
        0.3862648413836956,
        0.3704927866429091,
        0.358278212505579,
        0.34840981973558666,
        0.3400515501081944,
        0.33310265385210514,
        0.3266422996893525,
        0.32130136182904245,
        0.3164014970436692,
        0.31191008219122884,
        0.3081184993118048,
        0.3044181189253926,
        0.3012318346120417,
        0.29775186270698906,
        0.29464902889579536,
        0.29169526087716224,
        0.2889457727879286
    ],
    "test_acc": [
        0.077,
        0.6969,
        0.8043,
        0.8377,
        0.8563,
        0.8707,
        0.8794,
        0.8854,
        0.8903,
        0.894,
        0.8977,
        0.8994,
        0.9016,
        0.9027,
        0.905,
        0.9067,
        0.9091,
        0.9104,
        0.9119,
        0.9134,
        0.9139,
        0.9146,
        0.9164,
        0.9166,
        0.9173
    ]
}