{
    "train_loss": [
        2.3056429417292277,
        2.2777083250045775,
        2.220359464009603,
        2.1547855867067973,
        2.075166867764791,
        1.9803974480311075,
        1.8729560444196065,
        1.7562699680010478,
        1.634364523379008,
        1.5124628577550252,
        1.3954783576965333,
        1.2872398838361105,
        1.1899459685484568,
        1.1042424928824106,
        1.029671898237864,
        0.9650974034468333,
        0.9092783225377401,
        0.8608727961142858,
        0.8187434841950735,
        0.7818546124617258,
        0.7493742843468983,
        0.7206040762662888,
        0.694974463224411,
        0.672006068122387,
        0.6513177841464678
    ],
    "train_acc": [
        0.07833333333333334,
        0.15885,
        0.3667666666666667,
        0.5401833333333333,
        0.62245,
        0.6571,
        0.6814833333333333,
        0.70685,
        0.7311333333333333,
        0.7486333333333334,
        0.7652333333333333,
        0.7788333333333334,
        0.7898,
        0.79925,
        0.8064333333333333,
        0.81385,
        0.8200833333333334,
        0.8255666666666667,
        0.8300333333333333,
        0.83425,
        0.8375833333333333,
        0.8412833333333334,
        0.8442666666666667,
        0.8472666666666666,
        0.8497333333333333
    ],
    "test_loss": [
        2.3049506702423095,
        2.2477487480163574,
        2.186286304473877,
        2.112922209739685,
        2.023691000556946,
        1.9197371683120728,
        1.8045824337005616,
        1.6818902536392213,
        1.5566391040802001,
        1.4342790930747986,
        1.3193825163841248,
        1.2150789616584778,
        1.1225918166160584,
        1.0419884364128114,
        0.9721529072761536,
        0.9119304441452026,
        0.8599513615608215,
        0.814859820318222,
        0.775563449716568,
        0.7411712965011596,
        0.7107178678035736,
        0.6837825779438019,
        0.6596762115001679,
        0.6381043225049973,
        0.6185469130516053
    ],
    "test_acc": [
        0.0826,
        0.2602,
        0.4827,
        0.605,
        0.6516,
        0.6765,
        0.7026,
        0.7266,
        0.748,
        0.7656,
        0.7785,
        0.79,
        0.8002,
        0.8087,
        0.8164,
        0.823,
        0.8271,
        0.8323,
        0.8383,
        0.8424,
        0.8467,
        0.8505,
        0.853,
        0.855,
        0.8585
    ]
}