{
    "train_loss": [
        2.3047236925125123,
        2.280812960624695,
        2.23412677415212,
        2.186600399971008,
        2.135737199751536,
        2.080020579433441,
        2.019532945505778,
        1.9547468181610108,
        1.8860116483688354,
        1.8140813316980997,
        1.7396366450309753,
        1.6634725631078084,
        1.5866816442489624,
        1.5103091820081076,
        1.435273811340332,
        1.3625429008165995,
        1.2929300829410553,
        1.2269387455622356,
        1.1649485804398854,
        1.1071918982346853,
        1.0537488204161327,
        1.0045543316523233,
        0.9594243166128794,
        0.9181167545874913,
        0.8804395694176356
    ],
    "train_acc": [
        0.09708333333333333,
        0.15788333333333332,
        0.3138166666666667,
        0.49051666666666666,
        0.6082833333333333,
        0.66105,
        0.6850833333333334,
        0.6977,
        0.7072833333333334,
        0.7174666666666667,
        0.7257,
        0.7345833333333334,
        0.7428,
        0.7506333333333334,
        0.7603666666666666,
        0.7692,
        0.7773166666666667,
        0.7853666666666667,
        0.7938666666666667,
        0.80015,
        0.80665,
        0.81225,
        0.8168166666666666,
        0.8205166666666667,
        0.82465
    ],
    "test_loss": [
        2.304498468017578,
        2.2558944900512694,
        2.208251139831543,
        2.1582943992614747,
        2.103882584762573,
        2.0445746587753297,
        1.9806146787643433,
        1.9124991737365722,
        1.8407512336730958,
        1.7660641290664674,
        1.6891890104293823,
        1.6111085136413574,
        1.5329145639419555,
        1.4557027811050416,
        1.3804761154174805,
        1.3081011709213257,
        1.2392667702674867,
        1.174445017719269,
        1.113927521800995,
        1.0578413442611694,
        1.0061587211608887,
        0.9587477170467377,
        0.9154087725162506,
        0.8758577595710755,
        0.8397957834720612
    ],
    "test_acc": [
        0.0999,
        0.2374,
        0.41,
        0.5697,
        0.6464,
        0.6769,
        0.695,
        0.7066,
        0.7156,
        0.7276,
        0.7375,
        0.7468,
        0.7559,
        0.7648,
        0.7733,
        0.7828,
        0.7917,
        0.8006,
        0.8095,
        0.8141,
        0.8184,
        0.8249,
        0.8284,
        0.8325,
        0.8361
    ]
}