{
    "train_loss": [
        2.3047236925125123,
        2.2700114035288492,
        2.2000036874135334,
        2.121229495938619,
        2.0297895730018616,
        1.9268569251378378,
        1.8147061114311218,
        1.6966064908981324,
        1.5767663239479064,
        1.459673776737849,
        1.3490842481931051,
        1.2475676385561625,
        1.1564884014606476,
        1.0760487653414408,
        1.0057113230228425,
        0.9444895885944367,
        0.8912599554697672,
        0.8448815929015477,
        0.8043557615121205,
        0.7687546515544256,
        0.7373669729391734,
        0.7095315541585286,
        0.6847117434660593,
        0.6624585621913274,
        0.6424372606833776
    ],
    "train_acc": [
        0.09708333333333333,
        0.19118333333333334,
        0.43703333333333333,
        0.61845,
        0.6827166666666666,
        0.7055166666666667,
        0.72125,
        0.7356,
        0.7505,
        0.7650666666666667,
        0.7769666666666667,
        0.78965,
        0.8004333333333333,
        0.80915,
        0.8173666666666667,
        0.8244166666666667,
        0.8290333333333333,
        0.83325,
        0.8378,
        0.8406333333333333,
        0.8438166666666667,
        0.8469333333333333,
        0.8498333333333333,
        0.85215,
        0.85425
    ],
    "test_loss": [
        2.304498468017578,
        2.2337067810058593,
        2.159056521987915,
        2.072064890289307,
        1.9726353359222413,
        1.862606578063965,
        1.744661505317688,
        1.6226134160995482,
        1.501285221672058,
        1.3850768894195558,
        1.2771932171821594,
        1.1796738164901734,
        1.0931942611694336,
        1.017378245639801,
        0.9514047022342682,
        0.8941552133560181,
        0.844468860912323,
        0.8010819361686706,
        0.7631998482227326,
        0.7299281291007995,
        0.7003713808059693,
        0.6741910465955734,
        0.6508953847646713,
        0.6299178802490234,
        0.6109236640453338
    ],
    "test_acc": [
        0.0999,
        0.3169,
        0.5621,
        0.6667,
        0.6969,
        0.7176,
        0.7354,
        0.7515,
        0.7667,
        0.7809,
        0.7947,
        0.8078,
        0.815,
        0.8235,
        0.8304,
        0.8356,
        0.8403,
        0.8455,
        0.8482,
        0.8512,
        0.8541,
        0.8571,
        0.8588,
        0.8606,
        0.8634
    ]
}