{
    "train_loss": [
        2.304665460205078,
        2.279260849062602,
        2.2277646664301556,
        2.1725878655751547,
        2.1112045864423115,
        2.0427911053975425,
        1.9675076520284016,
        1.8860091681480409,
        1.7993976482073466,
        1.7093120337486267,
        1.6176145330111185,
        1.5263254507700603,
        1.4373537769635518,
        1.3523766263008117,
        1.272696925799052,
        1.1989326146920523,
        1.13145992380778,
        1.0701933608690897,
        1.0149394704023997,
        0.9651748833497366,
        0.9204256932020187,
        0.8801851800203323,
        0.843965555580457,
        0.8112906400998433,
        0.7817377737601598
    ],
    "train_acc": [
        0.08203333333333333,
        0.17826666666666666,
        0.39218333333333333,
        0.527,
        0.61155,
        0.6662333333333333,
        0.6996166666666667,
        0.7165333333333334,
        0.7265333333333334,
        0.7348166666666667,
        0.7419833333333333,
        0.7481166666666667,
        0.75435,
        0.7615,
        0.7685333333333333,
        0.7765666666666666,
        0.7845166666666666,
        0.7923833333333333,
        0.7992166666666667,
        0.8057333333333333,
        0.8113,
        0.8170166666666666,
        0.8215333333333333,
        0.8253833333333334,
        0.8285666666666667
    ],
    "test_loss": [
        2.3036648399353026,
        2.2515152362823487,
        2.197454936981201,
        2.137896541213989,
        2.0714101259231565,
        1.9978415460586547,
        1.9176732536315917,
        1.8317972043991089,
        1.7415925733566284,
        1.6488014699935913,
        1.5554238090515136,
        1.4635058727264405,
        1.3749175137519836,
        1.2911484709739685,
        1.213224061870575,
        1.141698042678833,
        1.0766109489440918,
        1.0178343950271607,
        0.9649500391960144,
        0.917438427400589,
        0.8748288959026337,
        0.8365584813594819,
        0.8021127116680146,
        0.7710913774013519,
        0.7430267934322358
    ],
    "test_acc": [
        0.0829,
        0.2969,
        0.4782,
        0.5857,
        0.6543,
        0.6973,
        0.7231,
        0.7368,
        0.7451,
        0.754,
        0.7613,
        0.7682,
        0.7748,
        0.7807,
        0.7875,
        0.7962,
        0.8033,
        0.8111,
        0.817,
        0.8218,
        0.8271,
        0.8324,
        0.8361,
        0.839,
        0.8415
    ]
}