{
    "train_loss": [
        2.3047236925125123,
        2.0333756211916607,
        1.3405572333494822,
        0.8421940948088964,
        0.6258455854336421,
        0.5261496896823247,
        0.470828325398763,
        0.436059642603,
        0.41204064726630846,
        0.3943785314977169,
        0.3806069634348154,
        0.3694557795802752,
        0.36014466514935095,
        0.3520300254056851,
        0.3450886690740784,
        0.33888984970698754,
        0.3333085630600651,
        0.32819745514020326,
        0.323568751672407,
        0.3191372233418127,
        0.315137396380802,
        0.3113724774189293,
        0.30780200461198887,
        0.30440154510264594,
        0.30106208586742483
    ],
    "train_acc": [
        0.09708333333333333,
        0.5734166666666667,
        0.7727,
        0.8272166666666667,
        0.8483333333333334,
        0.8602,
        0.87005,
        0.8776166666666667,
        0.8830166666666667,
        0.8871,
        0.89025,
        0.8929,
        0.8952,
        0.8975,
        0.89935,
        0.9012166666666667,
        0.9027666666666667,
        0.9042666666666667,
        0.9057333333333333,
        0.90745,
        0.9085166666666666,
        0.9101,
        0.9110166666666667,
        0.9122166666666667,
        0.9131
    ],
    "test_loss": [
        2.304498468017578,
        1.6886627113342285,
        1.0061998484611512,
        0.6811916580200196,
        0.5429807506680489,
        0.47288334043622016,
        0.4308247782111168,
        0.403221205830574,
        0.38364085693359373,
        0.36861879640221595,
        0.3568121221870184,
        0.3474272708311677,
        0.33945294923633335,
        0.332525159971416,
        0.3266003861889243,
        0.32130841968357565,
        0.3165496363610029,
        0.3118247222945094,
        0.3078262506708503,
        0.30436600004285574,
        0.3010058577209711,
        0.29778704452365634,
        0.2947038831114769,
        0.29173624629601835,
        0.289136745082587
    ],
    "test_acc": [
        0.0999,
        0.7398,
        0.818,
        0.8499,
        0.8618,
        0.8727,
        0.8806,
        0.8864,
        0.8905,
        0.8929,
        0.8958,
        0.8984,
        0.9003,
        0.9018,
        0.9038,
        0.9049,
        0.9063,
        0.9095,
        0.9104,
        0.9111,
        0.9132,
        0.9145,
        0.916,
        0.9167,
        0.918
    ]
}