{
    "train_loss": [
        2.2988321739832562,
        2.2703390225728355,
        2.2119040654500326,
        2.1465874285380044,
        2.07150330359141,
        1.9865829209327697,
        1.893086036014557,
        1.7929666268348694,
        1.6887876377423605,
        1.5835028948465983,
        1.4801761858940123,
        1.3814552759965262,
        1.2893557429949443,
        1.2050368186155955,
        1.12899614833196,
        1.060998481353124,
        1.0006133604049683,
        0.9471034974892935,
        0.8997195649385452,
        0.8576992753744125,
        0.8203512072483699,
        0.7870377403020858,
        0.7572218614419302,
        0.7304400905450185,
        0.7062705166657766
    ],
    "train_acc": [
        0.16486666666666666,
        0.24936666666666665,
        0.40515,
        0.5579,
        0.6582166666666667,
        0.7007666666666666,
        0.7261166666666666,
        0.74235,
        0.7515166666666667,
        0.7582,
        0.7658333333333334,
        0.7733666666666666,
        0.7821166666666667,
        0.7905,
        0.7991,
        0.8069,
        0.8125,
        0.8183833333333334,
        0.82295,
        0.8271666666666667,
        0.8313166666666667,
        0.8348333333333333,
        0.83765,
        0.8407,
        0.8429833333333333
    ],
    "test_loss": [
        2.2975090656280517,
        2.2392112869262695,
        2.176837267303467,
        2.1054788469314576,
        2.0237883180618286,
        1.9327674741744996,
        1.8340523527145385,
        1.7297937345504761,
        1.6229043249130248,
        1.5165529851913453,
        1.4137310956954956,
        1.3167930695533752,
        1.227388695526123,
        1.1463481006622314,
        1.0736960299491882,
        1.0091156113624573,
        0.9519189538478852,
        0.9013097189426422,
        0.8565230990409851,
        0.8167782759189606,
        0.781488836479187,
        0.7499345673084259,
        0.7216146092891693,
        0.696202432513237,
        0.6732384842634201
    ],
    "test_acc": [
        0.167,
        0.3313,
        0.49,
        0.6224,
        0.6918,
        0.7221,
        0.7412,
        0.7537,
        0.7623,
        0.771,
        0.7785,
        0.7877,
        0.7953,
        0.803,
        0.8104,
        0.8183,
        0.8242,
        0.8283,
        0.8326,
        0.8365,
        0.8393,
        0.8427,
        0.8461,
        0.8492,
        0.8525
    ]
}