{
    "train_loss": [
        2.3047236925125123,
        1.9097320696830749,
        1.050027812385559,
        0.6711405001680056,
        0.5342139640728633,
        0.4673264033397039,
        0.42753329849640526,
        0.4012934403379758,
        0.38212947322924934,
        0.36752944107155006,
        0.35584759706556796,
        0.34608233362535634,
        0.33772454791565737,
        0.3303120099827647,
        0.3238269755671422,
        0.3178699211021264,
        0.3124388587678472,
        0.307315330465138,
        0.30258713841587304,
        0.2980478060533603,
        0.2938830721919735,
        0.2899056107307474,
        0.2860262255494793,
        0.28229777549405893,
        0.2785777975708246
    ],
    "train_acc": [
        0.09708333333333333,
        0.6184833333333334,
        0.8098666666666666,
        0.8487333333333333,
        0.86595,
        0.8771333333333333,
        0.8840666666666667,
        0.8891666666666667,
        0.8932666666666667,
        0.89605,
        0.8989166666666667,
        0.9014666666666666,
        0.9035166666666666,
        0.9055166666666666,
        0.9072833333333333,
        0.9089333333333334,
        0.9103833333333333,
        0.9117166666666666,
        0.9134,
        0.9146166666666666,
        0.91585,
        0.9172333333333333,
        0.9185333333333333,
        0.9198166666666666,
        0.9211333333333334
    ],
    "test_loss": [
        2.304498468017578,
        1.4059496635437012,
        0.7682649644374847,
        0.5620394224286079,
        0.47269592266082766,
        0.4243864470601082,
        0.3934380097091198,
        0.3724679937452078,
        0.35702808474004266,
        0.34431421041190624,
        0.33416224557161334,
        0.3263899121552706,
        0.31926153411269187,
        0.3128707512840629,
        0.3074540914818645,
        0.3026342026874423,
        0.2979354830279946,
        0.29313217387199403,
        0.28891147559583186,
        0.28568003113418816,
        0.2820841096431017,
        0.27852499820888044,
        0.2752702226683497,
        0.2717367672935128,
        0.26887225272208454
    ],
    "test_acc": [
        0.0999,
        0.7787,
        0.845,
        0.8664,
        0.8787,
        0.8864,
        0.8914,
        0.896,
        0.8985,
        0.9005,
        0.9025,
        0.9054,
        0.9072,
        0.9095,
        0.9118,
        0.9139,
        0.9149,
        0.917,
        0.9178,
        0.9182,
        0.9203,
        0.92,
        0.921,
        0.9215,
        0.9236
    ]
}