{
    "train_loss": [
        2.2972562834421795,
        2.2677216231664024,
        2.207043174044291,
        2.1415193874994913,
        2.068553791014353,
        1.9874297338167826,
        1.89884303150177,
        1.8039979831695556,
        1.7045846748669942,
        1.602727091439565,
        1.5010041015942892,
        1.4021342811425528,
        1.3085464566707612,
        1.2218825330575307,
        1.1431144185066222,
        1.0723979601542155,
        1.0094700567404429,
        0.9536817969481151,
        0.904328545498848,
        0.8606481787999471,
        0.8219018196821213,
        0.78744570145607,
        0.7567193374792734,
        0.7291670629580815,
        0.7043941881855329
    ],
    "train_acc": [
        0.1213,
        0.22481666666666666,
        0.38438333333333335,
        0.4999166666666667,
        0.5896833333333333,
        0.6485833333333333,
        0.6861666666666667,
        0.71185,
        0.7310166666666666,
        0.7472833333333333,
        0.7594,
        0.7696,
        0.7802,
        0.7887166666666666,
        0.7973166666666667,
        0.8032333333333334,
        0.8096166666666667,
        0.8157833333333333,
        0.8217333333333333,
        0.8258833333333333,
        0.8297333333333333,
        0.8335,
        0.8368,
        0.8403666666666667,
        0.8433833333333334
    ],
    "test_loss": [
        2.2965717933654783,
        2.2360801097869873,
        2.17236958732605,
        2.102163958358765,
        2.0236730474472044,
        1.9370649709701537,
        1.8433706634521485,
        1.7441231344223023,
        1.6412456701278686,
        1.5371881942749024,
        1.4348074666976929,
        1.3367401923179627,
        1.2452476726531982,
        1.1615379500389098,
        1.0860822617530823,
        1.018838849067688,
        0.9592353776454926,
        0.9065530792713166,
        0.8600431632041932,
        0.8188929656982422,
        0.7823795377731323,
        0.7498744850635528,
        0.7209140537261963,
        0.6949352431297302,
        0.671469775223732
    ],
    "test_acc": [
        0.1282,
        0.3296,
        0.4611,
        0.5686,
        0.6391,
        0.678,
        0.7078,
        0.7283,
        0.7433,
        0.7577,
        0.772,
        0.7854,
        0.793,
        0.8027,
        0.8089,
        0.8149,
        0.8203,
        0.826,
        0.831,
        0.8357,
        0.8405,
        0.8441,
        0.8465,
        0.8487,
        0.8515
    ]
}