{
    "train_loss": [
        2.2972562834421795,
        1.9795908807118734,
        1.203549601014455,
        0.7520628172079722,
        0.5780535598993302,
        0.49505752696196237,
        0.4472206362863382,
        0.41623591386874514,
        0.3943958935280641,
        0.37795685710310933,
        0.36515067210594815,
        0.3545723521500826,
        0.34569302856797973,
        0.33801477970083554,
        0.3312273279130459,
        0.32516912460029124,
        0.31961194268018006,
        0.3146250651796659,
        0.30997478432406983,
        0.3055982064753771,
        0.3015113820835948,
        0.2976112697467208,
        0.2939924459338188,
        0.2903856686939796,
        0.287104839002341
    ],
    "train_acc": [
        0.1213,
        0.5673666666666667,
        0.78875,
        0.8348333333333333,
        0.8566666666666667,
        0.8705333333333334,
        0.8800166666666667,
        0.8855833333333333,
        0.8894166666666666,
        0.8931833333333333,
        0.8957166666666667,
        0.8988166666666667,
        0.9006833333333333,
        0.9029,
        0.9046833333333333,
        0.9061333333333333,
        0.9079166666666667,
        0.9090166666666667,
        0.9107166666666666,
        0.9117,
        0.9131333333333334,
        0.91435,
        0.91575,
        0.9169333333333334,
        0.9181
    ],
    "test_loss": [
        2.2965717933654783,
        1.573102721786499,
        0.8837607537746429,
        0.6198042525529861,
        0.5073348368525505,
        0.44766881965398786,
        0.41051222271323207,
        0.38519534091949464,
        0.3674499189466238,
        0.3539034232199192,
        0.34285658229887483,
        0.3334487333074212,
        0.3265167287290096,
        0.3196806942746043,
        0.313174635489285,
        0.3087467644110322,
        0.3041985681384802,
        0.29924283423274756,
        0.2954427707180381,
        0.2916949151650071,
        0.2880771523043513,
        0.2845251310914755,
        0.2819249330967665,
        0.2789212727442384,
        0.2757296472623944
    ],
    "test_acc": [
        0.1282,
        0.7499,
        0.8245,
        0.8555,
        0.8717,
        0.8822,
        0.8877,
        0.8933,
        0.8974,
        0.8994,
        0.9011,
        0.9042,
        0.9059,
        0.9063,
        0.9103,
        0.9124,
        0.914,
        0.9159,
        0.916,
        0.9173,
        0.9179,
        0.9203,
        0.9202,
        0.9217,
        0.9225
    ]
}