{
    "train_loss": [
        2.3051901514689126,
        1.854398704624176,
        0.9659559319575628,
        0.6351156115055084,
        0.5143921653270721,
        0.45312697999278706,
        0.41622451208929223,
        0.3914031354387601,
        0.373303983660539,
        0.35932871581514675,
        0.3478764535268148,
        0.33834299987157185,
        0.33007979134420556,
        0.3227408722822865,
        0.316273307184875,
        0.31025920086403685,
        0.30475556574364504,
        0.29955200553784767,
        0.2947085004940629,
        0.29005958465238413,
        0.28572622321918606,
        0.28153361418644585,
        0.27742674077302215,
        0.27343604621539513,
        0.26958695360869167
    ],
    "train_acc": [
        0.07936666666666667,
        0.5934166666666667,
        0.81075,
        0.85205,
        0.8695666666666667,
        0.8802666666666666,
        0.8874333333333333,
        0.8923666666666666,
        0.8964666666666666,
        0.8994333333333333,
        0.9018666666666667,
        0.9045166666666666,
        0.9067333333333333,
        0.90875,
        0.9107166666666666,
        0.9120166666666667,
        0.9135666666666666,
        0.9149666666666667,
        0.9164166666666667,
        0.9175,
        0.9188833333333334,
        0.9201,
        0.9210666666666667,
        0.9226333333333333,
        0.9240166666666667
    ],
    "test_loss": [
        2.3060512508392335,
        1.2971338390350342,
        0.7156474084854126,
        0.5373715288043022,
        0.4568127713263035,
        0.4122322855830193,
        0.3829874103724957,
        0.3633700210601091,
        0.34819680530130864,
        0.3365834984660149,
        0.32731702702641485,
        0.3194213723346591,
        0.3126530768096447,
        0.306301008875668,
        0.3001767314195633,
        0.2949747977823019,
        0.2904443121448159,
        0.28583009417504074,
        0.2821879851162434,
        0.2781801067024469,
        0.27453103579878807,
        0.2703538281083107,
        0.2665756572254002,
        0.26306808547899124,
        0.2595468708522618
    ],
    "test_acc": [
        0.077,
        0.7774,
        0.8469,
        0.8698,
        0.8828,
        0.891,
        0.8961,
        0.8997,
        0.9028,
        0.906,
        0.9084,
        0.91,
        0.9119,
        0.9147,
        0.9159,
        0.9178,
        0.9191,
        0.9202,
        0.9211,
        0.9226,
        0.923,
        0.923,
        0.9263,
        0.9265,
        0.9268
    ]
}