{
    "train_loss": [
        2.3056429417292277,
        1.9798888010660807,
        1.1346230563561122,
        0.7100700998544693,
        0.5556842571735382,
        0.48032251048286756,
        0.4361030707577864,
        0.40695284187992414,
        0.3861171251108249,
        0.3704164331962665,
        0.3578372342556715,
        0.3473879694034656,
        0.3386396691898505,
        0.3307769859711329,
        0.324097618402044,
        0.31785508459309736,
        0.3122406647776564,
        0.3070296366194884,
        0.30198647714505594,
        0.2974860325202346,
        0.2931216900582115,
        0.288888411381344,
        0.28486048688391846,
        0.2810247125585874,
        0.27733234724054734
    ],
    "train_acc": [
        0.07833333333333334,
        0.56805,
        0.7918666666666667,
        0.8400166666666666,
        0.8609333333333333,
        0.8748,
        0.8822333333333333,
        0.8878333333333334,
        0.8918833333333334,
        0.8956666666666667,
        0.8984,
        0.9012833333333333,
        0.90295,
        0.9050166666666667,
        0.90725,
        0.909,
        0.9105833333333333,
        0.9118166666666667,
        0.9136833333333333,
        0.91465,
        0.916,
        0.9173,
        0.91855,
        0.9196666666666666,
        0.9213
    ],
    "test_loss": [
        2.3049506702423095,
        1.520213368988037,
        0.8218199958324433,
        0.5890751893997193,
        0.4886987720012665,
        0.4340785127222538,
        0.3994409175515175,
        0.37663035041689874,
        0.35947056471705435,
        0.34639162074923513,
        0.3349784910172224,
        0.32691234797984364,
        0.3190001201689243,
        0.3129368288591504,
        0.30674449305832385,
        0.3009548242047429,
        0.2959238743931055,
        0.29119761909097436,
        0.288021063837409,
        0.284056400129199,
        0.2803330445677042,
        0.276141111060977,
        0.27297161009013654,
        0.2697816692456603,
        0.266247748619318
    ],
    "test_acc": [
        0.0826,
        0.7506,
        0.8288,
        0.8611,
        0.876,
        0.8844,
        0.8924,
        0.8974,
        0.8991,
        0.9018,
        0.9046,
        0.907,
        0.9091,
        0.9106,
        0.9129,
        0.9151,
        0.916,
        0.9175,
        0.9177,
        0.9196,
        0.9208,
        0.9212,
        0.9223,
        0.9248,
        0.9254
    ]
}