{
    "train_loss": [
        2.304665460205078,
        2.272435696856181,
        2.2053109214146933,
        2.128849689642588,
        2.0398427337328595,
        1.9384966892242432,
        1.8267623275121052,
        1.7082379032770794,
        1.5874631823539733,
        1.4693497269948324,
        1.3580894290924073,
        1.2565136607170104,
        1.1658877989927927,
        1.0861965404669445,
        1.0167025826295217,
        0.9562487754185994,
        0.9036341951529185,
        0.8576794041554133,
        0.8173794437249502,
        0.7818666787465414,
        0.7503857831001282,
        0.7223136237343153,
        0.6971909677346547,
        0.6745789876222611,
        0.6541167876084646
    ],
    "train_acc": [
        0.08203333333333333,
        0.2105,
        0.4552333333333333,
        0.5894333333333334,
        0.6636666666666666,
        0.7039,
        0.7262333333333333,
        0.7368333333333333,
        0.7449,
        0.7540166666666667,
        0.7642333333333333,
        0.7747833333333334,
        0.7848166666666667,
        0.7943166666666667,
        0.8025666666666667,
        0.8117833333333333,
        0.81845,
        0.82465,
        0.8288833333333333,
        0.83395,
        0.8380333333333333,
        0.8415666666666667,
        0.8448833333333333,
        0.8477333333333333,
        0.8501333333333333
    ],
    "test_loss": [
        2.3036648399353026,
        2.237213370132446,
        2.1645392711639406,
        2.0798425346374514,
        1.9822617513656615,
        1.8731042560577393,
        1.755187935447693,
        1.6326190612792968,
        1.510374654006958,
        1.3931569261550902,
        1.2847768305778504,
        1.1873009490013122,
        1.101211142063141,
        1.0260334807395934,
        0.9607441750049591,
        0.9041419164657593,
        0.854781117105484,
        0.8117454441547394,
        0.7739930558204651,
        0.7405914860725403,
        0.7110331708431243,
        0.6846380034208298,
        0.6609336796045303,
        0.6396443021059036,
        0.6203322502613068
    ],
    "test_acc": [
        0.0829,
        0.3566,
        0.5431,
        0.6463,
        0.7007,
        0.7333,
        0.7459,
        0.7557,
        0.7668,
        0.7778,
        0.7856,
        0.7953,
        0.8053,
        0.8144,
        0.8211,
        0.828,
        0.8331,
        0.8379,
        0.8425,
        0.8464,
        0.8502,
        0.8531,
        0.8554,
        0.858,
        0.8614
    ]
}