{
    "train_loss": [
        2.305034884007772,
        2.286194351641337,
        2.2494576859156292,
        2.2122413335164386,
        2.172998809814453,
        2.1306448674519856,
        2.084319936688741,
        2.0334813396135965,
        1.9778878226280212,
        1.9177512888590496,
        1.8533704520543417,
        1.785292790476481,
        1.714054079914093,
        1.640657525952657,
        1.5660237023671468,
        1.4914175919532775,
        1.4178558458328248,
        1.3463676238218942,
        1.2777659477551777,
        1.2126083080450694,
        1.1514278345108033,
        1.0944111616452534,
        1.0417346662362417,
        0.9932702061494192,
        0.9488990115483602
    ],
    "train_acc": [
        0.07181666666666667,
        0.1181,
        0.23025,
        0.34541666666666665,
        0.44275,
        0.50485,
        0.5507,
        0.5977333333333333,
        0.6390833333333333,
        0.6722166666666667,
        0.6985833333333333,
        0.7203166666666667,
        0.735,
        0.74675,
        0.7568,
        0.7650166666666667,
        0.7727,
        0.7786833333333333,
        0.7847666666666666,
        0.7920166666666667,
        0.7973,
        0.8034,
        0.8079666666666667,
        0.8126833333333333,
        0.8165666666666667
    ],
    "test_loss": [
        2.3044456077575686,
        2.26592674407959,
        2.2282167068481447,
        2.1891912189483644,
        2.147617406082153,
        2.1024574377059935,
        2.052888904953003,
        1.9985390535354615,
        1.9394765989303588,
        1.8759955919265747,
        1.8084718936920166,
        1.7374549196243285,
        1.6637669923782348,
        1.5883703855514526,
        1.512440959739685,
        1.4371028564453125,
        1.3634174508094787,
        1.2922985091209411,
        1.2244763380050658,
        1.160523958492279,
        1.1007786401748658,
        1.0454081654548646,
        0.9944198968887329,
        0.9477086502075195,
        0.9050656126499176
    ],
    "test_acc": [
        0.0753,
        0.1754,
        0.2967,
        0.4162,
        0.4898,
        0.5372,
        0.5854,
        0.631,
        0.6686,
        0.6953,
        0.7162,
        0.7353,
        0.7496,
        0.7592,
        0.7673,
        0.7759,
        0.7831,
        0.7897,
        0.7957,
        0.8012,
        0.8075,
        0.8127,
        0.818,
        0.8223,
        0.8263
    ]
}