{
    "train_loss": [
        2.3051901514689126,
        2.2716101724624633,
        2.201853626314799,
        2.12403781598409,
        2.034769796244303,
        1.9341022270202637,
        1.8241944689114888,
        1.7083334387779237,
        1.590445825735728,
        1.474868639977773,
        1.365408134841919,
        1.2646727657318115,
        1.1740310910542806,
        1.0937198165575663,
        1.0232527083873748,
        0.9617015099684397,
        0.9080268918355306,
        0.8611155152479808,
        0.8200213761409124,
        0.7838352173248927,
        0.7518532323757807,
        0.7233982078790665,
        0.6979805013497671,
        0.6751544232606888,
        0.6545640287717184
    ],
    "train_acc": [
        0.07936666666666667,
        0.19533333333333333,
        0.38115,
        0.49211666666666665,
        0.5712166666666667,
        0.6292833333333333,
        0.67085,
        0.7029166666666666,
        0.7261666666666666,
        0.7474166666666666,
        0.7637,
        0.7767666666666667,
        0.7885166666666666,
        0.79735,
        0.8055666666666667,
        0.8117666666666666,
        0.8172,
        0.8230333333333333,
        0.8276333333333333,
        0.832,
        0.8361833333333333,
        0.8394166666666667,
        0.8426333333333333,
        0.8456666666666667,
        0.8488333333333333
    ],
    "test_loss": [
        2.3060512508392335,
        2.2369238227844237,
        2.1623330718994143,
        2.0771511665344238,
        1.9800073398590088,
        1.8722298213958741,
        1.7567017051696778,
        1.6370213397979736,
        1.5174514841079711,
        1.402472235774994,
        1.295490866947174,
        1.198337388420105,
        1.1119348525047301,
        1.0359537261009217,
        0.9695804429531097,
        0.9118584119796753,
        0.861498779630661,
        0.8175296706199646,
        0.7789971833705902,
        0.7449979185581207,
        0.7149302524805069,
        0.6880772688388824,
        0.6640839978218078,
        0.642502460360527,
        0.6229808007955551
    ],
    "test_acc": [
        0.077,
        0.3145,
        0.4509,
        0.5386,
        0.6029,
        0.6524,
        0.6905,
        0.7206,
        0.7433,
        0.7634,
        0.7779,
        0.7912,
        0.8,
        0.8088,
        0.8158,
        0.8209,
        0.8273,
        0.8333,
        0.8378,
        0.8429,
        0.8464,
        0.8489,
        0.852,
        0.855,
        0.8573
    ]
}