{
    "train_loss": [
        2.2972562834421795,
        1.8568417364120484,
        0.9661698382059734,
        0.6307651091933251,
        0.5104686324397723,
        0.44999722300767897,
        0.41356912023027737,
        0.3889941614309947,
        0.37102220493257043,
        0.35695273377001285,
        0.3456675589760145,
        0.33598741118609904,
        0.32775078377040723,
        0.3204228672027588,
        0.31379618978202345,
        0.30775978408952553,
        0.30214211176584166,
        0.2970026778618495,
        0.2921490821669499,
        0.28748757755309345,
        0.2830523042192062,
        0.278770750122269,
        0.2747972880922258,
        0.2707715723360578,
        0.26716195583591856
    ],
    "train_acc": [
        0.1213,
        0.6154,
        0.81695,
        0.8544833333333334,
        0.8728833333333333,
        0.8825333333333333,
        0.8893166666666666,
        0.8934666666666666,
        0.8966,
        0.8999166666666667,
        0.9025,
        0.9049833333333334,
        0.9071,
        0.9091166666666667,
        0.9110666666666667,
        0.9126833333333333,
        0.9142,
        0.9157666666666666,
        0.9174,
        0.9187166666666666,
        0.9202,
        0.9210833333333334,
        0.9222333333333333,
        0.92335,
        0.9247833333333333
    ],
    "test_loss": [
        2.2965717933654783,
        1.3056148703575134,
        0.7126358894348145,
        0.5339600026845932,
        0.45380960627794265,
        0.4099198629260063,
        0.38126229318380356,
        0.3610212366551161,
        0.34654406724274156,
        0.3351423897564411,
        0.32513822531104086,
        0.31657217864990234,
        0.31056489277035,
        0.3040064579412341,
        0.29733239665925504,
        0.29329160043001173,
        0.288999268373847,
        0.28359769376665356,
        0.27963938486278056,
        0.27560827297270296,
        0.2717076378464699,
        0.2677112147152424,
        0.26490875571519135,
        0.26159775652885436,
        0.25778854248449207
    ],
    "test_acc": [
        0.1282,
        0.7879,
        0.8488,
        0.8745,
        0.8844,
        0.8917,
        0.8978,
        0.8997,
        0.903,
        0.9053,
        0.908,
        0.911,
        0.9142,
        0.9147,
        0.9165,
        0.9179,
        0.9195,
        0.9214,
        0.9215,
        0.9232,
        0.9242,
        0.9252,
        0.9259,
        0.9262,
        0.9275
    ]
}