{
    "train_loss": [
        2.305674257342021,
        1.8523643354733785,
        0.9444081895112991,
        0.6211548634608587,
        0.5045486044367155,
        0.4457255716721217,
        0.41003906605045,
        0.3858575619737307,
        0.3682338451514641,
        0.3542199676429232,
        0.34293676891227565,
        0.3333925316780806,
        0.32511383206546307,
        0.3176176273494959,
        0.31089258923083546,
        0.30469396852006514,
        0.2989565532942613,
        0.2934838822931051,
        0.2882488713512818,
        0.2834470979735255,
        0.27869723875572283,
        0.274197690979143,
        0.2698740597228209,
        0.265653425030907,
        0.26157638275325296
    ],
    "train_acc": [
        0.10793333333333334,
        0.5786,
        0.8184666666666667,
        0.8580333333333333,
        0.8738166666666667,
        0.8842666666666666,
        0.8901,
        0.8946833333333334,
        0.8979,
        0.9012833333333333,
        0.9034166666666666,
        0.9060333333333334,
        0.9082,
        0.9102833333333333,
        0.912,
        0.9131333333333334,
        0.9153,
        0.91665,
        0.9181166666666667,
        0.9199166666666667,
        0.9212666666666667,
        0.92285,
        0.9233833333333333,
        0.9249333333333334,
        0.9265666666666666
    ],
    "test_loss": [
        2.3052435230255126,
        1.2720768158912659,
        0.6972977139234543,
        0.5247525699496269,
        0.44770381961464883,
        0.40406176044344905,
        0.3768565488934517,
        0.3574869208544493,
        0.34295603884756565,
        0.3308101570129395,
        0.32148778752088547,
        0.31331106564700606,
        0.3062625333279371,
        0.3001496015191078,
        0.2940661965250969,
        0.28898202865719796,
        0.28387792799323797,
        0.2793749082610011,
        0.2756603797599673,
        0.2707197332650423,
        0.2665026464059949,
        0.2626509438544512,
        0.2595697498202324,
        0.2556673901334405,
        0.2523955892473459
    ],
    "test_acc": [
        0.1066,
        0.7829,
        0.8537,
        0.8771,
        0.8866,
        0.894,
        0.8984,
        0.9021,
        0.9044,
        0.9075,
        0.9095,
        0.9122,
        0.9158,
        0.9176,
        0.9184,
        0.9192,
        0.92,
        0.9217,
        0.9232,
        0.9237,
        0.9245,
        0.9261,
        0.927,
        0.9284,
        0.9294
    ]
}