{
    "train_loss": [
        2.305674257342021,
        1.8838252160708109,
        0.9892938105185827,
        0.6422462374210358,
        0.5168404529333115,
        0.4541543345332146,
        0.4164776804308097,
        0.3911725976626078,
        0.3728712232162555,
        0.35847965839505197,
        0.3469577895859877,
        0.33728810053070385,
        0.3289458180954059,
        0.3214559049074848,
        0.31476785744577646,
        0.3086476782073577,
        0.30298994894673426,
        0.2976314245517055,
        0.2925158057441314,
        0.28783289256940287,
        0.2832190599602958,
        0.2788426659176747,
        0.27464405240267514,
        0.270549378824234,
        0.26659171867469944
    ],
    "train_acc": [
        0.10793333333333334,
        0.5669666666666666,
        0.8121666666666667,
        0.8544333333333334,
        0.8712666666666666,
        0.8819833333333333,
        0.8879333333333334,
        0.8930833333333333,
        0.8965,
        0.89995,
        0.9021333333333333,
        0.9045166666666666,
        0.9068833333333334,
        0.9087166666666666,
        0.9105666666666666,
        0.9119,
        0.9140333333333334,
        0.9152166666666667,
        0.9166833333333333,
        0.91845,
        0.9197666666666666,
        0.9211333333333334,
        0.9220666666666667,
        0.9232333333333334,
        0.9245333333333333
    ],
    "test_loss": [
        2.3052435230255126,
        1.332517277622223,
        0.7266733455657959,
        0.5400210628390312,
        0.4574303757071495,
        0.41112880517840383,
        0.38235646649599075,
        0.3620881400346756,
        0.3470061825454235,
        0.334589050245285,
        0.3250920107871294,
        0.3167821397602558,
        0.3096598471596837,
        0.30358977254480124,
        0.29756676290780304,
        0.29254819481521843,
        0.28753415068387983,
        0.28316320730894806,
        0.2795085447669029,
        0.2747570769369602,
        0.2706595927789807,
        0.26691569416075944,
        0.2638807742163539,
        0.2601405267059803,
        0.2569094615496695
    ],
    "test_acc": [
        0.1066,
        0.7725,
        0.8495,
        0.8739,
        0.885,
        0.8922,
        0.8973,
        0.9003,
        0.903,
        0.9062,
        0.9086,
        0.9111,
        0.9142,
        0.9155,
        0.9171,
        0.9181,
        0.9196,
        0.9199,
        0.922,
        0.9223,
        0.9236,
        0.925,
        0.9258,
        0.927,
        0.9285
    ]
}