{
    "train_loss": [
        2.3047236925125123,
        1.8136042191028594,
        0.9069741391102473,
        0.6043866774479548,
        0.49623055203557015,
        0.4412836823860804,
        0.407516880941391,
        0.38469480011562507,
        0.3674915773689747,
        0.35409953007201356,
        0.3431836208164692,
        0.33383255884150664,
        0.32566864454646904,
        0.3183035693700115,
        0.31173923009435334,
        0.3056245430921515,
        0.30003195796658594,
        0.2946626682614287,
        0.2896720511138439,
        0.28489129028767346,
        0.2804171173120538,
        0.276131696694841,
        0.2719177115390698,
        0.2678913093681137,
        0.2638735848898689
    ],
    "train_acc": [
        0.09708333333333333,
        0.6446666666666667,
        0.8267333333333333,
        0.859,
        0.8744166666666666,
        0.8841,
        0.8901166666666667,
        0.8941,
        0.8976833333333334,
        0.9005333333333333,
        0.9034,
        0.9056,
        0.908,
        0.90995,
        0.9115333333333333,
        0.9128333333333334,
        0.9144666666666666,
        0.9160166666666667,
        0.9178,
        0.9195666666666666,
        0.9206666666666666,
        0.92225,
        0.92325,
        0.9247333333333333,
        0.9258
    ],
    "test_loss": [
        2.304498468017578,
        1.2191256457328796,
        0.6742544548034668,
        0.5145135219573974,
        0.44260772013664246,
        0.4026760434627533,
        0.37614410231411455,
        0.35795138849914077,
        0.3440819398730993,
        0.3322250529885292,
        0.32266477717757225,
        0.31534549934267997,
        0.3084108295455575,
        0.30205585796236994,
        0.29655823081731797,
        0.2916823641657829,
        0.2867428942725062,
        0.2817389368623495,
        0.2773222230657935,
        0.2739429926455021,
        0.27013949822336436,
        0.26615646271854637,
        0.26266263962090014,
        0.2586197933748364,
        0.2555682817876339
    ],
    "test_acc": [
        0.0999,
        0.8035,
        0.8566,
        0.8759,
        0.8853,
        0.8921,
        0.8966,
        0.9001,
        0.9026,
        0.9043,
        0.9083,
        0.9105,
        0.9119,
        0.9141,
        0.916,
        0.9182,
        0.9189,
        0.9204,
        0.9214,
        0.9219,
        0.9239,
        0.9247,
        0.9251,
        0.9249,
        0.9287
    ]
}