{
    "train_loss": [
        2.2988321739832562,
        2.273688258934021,
        2.2228700123469034,
        2.167896585845947,
        2.1063726364771527,
        2.0375894119262696,
        1.9618212943077087,
        1.8800921477635701,
        1.7936457240422568,
        1.7039845498085022,
        1.6130181110064188,
        1.5225986012776693,
        1.4345890264193217,
        1.3504712338765463,
        1.2715126841862996,
        1.1982156508127848,
        1.1310487836360932,
        1.0699252693017325,
        1.0146505429585775,
        0.964823893626531,
        0.919988710141182,
        0.8796320134321849,
        0.8433055602709453,
        0.8105470290263493,
        0.7809179930369059
    ],
    "train_acc": [
        0.16486666666666666,
        0.24026666666666666,
        0.3787,
        0.51335,
        0.6218,
        0.6780833333333334,
        0.7078833333333333,
        0.7277666666666667,
        0.7405333333333334,
        0.74965,
        0.7557333333333334,
        0.7614833333333333,
        0.7673666666666666,
        0.77435,
        0.78135,
        0.7895166666666666,
        0.79665,
        0.8034666666666667,
        0.8095,
        0.8144833333333333,
        0.81905,
        0.8228833333333333,
        0.8265833333333333,
        0.8299333333333333,
        0.8328333333333333
    ],
    "test_loss": [
        2.2975090656280517,
        2.2461567562103273,
        2.1927960231781007,
        2.1336112201690676,
        2.0672358869552614,
        1.9934675647735596,
        1.9132513402938842,
        1.8276000001907349,
        1.7378704399108886,
        1.6458502941131592,
        1.5534702737808228,
        1.4626870889663697,
        1.3752220856666566,
        1.2924808101654053,
        1.2153502159118652,
        1.144369111251831,
        1.0796499413490295,
        1.0210383732795716,
        0.9681980165481567,
        0.9206569561481476,
        0.8779695005893707,
        0.8395567050457001,
        0.8049506989002227,
        0.7737567519664764,
        0.7455434397220612
    ],
    "test_acc": [
        0.167,
        0.3141,
        0.4471,
        0.5767,
        0.6599,
        0.7027,
        0.7261,
        0.7401,
        0.7521,
        0.76,
        0.7656,
        0.7727,
        0.7794,
        0.7882,
        0.7942,
        0.801,
        0.8077,
        0.8135,
        0.8203,
        0.8251,
        0.8291,
        0.8322,
        0.8354,
        0.8373,
        0.8398
    ]
}