{
    "train_loss": [
        2.305674257342021,
        2.064510197925568,
        1.3995705019791922,
        0.8857894178946812,
        0.6523555966218313,
        0.5422527056892713,
        0.4811851230919361,
        0.4427029157559077,
        0.4163641541928053,
        0.3970961425979932,
        0.3821743600547314,
        0.37037154225558044,
        0.3605365355178714,
        0.3521723526393374,
        0.3448487015818556,
        0.33848101602147024,
        0.3327163206408421,
        0.3274499150236448,
        0.3226235733186205,
        0.31821559967646995,
        0.31404486751357713,
        0.31013702808767557,
        0.30647342692588764,
        0.30299043689842026,
        0.29968907311931253
    ],
    "train_acc": [
        0.10793333333333334,
        0.48096666666666665,
        0.7477166666666667,
        0.8191833333333334,
        0.8440666666666666,
        0.8590333333333333,
        0.86945,
        0.8776,
        0.8833333333333333,
        0.88775,
        0.8907333333333334,
        0.8937,
        0.8958,
        0.8977,
        0.8995833333333333,
        0.90155,
        0.9028666666666667,
        0.9045,
        0.9056166666666666,
        0.9068833333333334,
        0.9081833333333333,
        0.9095333333333333,
        0.9105,
        0.91185,
        0.9129833333333334
    ],
    "test_loss": [
        2.3052435230255126,
        1.745081469154358,
        1.0605426796913147,
        0.7140109152793884,
        0.562324081659317,
        0.4844071385145187,
        0.4377589924573898,
        0.40705956022143364,
        0.3852131699115038,
        0.36888594851493833,
        0.35647724039256573,
        0.3461391207337379,
        0.33769657879024745,
        0.33082863688021896,
        0.32449992708712816,
        0.31905037340819836,
        0.3140768383592367,
        0.30976086784750223,
        0.305927070941031,
        0.301975880587101,
        0.2984514537334442,
        0.29519956298023464,
        0.29237484687268733,
        0.2893552777044475,
        0.28658450835123656
    ],
    "test_acc": [
        0.1066,
        0.6842,
        0.8087,
        0.8425,
        0.8609,
        0.8721,
        0.8808,
        0.8873,
        0.8916,
        0.8946,
        0.8979,
        0.8997,
        0.9013,
        0.9032,
        0.9054,
        0.9068,
        0.9087,
        0.9097,
        0.9117,
        0.9133,
        0.9148,
        0.9162,
        0.9174,
        0.9189,
        0.9185
    ]
}