{
    "train_loss": [
        2.3056429417292277,
        2.0377192378044127,
        1.280407937558492,
        0.7915293103694916,
        0.6002563890099526,
        0.5096449794153373,
        0.4577573314120372,
        0.42408794865012167,
        0.40051955969035624,
        0.3830834897796313,
        0.3694013894403974,
        0.35823459189832213,
        0.3490150183647871,
        0.3408894892036915,
        0.3340095867762963,
        0.3276819974626104,
        0.3220421007238328,
        0.3168510571762919,
        0.31189966242363054,
        0.3074623295068741,
        0.30325706744492054,
        0.29920490978211167,
        0.2954006194387873,
        0.2917756683650116,
        0.2882959977611899
    ],
    "train_acc": [
        0.07833333333333334,
        0.5439166666666667,
        0.7722,
        0.82845,
        0.8509166666666667,
        0.8656,
        0.8759666666666667,
        0.8826833333333334,
        0.8878833333333334,
        0.8914166666666666,
        0.8945333333333333,
        0.8972333333333333,
        0.8996666666666666,
        0.9017333333333334,
        0.9034666666666666,
        0.90505,
        0.9069166666666667,
        0.9086,
        0.9103333333333333,
        0.9118333333333334,
        0.9127333333333333,
        0.9141,
        0.9150166666666667,
        0.9161,
        0.9174166666666667
    ],
    "test_loss": [
        2.3049506702423095,
        1.6622794027328491,
        0.936518697309494,
        0.6457627523899079,
        0.5234616107583046,
        0.4584321703016758,
        0.4179892726719379,
        0.39155234336256983,
        0.37213615122437477,
        0.35764462034404276,
        0.3454726614147425,
        0.3365824685066938,
        0.3283460692405701,
        0.3219399120479822,
        0.31562313548624515,
        0.3098612737596035,
        0.3047591149941087,
        0.30010452154278755,
        0.2966127016827464,
        0.2928856494575739,
        0.2891905063927174,
        0.2853655852213502,
        0.28228417642712594,
        0.27933420643359425,
        0.276067370403558
    ],
    "test_acc": [
        0.0826,
        0.7229,
        0.8158,
        0.8495,
        0.8676,
        0.8772,
        0.8864,
        0.8922,
        0.8955,
        0.8989,
        0.9011,
        0.9034,
        0.906,
        0.9069,
        0.9089,
        0.9111,
        0.9131,
        0.9137,
        0.9148,
        0.9169,
        0.9175,
        0.9188,
        0.9197,
        0.9211,
        0.9221
    ]
}