{
    "train_loss": [
        2.305674257342021,
        2.2829798811594646,
        2.236687147394816,
        2.1861360556284586,
        2.129549938106537,
        2.0663093877474465,
        1.9963469985644022,
        1.920054913520813,
        1.8381858492851257,
        1.7522012556711832,
        1.6638126728375753,
        1.5748594415982564,
        1.487071227645874,
        1.4021935616811116,
        1.3215189296404521,
        1.2459618125915528,
        1.1760169325192769,
        1.1119242560545604,
        1.0535328741232555,
        1.0005547362963358,
        0.952660542345047,
        0.9094371396700541,
        0.8703720882813136,
        0.8350962872823079,
        0.8031574991226196
    ],
    "train_acc": [
        0.10793333333333334,
        0.1286,
        0.20223333333333332,
        0.3566666666666667,
        0.5044333333333333,
        0.57625,
        0.61545,
        0.64375,
        0.6682,
        0.6906166666666667,
        0.7088166666666667,
        0.7266166666666667,
        0.7411333333333333,
        0.7548666666666667,
        0.76725,
        0.77815,
        0.7870333333333334,
        0.7955833333333333,
        0.8025666666666667,
        0.8088666666666666,
        0.8148333333333333,
        0.8196333333333333,
        0.8241,
        0.8277833333333333,
        0.8313166666666667
    ],
    "test_loss": [
        2.3052435230255126,
        2.2589192317962645,
        2.2098948894500734,
        2.1552326946258544,
        2.0940561784744265,
        2.0260623653411867,
        1.951316907119751,
        1.8704383113861085,
        1.7845988786697389,
        1.6954703395843507,
        1.6048516332626344,
        1.514630969429016,
        1.426643186569214,
        1.342431914997101,
        1.2631197578430176,
        1.1894233657836915,
        1.1216071208000182,
        1.059792088317871,
        1.0036808701515199,
        0.9529529975414276,
        0.9071969666957855,
        0.8659253247261047,
        0.828731594467163,
        0.7950971686840057,
        0.764681603527069
    ],
    "test_acc": [
        0.1066,
        0.1524,
        0.2766,
        0.4458,
        0.5478,
        0.5986,
        0.6309,
        0.658,
        0.6809,
        0.7022,
        0.7242,
        0.7415,
        0.7581,
        0.7732,
        0.7853,
        0.7945,
        0.805,
        0.8118,
        0.8177,
        0.823,
        0.8282,
        0.8316,
        0.8354,
        0.8391,
        0.8419
    ]
}