{
    "train_loss": [
        2.305674257342021,
        2.276850280062358,
        2.2160889245986937,
        2.145563893699646,
        2.0631003819465636,
        1.9683649567921957,
        1.862691021347046,
        1.7492263131459553,
        1.6321369859377544,
        1.5158808392206828,
        1.4046074194749196,
        1.3013597700277963,
        1.2077808174769085,
        1.1244019451300302,
        1.0508981519063314,
        0.986452686103185,
        0.9300466491858165,
        0.8806881328980128,
        0.8373634357690811,
        0.7991930936257045,
        0.7654449723561605,
        0.735457885535558,
        0.708686219827334,
        0.6847010170181592,
        0.6630936378280322
    ],
    "train_acc": [
        0.10793333333333334,
        0.13646666666666665,
        0.25933333333333336,
        0.4668,
        0.5769,
        0.6269666666666667,
        0.6642666666666667,
        0.6945333333333333,
        0.7200833333333333,
        0.7414666666666667,
        0.7576666666666667,
        0.7730166666666667,
        0.7857166666666666,
        0.7968,
        0.8060666666666667,
        0.8135,
        0.8207833333333333,
        0.8267666666666666,
        0.83175,
        0.8362833333333334,
        0.8397666666666667,
        0.8431166666666666,
        0.8463833333333334,
        0.8491,
        0.8515166666666667
    ],
    "test_loss": [
        2.3052435230255126,
        2.246031745147705,
        2.1795429473876955,
        2.1014982381820677,
        2.0109603645324707,
        1.9083092784881592,
        1.7958557613372803,
        1.677656092262268,
        1.5581523746490478,
        1.4418923503875734,
        1.3326606124877929,
        1.2327294516563416,
        1.143204281139374,
        1.0640907602310181,
        0.9947224590301513,
        0.9341024497509003,
        0.8810025627613067,
        0.8346845156192779,
        0.7939172736167908,
        0.7580093641281128,
        0.7262709918260575,
        0.6979958107948303,
        0.6728133001565934,
        0.6500586120605468,
        0.629598294878006
    ],
    "test_acc": [
        0.1066,
        0.178,
        0.3753,
        0.5379,
        0.6042,
        0.6496,
        0.6819,
        0.7124,
        0.7383,
        0.7586,
        0.7772,
        0.792,
        0.805,
        0.8147,
        0.8215,
        0.8289,
        0.8349,
        0.8391,
        0.8435,
        0.8469,
        0.85,
        0.8529,
        0.8565,
        0.8592,
        0.8627
    ]
}