{
    "train_loss": [
        2.303097758293152,
        1.8292454061508179,
        0.949235559519132,
        0.6296799665212631,
        0.5114637662788232,
        0.45155122273365655,
        0.4153868429541588,
        0.39081507023771606,
        0.3728867247591416,
        0.35895610229969027,
        0.34753184873660403,
        0.3380787778084477,
        0.32980359435429174,
        0.32251476011226576,
        0.31585878728528816,
        0.3098263908654451,
        0.3041641340777278,
        0.29882278517683347,
        0.29383395181298255,
        0.2889622896010677,
        0.28432944727738696,
        0.2799634555310011,
        0.2757266535870731,
        0.2716405708447099,
        0.26760543730904657
    ],
    "train_acc": [
        0.10706666666666667,
        0.6201666666666666,
        0.8122,
        0.8541333333333333,
        0.8714166666666666,
        0.8813833333333333,
        0.8878,
        0.8928333333333334,
        0.8963166666666667,
        0.8996333333333333,
        0.9023333333333333,
        0.9042,
        0.9065166666666666,
        0.90815,
        0.9097833333333334,
        0.9119833333333334,
        0.9136333333333333,
        0.91515,
        0.9168833333333334,
        0.9183666666666667,
        0.9197666666666666,
        0.9211833333333334,
        0.9226166666666666,
        0.9233666666666667,
        0.9247
    ],
    "test_loss": [
        2.3041049377441407,
        1.2685239777565003,
        0.7094005511760711,
        0.5349139059782029,
        0.4563616597175598,
        0.41185998584628103,
        0.3831574313998222,
        0.3628611999362707,
        0.34827828613221645,
        0.33587854852080345,
        0.32624331242740157,
        0.31798070032596587,
        0.3109386696010828,
        0.3043323939397931,
        0.2987560530334711,
        0.2935270562291145,
        0.28944039770811797,
        0.28427089359164237,
        0.27960709187835453,
        0.27530376812815666,
        0.2721164108857512,
        0.26754221607744694,
        0.2638561879463494,
        0.2602053197950125,
        0.25633690292313693
    ],
    "test_acc": [
        0.1043,
        0.7775,
        0.8484,
        0.8715,
        0.8837,
        0.8911,
        0.8963,
        0.8996,
        0.9021,
        0.9051,
        0.9079,
        0.9099,
        0.9111,
        0.9128,
        0.9141,
        0.9164,
        0.9177,
        0.9187,
        0.9211,
        0.9227,
        0.9231,
        0.9253,
        0.9258,
        0.9263,
        0.9271
    ]
}