{
    "train_loss": [
        2.3051901514689126,
        2.2822878138224283,
        2.2361520845413208,
        2.18850772228241,
        2.1378722814877826,
        2.0831306366284688,
        2.024049553489685,
        1.960755706723531,
        1.893516821638743,
        1.8230439522743225,
        1.750009261226654,
        1.6753187609990439,
        1.5999480828285217,
        1.5247925984064739,
        1.4508574805259704,
        1.379108730951945,
        1.3103273981253305,
        1.2449873437722525,
        1.183614953692754,
        1.126334461593628,
        1.073291515080134,
        1.0242771145184835,
        0.9792638383547465,
        0.9379715958118439,
        0.9001896240234375
    ],
    "train_acc": [
        0.07936666666666667,
        0.1561,
        0.30966666666666665,
        0.405,
        0.4768833333333333,
        0.5305166666666666,
        0.5718166666666666,
        0.6102166666666666,
        0.6401333333333333,
        0.6653,
        0.6863166666666667,
        0.7041166666666666,
        0.7196833333333333,
        0.7329833333333333,
        0.7457666666666667,
        0.7571333333333333,
        0.7661833333333333,
        0.7738833333333334,
        0.7812333333333333,
        0.7884166666666667,
        0.7939,
        0.7991666666666667,
        0.8043,
        0.8080833333333334,
        0.8121333333333334
    ],
    "test_loss": [
        2.3060512508392335,
        2.259192120742798,
        2.2114807750701906,
        2.1614085472106934,
        2.1076431287765502,
        2.0496171995162964,
        1.987149192428589,
        1.9205307428359986,
        1.8503291557312012,
        1.7772048513412475,
        1.7019335514068603,
        1.6254223846435547,
        1.5486532943725586,
        1.472647575378418,
        1.3984493372917175,
        1.3269445073127746,
        1.2588053089141846,
        1.1945317421913146,
        1.1344253777503968,
        1.0786089422225953,
        1.0270684120178222,
        0.9796876385688782,
        0.9362767879009247,
        0.8965764330863952,
        0.8603107884407043
    ],
    "test_acc": [
        0.077,
        0.2468,
        0.3692,
        0.4522,
        0.5103,
        0.5529,
        0.5924,
        0.6239,
        0.6548,
        0.6762,
        0.6954,
        0.7158,
        0.7316,
        0.7444,
        0.7568,
        0.768,
        0.7761,
        0.7834,
        0.7904,
        0.7966,
        0.8031,
        0.8075,
        0.811,
        0.8142,
        0.8182
    ]
}