{
    "train_loss": [
        2.3091942808151247,
        2.0820894238471985,
        1.447137703816096,
        0.9243642955621083,
        0.678060517835617,
        0.5605221651871999,
        0.49397043521205586,
        0.4517821178108454,
        0.42291268101433915,
        0.40196226495703063,
        0.3861053176929553,
        0.37351263815710944,
        0.36327396015028157,
        0.3545659536401431,
        0.3471391925379634,
        0.34062677562932175,
        0.3348842525591453,
        0.3296175822382172,
        0.32485224126329026,
        0.32036699990133444,
        0.3163062562475602,
        0.31251548229058584,
        0.3088521579807003,
        0.3054428674131632,
        0.30216896101559204
    ],
    "train_acc": [
        0.1055,
        0.49255,
        0.7429333333333333,
        0.80145,
        0.8332333333333334,
        0.8516166666666667,
        0.8652333333333333,
        0.8745166666666667,
        0.8815,
        0.8864666666666666,
        0.8898666666666667,
        0.8930666666666667,
        0.8953666666666666,
        0.89795,
        0.8996833333333333,
        0.9015833333333333,
        0.9030166666666667,
        0.9044166666666666,
        0.9060333333333334,
        0.9070333333333334,
        0.90865,
        0.9092833333333333,
        0.9104333333333333,
        0.9117833333333333,
        0.91275
    ],
    "test_loss": [
        2.3092392925262453,
        1.7840396423339844,
        1.107056107902527,
        0.7465647906780243,
        0.5855527965545654,
        0.5010142551422119,
        0.4493194311618805,
        0.41558154293894767,
        0.3915967546314001,
        0.37356553190350533,
        0.360277830094099,
        0.3496403465479612,
        0.3406083304807544,
        0.33336783468723297,
        0.3268548420831561,
        0.32125784145891667,
        0.31618212182074784,
        0.31176040529459714,
        0.3073763751223683,
        0.30404884800165893,
        0.300093088401109,
        0.2970347801953554,
        0.2937489002935588,
        0.29127363877370954,
        0.28833124208152294
    ],
    "test_acc": [
        0.1053,
        0.7273,
        0.7837,
        0.8289,
        0.8511,
        0.8666,
        0.8775,
        0.8858,
        0.8914,
        0.8944,
        0.8973,
        0.9003,
        0.9023,
        0.9042,
        0.9065,
        0.9079,
        0.9088,
        0.9102,
        0.9127,
        0.9131,
        0.9147,
        0.9148,
        0.9172,
        0.9187,
        0.9191
    ]
}