{
    "train_loss": [
        2.3091942808151247,
        1.9123306598981222,
        1.026128321067492,
        0.6616213224927584,
        0.5275455696463585,
        0.46054328726728755,
        0.4208570925494035,
        0.3944677621503671,
        0.3755258029719194,
        0.3608905370384455,
        0.3492103888556361,
        0.3393549458727241,
        0.3310421710908413,
        0.32359594380259515,
        0.3169452054232359,
        0.3107909599949916,
        0.3052283695275585,
        0.2998623874788483,
        0.29485120030740897,
        0.28989448102911314,
        0.2854510330493252,
        0.28102235225265226,
        0.27668409826805196,
        0.272549002224952,
        0.2685213369535903
    ],
    "train_acc": [
        0.1055,
        0.5705333333333333,
        0.79475,
        0.8459,
        0.8680666666666667,
        0.8801833333333333,
        0.8874666666666666,
        0.8923166666666666,
        0.89615,
        0.8992666666666667,
        0.9018166666666667,
        0.9044666666666666,
        0.9066666666666666,
        0.9083833333333333,
        0.9103,
        0.91185,
        0.91325,
        0.9150833333333334,
        0.9163333333333333,
        0.91815,
        0.9196333333333333,
        0.9206666666666666,
        0.9220333333333334,
        0.92285,
        0.9242833333333333
    ],
    "test_loss": [
        2.3092392925262453,
        1.3810833835601806,
        0.7539668743610382,
        0.5554062057256699,
        0.46619558782577514,
        0.4175237997353077,
        0.38601571102142335,
        0.36544669201672075,
        0.34928274734914305,
        0.3365833087772131,
        0.3270776135623455,
        0.3188110485330224,
        0.31143908315747976,
        0.3054718579262495,
        0.29967593695670364,
        0.2945127080827951,
        0.2894186925932765,
        0.28509726221859455,
        0.28011344141066075,
        0.2768959175571799,
        0.2718491862282157,
        0.26881649473011493,
        0.26448128946721555,
        0.2615847715511918,
        0.25798714877814055
    ],
    "test_acc": [
        0.1053,
        0.7546,
        0.8365,
        0.8677,
        0.8838,
        0.8915,
        0.8965,
        0.9007,
        0.9043,
        0.9066,
        0.9083,
        0.9112,
        0.9121,
        0.9143,
        0.9152,
        0.9183,
        0.9199,
        0.9213,
        0.9226,
        0.9236,
        0.9241,
        0.925,
        0.9258,
        0.9269,
        0.9275
    ]
}