{
    "train_loss": [
        2.3051901514689126,
        1.9795799273808796,
        1.1975603929042815,
        0.7560962838331858,
        0.583256075278918,
        0.4996600360810757,
        0.45111312584082286,
        0.4195152776896954,
        0.39728852715293567,
        0.38063995359738667,
        0.3675711377466718,
        0.3568739015157024,
        0.34797902134656905,
        0.3402737963467836,
        0.3335659254377087,
        0.32752564659068983,
        0.32205841105729344,
        0.31704748233556745,
        0.3124288889467716,
        0.3080562590246399,
        0.30404668355981507,
        0.30023749234229324,
        0.296559334004422,
        0.2930863963807623,
        0.28973957351595164
    ],
    "train_acc": [
        0.07936666666666667,
        0.5432833333333333,
        0.7800333333333334,
        0.8305833333333333,
        0.8540833333333333,
        0.8678166666666667,
        0.8771166666666667,
        0.8838666666666667,
        0.8884,
        0.8925333333333333,
        0.8954,
        0.8984333333333333,
        0.90075,
        0.9026333333333333,
        0.9043666666666667,
        0.9059,
        0.9073333333333333,
        0.9090166666666667,
        0.9101166666666667,
        0.9110666666666667,
        0.91275,
        0.9140166666666667,
        0.91545,
        0.9160333333333334,
        0.9175333333333333
    ],
    "test_loss": [
        2.3060512508392335,
        1.5625699794769288,
        0.883988497877121,
        0.6242621549367905,
        0.5117179797172546,
        0.45098175972700116,
        0.413073154515028,
        0.38799453872442247,
        0.3693960937649012,
        0.3556404978811741,
        0.3448702101901174,
        0.33601909055113793,
        0.3284538212388754,
        0.32197558250725267,
        0.3157702015966177,
        0.3107041963174939,
        0.30604889097958804,
        0.30164247975200414,
        0.2980644332632422,
        0.294421459415555,
        0.2911926994651556,
        0.28752699601501225,
        0.28433139156997206,
        0.28128427463993433,
        0.2783463671207428
    ],
    "test_acc": [
        0.077,
        0.7332,
        0.8199,
        0.8509,
        0.8679,
        0.8792,
        0.8875,
        0.892,
        0.8962,
        0.8991,
        0.9009,
        0.9031,
        0.9057,
        0.9082,
        0.9099,
        0.9112,
        0.9129,
        0.9143,
        0.9155,
        0.9167,
        0.9173,
        0.919,
        0.9198,
        0.9203,
        0.9212
    ]
}