{
    "train_loss": [
        2.3047236925125123,
        1.9728494700113932,
        1.179082957649231,
        0.738959105571111,
        0.5710315801024437,
        0.49159058017134666,
        0.4456534080028534,
        0.4159565228263537,
        0.3948008912156026,
        0.37894856339196364,
        0.3664185104360183,
        0.35610928799211977,
        0.3473997015863657,
        0.3397574678565065,
        0.33315173406700294,
        0.32716894929955403,
        0.3217633832787474,
        0.31674186174298324,
        0.31214770602633557,
        0.3077403320282698,
        0.3037289056013028,
        0.29990187104865906,
        0.296219200048844,
        0.29269027144213516,
        0.28919989491750797
    ],
    "train_acc": [
        0.09708333333333333,
        0.5981666666666666,
        0.7945,
        0.8402166666666666,
        0.8580833333333333,
        0.8693833333333333,
        0.87845,
        0.8844,
        0.88885,
        0.8921666666666667,
        0.8948166666666667,
        0.8977333333333334,
        0.8999333333333334,
        0.9020166666666667,
        0.9033833333333333,
        0.9055,
        0.9073,
        0.9086,
        0.91015,
        0.9113666666666667,
        0.91225,
        0.9135833333333333,
        0.9148833333333334,
        0.9161833333333333,
        0.9172166666666667
    ],
    "test_loss": [
        2.304498468017578,
        1.5453931636810303,
        0.8642877339363099,
        0.6092823009729386,
        0.5013537427306175,
        0.4444918730676174,
        0.4090570494830608,
        0.3853490018844605,
        0.3682409246712923,
        0.35458543601036074,
        0.34378824419677256,
        0.33538739077597857,
        0.32794355496913197,
        0.3213858252108097,
        0.3158379021346569,
        0.3108804685503244,
        0.30626628436744213,
        0.30155793156325816,
        0.2975158988237381,
        0.2942888461917639,
        0.2908680248260498,
        0.28750912208259105,
        0.28435269927084444,
        0.28113176746368407,
        0.27840560325533154
    ],
    "test_acc": [
        0.0999,
        0.7603,
        0.8343,
        0.8587,
        0.8708,
        0.8816,
        0.8874,
        0.8919,
        0.8946,
        0.8981,
        0.9005,
        0.9017,
        0.9039,
        0.906,
        0.9084,
        0.9098,
        0.9107,
        0.9125,
        0.9149,
        0.9159,
        0.9177,
        0.9188,
        0.9187,
        0.9189,
        0.9205
    ]
}