{
    "train_loss": [
        2.304665460205078,
        1.9823897281328837,
        1.1904245379288991,
        0.7529726660648982,
        0.5822627840658029,
        0.4988976284037034,
        0.45039134081403415,
        0.41890252141654494,
        0.3965845336357752,
        0.3800335788359245,
        0.36691826313535375,
        0.3562160555606087,
        0.3471927247126897,
        0.33936615465382736,
        0.33236272858977317,
        0.32611685462941725,
        0.3204910402412216,
        0.3152181082809965,
        0.3103508180126548,
        0.30585088342378536,
        0.30161387111569443,
        0.29759229089121025,
        0.2937403624087572,
        0.2901263300403953,
        0.28658230803757906
    ],
    "train_acc": [
        0.08203333333333333,
        0.5968833333333333,
        0.7809,
        0.8329,
        0.85545,
        0.8691166666666666,
        0.8774333333333333,
        0.88395,
        0.8887166666666667,
        0.89225,
        0.8957166666666667,
        0.8980833333333333,
        0.9004666666666666,
        0.9026166666666666,
        0.9041,
        0.90565,
        0.9074666666666666,
        0.9088333333333334,
        0.91005,
        0.91175,
        0.9128166666666667,
        0.9141666666666667,
        0.9151333333333334,
        0.91655,
        0.9177333333333333
    ],
    "test_loss": [
        2.3036648399353026,
        1.5566711664199828,
        0.8755703425884247,
        0.6203678953409195,
        0.5090947152614593,
        0.4490598581194878,
        0.41167493486404416,
        0.38637629692256453,
        0.3687193750321865,
        0.3541688139617443,
        0.3436608449757099,
        0.33439259223341944,
        0.3267533195868135,
        0.3193338547438383,
        0.3136227554291487,
        0.3087808303952217,
        0.30335467779189346,
        0.2988797911852598,
        0.29461580163389445,
        0.2912001928061247,
        0.2872979042366147,
        0.28414926033765076,
        0.2808475919149816,
        0.2776498259216547,
        0.2746774266213179
    ],
    "test_acc": [
        0.0829,
        0.7637,
        0.8265,
        0.855,
        0.8713,
        0.8824,
        0.8888,
        0.8932,
        0.8965,
        0.8992,
        0.9016,
        0.9035,
        0.9061,
        0.9084,
        0.9092,
        0.9104,
        0.9121,
        0.9153,
        0.9163,
        0.9175,
        0.9183,
        0.9194,
        0.9206,
        0.9219,
        0.9222
    ]
}