{
    "train_loss": [
        2.3056429417292277,
        2.284649842007955,
        2.242875066566467,
        2.198942180697123,
        2.150217715771993,
        2.094769025580088,
        2.0318938726743063,
        1.961948679892222,
        1.8858551056226094,
        1.8049153409639995,
        1.7202362561543783,
        1.6333020070711772,
        1.545843680636088,
        1.4597048428535462,
        1.3764444396177928,
        1.2973603464603425,
        1.2233804422060648,
        1.1550306930541991,
        1.0925308211485545,
        1.0357519536654154,
        0.9843989730199179,
        0.9380838135957718,
        0.896371323021253,
        0.8587689954280854,
        0.8248505229552587
    ],
    "train_acc": [
        0.07833333333333334,
        0.13506666666666667,
        0.2825166666666667,
        0.4388,
        0.55185,
        0.6121833333333333,
        0.6398166666666667,
        0.65875,
        0.6749,
        0.69145,
        0.7085,
        0.7247,
        0.7398333333333333,
        0.7522666666666666,
        0.7630833333333333,
        0.7730333333333334,
        0.7822333333333333,
        0.7902,
        0.7968,
        0.8028166666666666,
        0.808,
        0.81315,
        0.8168166666666666,
        0.8209333333333333,
        0.8245166666666667
    ],
    "test_loss": [
        2.3049506702423095,
        2.262148550033569,
        2.2189017227172854,
        2.172077173614502,
        2.119265429496765,
        2.058926795196533,
        1.9909697917938232,
        1.9161562076568603,
        1.835700913619995,
        1.7508403106689454,
        1.6628999053955078,
        1.5736190965652466,
        1.4848540637969971,
        1.3983966235160827,
        1.3157402514457703,
        1.2380039373397826,
        1.165947867488861,
        1.0998734623908997,
        1.0397723640441894,
        0.9854426642417907,
        0.9364556258678436,
        0.8924082984447479,
        0.8527858021736145,
        0.8171356914520264,
        0.7849662606716156
    ],
    "test_acc": [
        0.0826,
        0.2042,
        0.3712,
        0.5217,
        0.5992,
        0.6396,
        0.6593,
        0.6743,
        0.6898,
        0.7069,
        0.7235,
        0.7393,
        0.7551,
        0.766,
        0.7768,
        0.7846,
        0.7926,
        0.7994,
        0.8049,
        0.8113,
        0.8155,
        0.82,
        0.8239,
        0.8273,
        0.8307
    ]
}