{
    "train_loss": [
        2.3056429417292277,
        1.9191504271030426,
        1.018629933897654,
        0.6535616951386134,
        0.5236892525871595,
        0.4587618991315365,
        0.4199254989504814,
        0.39392397440969945,
        0.3749418841222922,
        0.36038815553387005,
        0.34851061624089874,
        0.3384887932141622,
        0.3299817671810587,
        0.3222452192485332,
        0.3156321900472045,
        0.30934630547513564,
        0.3036489019776384,
        0.2983314880395929,
        0.29310142694860697,
        0.28841969659204286,
        0.2838236161048214,
        0.2793868772596121,
        0.2751277248521646,
        0.27105246394723653,
        0.267117094715933
    ],
    "train_acc": [
        0.07833333333333334,
        0.5904333333333334,
        0.8066,
        0.8482,
        0.86855,
        0.8800666666666667,
        0.8868166666666667,
        0.8917333333333334,
        0.8954833333333333,
        0.8989166666666667,
        0.9015166666666666,
        0.90435,
        0.9064166666666666,
        0.9082333333333333,
        0.9102833333333333,
        0.91165,
        0.9135166666666666,
        0.91475,
        0.9167333333333333,
        0.9180166666666667,
        0.9192166666666667,
        0.9209833333333334,
        0.9221166666666667,
        0.9232833333333333,
        0.9245666666666666
    ],
    "test_loss": [
        2.3049506702423095,
        1.3833036730766297,
        0.7421948823213578,
        0.5491181335687637,
        0.46343094544410707,
        0.41618883510231974,
        0.3856132988870144,
        0.3652257754504681,
        0.3496278615057468,
        0.3374644946336746,
        0.32650256516337395,
        0.31892189484983685,
        0.3112073608487844,
        0.3053637047469616,
        0.29920953424870966,
        0.2932850626051426,
        0.288268311548233,
        0.28335502269119023,
        0.2802923062741756,
        0.2759982755258679,
        0.2720893347531557,
        0.267489762032032,
        0.264176420417428,
        0.260752896168828,
        0.2569449339285493
    ],
    "test_acc": [
        0.0826,
        0.7669,
        0.8404,
        0.8704,
        0.8834,
        0.8899,
        0.8957,
        0.9005,
        0.9024,
        0.9049,
        0.9081,
        0.9102,
        0.9125,
        0.9144,
        0.9163,
        0.9182,
        0.9191,
        0.9204,
        0.9211,
        0.9222,
        0.9239,
        0.9243,
        0.9269,
        0.9269,
        0.9279
    ]
}