{
    "train_loss": [
        2.305034884007772,
        1.9233906436920165,
        1.0076987586895625,
        0.6400257248560588,
        0.514360679268837,
        0.4524094549000263,
        0.4155500711162885,
        0.3907631690144539,
        0.3727318169782559,
        0.3587518791904052,
        0.34730724754035475,
        0.3376739752228061,
        0.3294455677156647,
        0.32203244364112615,
        0.315307313572367,
        0.30928410382270816,
        0.30354523527125515,
        0.298224782966574,
        0.2932138525123397,
        0.28838001403063535,
        0.28385121473545827,
        0.2793238873839378,
        0.27499354030738277,
        0.27089388748556376,
        0.26670364369601013
    ],
    "train_acc": [
        0.07181666666666667,
        0.5739333333333333,
        0.8164166666666667,
        0.8559166666666667,
        0.8718,
        0.8817666666666667,
        0.8884666666666666,
        0.8933666666666666,
        0.8968333333333334,
        0.8995166666666666,
        0.902,
        0.9043166666666667,
        0.9066,
        0.9080666666666667,
        0.91045,
        0.9122,
        0.9137666666666666,
        0.9152333333333333,
        0.9168333333333333,
        0.9183833333333333,
        0.9193666666666667,
        0.9211333333333334,
        0.9221333333333334,
        0.9233666666666667,
        0.92435
    ],
    "test_loss": [
        2.3044456077575686,
        1.3872311339378356,
        0.7268814083337783,
        0.5374300132751465,
        0.4556064682841301,
        0.41059429327845576,
        0.38227866725921633,
        0.3627289109706879,
        0.3472111077696085,
        0.3358380453020334,
        0.3260491196632385,
        0.31817947573959826,
        0.3108646191209555,
        0.30468090759217736,
        0.2996115796506405,
        0.2939435058772564,
        0.2888935303196311,
        0.28431734020859,
        0.27996388185322285,
        0.27591426818966863,
        0.2716288228273392,
        0.2684272575855255,
        0.26468837251737715,
        0.2604371950656176,
        0.25708954838067294
    ],
    "test_acc": [
        0.0753,
        0.7866,
        0.8504,
        0.8751,
        0.8876,
        0.8919,
        0.8985,
        0.8994,
        0.9031,
        0.9053,
        0.9087,
        0.9116,
        0.9133,
        0.9148,
        0.9166,
        0.9184,
        0.9199,
        0.9203,
        0.9218,
        0.9232,
        0.924,
        0.9237,
        0.9261,
        0.9268,
        0.9288
    ]
}