{
    "train_loss": [
        2.3051901514689126,
        1.8230829277515412,
        0.9235657567580541,
        0.6151316126902898,
        0.5025673813124498,
        0.4449186776916186,
        0.4099209862808387,
        0.3861885655939579,
        0.3687389532218377,
        0.3551721287171046,
        0.3439469643255075,
        0.3345672069946925,
        0.32636383541127045,
        0.31903010491927464,
        0.3125615013261636,
        0.3064994460865855,
        0.30092910569161174,
        0.29562802258630594,
        0.2906799843440453,
        0.2859351531520486,
        0.28147492000361285,
        0.2771446222866575,
        0.27289067272643247,
        0.26874484830498696,
        0.2647548947850863
    ],
    "train_acc": [
        0.07936666666666667,
        0.6028666666666667,
        0.8157,
        0.8556166666666667,
        0.8723833333333333,
        0.8827333333333334,
        0.8894,
        0.8941,
        0.8976,
        0.9009833333333334,
        0.9031833333333333,
        0.9056666666666666,
        0.9079166666666667,
        0.9099666666666667,
        0.9118666666666667,
        0.9134,
        0.9151666666666667,
        0.9160166666666667,
        0.9173833333333333,
        0.9190333333333334,
        0.92035,
        0.9217333333333333,
        0.9226666666666666,
        0.9240166666666667,
        0.9257666666666666
    ],
    "test_loss": [
        2.3060512508392335,
        1.2390020120620728,
        0.6881082122325897,
        0.5227094178318977,
        0.44727359237074854,
        0.4054104884922504,
        0.377551638931036,
        0.3588106867790222,
        0.344170551276207,
        0.3328624303638935,
        0.3238054454401135,
        0.3160140214428306,
        0.30933738251030446,
        0.30294028113037347,
        0.29680234708786013,
        0.2915056250080466,
        0.28696128407269716,
        0.2822217934295535,
        0.27853066690415146,
        0.27436750238239765,
        0.2705762032687664,
        0.2662689067900181,
        0.26233947938382624,
        0.2587264918044209,
        0.25505604326352477
    ],
    "test_acc": [
        0.077,
        0.7853,
        0.8513,
        0.8735,
        0.886,
        0.8928,
        0.898,
        0.9008,
        0.9045,
        0.9075,
        0.9094,
        0.9117,
        0.9131,
        0.9159,
        0.9172,
        0.9189,
        0.9202,
        0.9211,
        0.9219,
        0.9225,
        0.9245,
        0.9249,
        0.9275,
        0.9281,
        0.9279
    ]
}