{
    "train_loss": [
        2.305034884007772,
        2.0410207744280497,
        1.2794134282430012,
        0.7766465082208316,
        0.5869095312635104,
        0.49971484471758204,
        0.45044070146282517,
        0.4187642522871494,
        0.39673762743572394,
        0.380233247812589,
        0.36727050405293704,
        0.3566336745823423,
        0.34779548944582545,
        0.34006230373779933,
        0.3332111017545064,
        0.32720713333139817,
        0.3216212747037411,
        0.31650840455243984,
        0.31183293059815964,
        0.3074027467722694,
        0.3033116614292065,
        0.29929762812977034,
        0.2955231682896614,
        0.29198070330545306,
        0.2884480291470885
    ],
    "train_acc": [
        0.07181666666666667,
        0.5185833333333333,
        0.7867166666666666,
        0.8364,
        0.8577166666666667,
        0.8696333333333334,
        0.8786,
        0.88465,
        0.8893,
        0.89305,
        0.89565,
        0.8982666666666667,
        0.8999666666666667,
        0.9017833333333334,
        0.9039166666666667,
        0.9055833333333333,
        0.9066833333333333,
        0.9084833333333333,
        0.9101833333333333,
        0.9111833333333333,
        0.9125333333333333,
        0.9137166666666666,
        0.9151666666666667,
        0.9163666666666667,
        0.91735
    ],
    "test_loss": [
        2.3044456077575686,
        1.6731932985305786,
        0.9248468431472778,
        0.6310613164901734,
        0.5117041097044944,
        0.44955937204360963,
        0.4120815299153328,
        0.3869305366516113,
        0.36840409248769285,
        0.3551124816328287,
        0.3438905808329582,
        0.3348947853729129,
        0.3272175833776593,
        0.3207398855790496,
        0.3154690473049879,
        0.3098600633338094,
        0.3050219317242503,
        0.30068653389960526,
        0.2966771985709667,
        0.2929590365096927,
        0.28934043282270433,
        0.28638598368316887,
        0.28323432153090833,
        0.27985897439569235,
        0.2769308050148189
    ],
    "test_acc": [
        0.0753,
        0.7514,
        0.8265,
        0.8561,
        0.8733,
        0.8831,
        0.8892,
        0.891,
        0.8961,
        0.8985,
        0.9013,
        0.904,
        0.9058,
        0.9079,
        0.9094,
        0.9119,
        0.913,
        0.915,
        0.9157,
        0.9178,
        0.919,
        0.9191,
        0.9214,
        0.9225,
        0.9226
    ]
}