{
    "train_loss": [
        2.305674257342021,
        0.7718856198767821,
        0.3414552863811453,
        0.2976673184183737,
        0.2703255471040805,
        0.2490759251366059,
        0.2300380483210087,
        0.2133889524511993,
        0.19887970887621242,
        0.18579706781581043,
        0.17428712880338232,
        0.16395362686080237,
        0.1549215370554477,
        0.1464213166369746,
        0.13871588789715122,
        0.13187844226323067,
        0.12570608207751066,
        0.11981898629199714,
        0.11448513275074462,
        0.10958347777904322,
        0.10500343429849794,
        0.10092261052324127,
        0.09697100147561481,
        0.09332549719115098,
        0.08984866377065578
    ],
    "train_acc": [
        0.10793333333333334,
        0.8128833333333333,
        0.9007166666666667,
        0.9136666666666666,
        0.9229166666666667,
        0.9293,
        0.9347666666666666,
        0.9399166666666666,
        0.94415,
        0.9476666666666667,
        0.9508166666666666,
        0.9534833333333333,
        0.9565166666666667,
        0.959,
        0.9608333333333333,
        0.9630833333333333,
        0.9653333333333334,
        0.9663166666666667,
        0.9679833333333333,
        0.9694666666666667,
        0.9703166666666667,
        0.9718,
        0.9725,
        0.9735833333333334,
        0.9744833333333334
    ],
    "test_loss": [
        2.3052435230255126,
        0.3611902535498142,
        0.3010408394783735,
        0.27109091425314547,
        0.25185202347263697,
        0.23269405979141594,
        0.21887276924401522,
        0.20465042272135614,
        0.19281860131211578,
        0.1810345891032368,
        0.17077480205390602,
        0.1634250648850575,
        0.155304436532408,
        0.1488528706939891,
        0.14252030902169646,
        0.13751103260163217,
        0.13231725435592234,
        0.12830083226673306,
        0.12536262397626416,
        0.1212971982082352,
        0.11765261217448861,
        0.11515529027562589,
        0.11258304291786626,
        0.1097296295819804,
        0.10766790225030855
    ],
    "test_acc": [
        0.1066,
        0.8952,
        0.9141,
        0.922,
        0.9275,
        0.9329,
        0.9363,
        0.9405,
        0.9434,
        0.9467,
        0.9499,
        0.9515,
        0.9539,
        0.956,
        0.9582,
        0.9597,
        0.9613,
        0.9626,
        0.9639,
        0.965,
        0.9657,
        0.9673,
        0.9667,
        0.9678,
        0.9684
    ]
}