{
    "train_loss": [
        2.3047236925125123,
        0.6613471275438865,
        0.32209625722070534,
        0.2778161934045454,
        0.24775196465825042,
        0.22296763770356776,
        0.20204060380756855,
        0.18487156438566743,
        0.16987417166332403,
        0.15670782644649348,
        0.1454327128936847,
        0.13530569069397946,
        0.12653908570818603,
        0.11850861168876291,
        0.11120416469297682,
        0.1049928221932302,
        0.09938409785019854,
        0.0941193447560072,
        0.08937683560336009,
        0.08505283431168646,
        0.0811594755451195,
        0.0777576647086069,
        0.07437264487057303,
        0.07119469468432169,
        0.0681764307726485
    ],
    "train_acc": [
        0.09708333333333333,
        0.8453166666666667,
        0.9075833333333333,
        0.9210666666666667,
        0.9297666666666666,
        0.9374,
        0.9437666666666666,
        0.9480666666666666,
        0.9517666666666666,
        0.95575,
        0.95905,
        0.9619166666666666,
        0.9642166666666667,
        0.9667833333333333,
        0.9690166666666666,
        0.97075,
        0.9727166666666667,
        0.9744,
        0.9753166666666667,
        0.9764666666666667,
        0.9779166666666667,
        0.9787166666666667,
        0.9793333333333333,
        0.9805333333333334,
        0.9815166666666667
    ],
    "test_loss": [
        2.304498468017578,
        0.3390162255629897,
        0.2832560769110918,
        0.2552135623469949,
        0.22685964863970876,
        0.20820837082117796,
        0.1901931105080992,
        0.17628441245444118,
        0.16270383227691054,
        0.15236596125718208,
        0.14174272633511573,
        0.13646025512367488,
        0.12746964607723058,
        0.12107415296174585,
        0.11613177917525172,
        0.11090510830013081,
        0.10628354186685755,
        0.10445206679394468,
        0.09988562913564965,
        0.09807219254691153,
        0.09559515742380172,
        0.09172872617058456,
        0.08946319419676438,
        0.08703913717656396,
        0.08699741259920411
    ],
    "test_acc": [
        0.0999,
        0.9015,
        0.9205,
        0.9269,
        0.9354,
        0.9398,
        0.9446,
        0.9492,
        0.9526,
        0.9554,
        0.9587,
        0.9617,
        0.9625,
        0.9649,
        0.9656,
        0.9667,
        0.9682,
        0.97,
        0.97,
        0.97,
        0.9705,
        0.9726,
        0.9731,
        0.9745,
        0.9745
    ]
}