{
    "train_loss": [
        2.304665460205078,
        0.7054016103665034,
        0.3294542304928104,
        0.2850438806089262,
        0.25519902344768247,
        0.2317606737713019,
        0.2119359488752981,
        0.19508670678436757,
        0.18066701923521855,
        0.16814348477721214,
        0.1568956103970607,
        0.14679918431838354,
        0.1383015097455432,
        0.13026196975031246,
        0.12294598573135833,
        0.11657615921143442,
        0.11089367891103029,
        0.1052493551813066,
        0.1004259648194226,
        0.09582141214599833,
        0.0916868966841139,
        0.08784842359743392,
        0.08423029961595312,
        0.08098496357947588,
        0.07780077454947557
    ],
    "train_acc": [
        0.08203333333333333,
        0.8283833333333334,
        0.9047666666666667,
        0.9180333333333334,
        0.9270666666666667,
        0.9344666666666667,
        0.9401666666666667,
        0.9446166666666667,
        0.9487333333333333,
        0.95265,
        0.9558833333333333,
        0.9583166666666667,
        0.9609333333333333,
        0.9630333333333333,
        0.9654,
        0.9674333333333334,
        0.9686,
        0.9707166666666667,
        0.97215,
        0.9733833333333334,
        0.9748166666666667,
        0.9757333333333333,
        0.9769166666666667,
        0.9778666666666667,
        0.97875
    ],
    "test_loss": [
        2.3036648399353026,
        0.35089909802228214,
        0.2872411111071706,
        0.25813376878350974,
        0.23480121765956283,
        0.21641901448443532,
        0.20060639264583588,
        0.18509719491153956,
        0.1742028609458357,
        0.1631466330949217,
        0.1538337149053812,
        0.1483703704820946,
        0.1392615447100252,
        0.13182189646847547,
        0.1277241788752377,
        0.12246150319818408,
        0.11745627634627745,
        0.11276626007352024,
        0.10944189678858966,
        0.1069511628633365,
        0.10298607289651408,
        0.10127403702521696,
        0.09828776023499668,
        0.09653184565771371,
        0.09449029384907336
    ],
    "test_acc": [
        0.0829,
        0.8984,
        0.9181,
        0.9276,
        0.9328,
        0.9368,
        0.942,
        0.9463,
        0.9496,
        0.9521,
        0.9537,
        0.9546,
        0.9586,
        0.9613,
        0.963,
        0.9641,
        0.9659,
        0.9672,
        0.9687,
        0.9697,
        0.9698,
        0.9705,
        0.9715,
        0.9721,
        0.9727
    ]
}