{
    "train_loss": [
        2.305674257342021,
        0.7183509269654751,
        0.3302420160939296,
        0.2863259031703075,
        0.25638382191161313,
        0.2327126809510092,
        0.2120492183064421,
        0.19463419944383203,
        0.17991427876874805,
        0.16676164904534815,
        0.15532473761948445,
        0.1453084249737362,
        0.13661841220011314,
        0.12860268806914488,
        0.12131271279963354,
        0.115063981763646,
        0.10934415620348106,
        0.10392874450379362,
        0.09909682640824467,
        0.09466743030135209,
        0.09054843070150043,
        0.08689899963519225,
        0.08337826526851083,
        0.08005737577027952,
        0.07699223826987048
    ],
    "train_acc": [
        0.10793333333333334,
        0.8255666666666667,
        0.9046166666666666,
        0.9173,
        0.9271,
        0.9343666666666667,
        0.9403333333333334,
        0.9454,
        0.9493833333333334,
        0.9527833333333333,
        0.9565,
        0.95905,
        0.9617333333333333,
        0.9639833333333333,
        0.9659166666666666,
        0.9677666666666667,
        0.9698166666666667,
        0.9710166666666666,
        0.9724166666666667,
        0.9734,
        0.9745,
        0.9754666666666667,
        0.9765,
        0.9774666666666667,
        0.9783333333333334
    ],
    "test_loss": [
        2.3052435230255126,
        0.34944916239380835,
        0.2924820384293795,
        0.2591923756688833,
        0.23805025716796518,
        0.2160313363648951,
        0.20206391365006565,
        0.18649988909065723,
        0.1752640772640705,
        0.1639413684643805,
        0.15352079495601356,
        0.1468303086735308,
        0.13883572697993368,
        0.13387465240638702,
        0.1277768571726978,
        0.12303392639728263,
        0.11866100563379005,
        0.11556378177748992,
        0.11307927720239386,
        0.10992796726245434,
        0.1065047422603704,
        0.10519294497221708,
        0.10294218572797253,
        0.09991639270638115,
        0.09918636024799198
    ],
    "test_acc": [
        0.1066,
        0.8978,
        0.9181,
        0.925,
        0.9315,
        0.9377,
        0.941,
        0.9457,
        0.9479,
        0.9522,
        0.9541,
        0.9563,
        0.9593,
        0.9613,
        0.9618,
        0.9648,
        0.9661,
        0.9665,
        0.967,
        0.9679,
        0.9695,
        0.9693,
        0.9699,
        0.9707,
        0.9709
    ]
}