{
    "train_loss": [
        2.2972562834421795,
        0.7562688700805108,
        0.34097434779703617,
        0.2975084189991156,
        0.2708109887726605,
        0.25072673263177275,
        0.23321290030032396,
        0.21804146797011295,
        0.20440529154390097,
        0.1919842049550265,
        0.1809116904437542,
        0.17067691637525956,
        0.16146582321152092,
        0.15282818668497106,
        0.14512355448057254,
        0.13790082904535036,
        0.13125996823782723,
        0.12528944857027383,
        0.11971968047947933,
        0.11463565559772154,
        0.10991048415005207,
        0.10554477455184484,
        0.10148713869477312,
        0.09756919902690375,
        0.09414720732212688
    ],
    "train_acc": [
        0.1213,
        0.8216666666666667,
        0.9014666666666666,
        0.91405,
        0.9226,
        0.9289333333333334,
        0.9340166666666667,
        0.9383,
        0.9424,
        0.9457166666666666,
        0.9489166666666666,
        0.9515333333333333,
        0.9544,
        0.9568166666666666,
        0.9588166666666667,
        0.9611166666666666,
        0.9632666666666667,
        0.9645833333333333,
        0.9662666666666667,
        0.9675166666666667,
        0.9691333333333333,
        0.9704833333333334,
        0.9716333333333333,
        0.9725666666666667,
        0.9740666666666666
    ],
    "test_loss": [
        2.2965717933654783,
        0.35696832417845725,
        0.29927648159787057,
        0.2729215568885207,
        0.25129219767600297,
        0.23557811286896468,
        0.22186485180929302,
        0.2079626527532935,
        0.1963608897075057,
        0.18630280004553496,
        0.17616479361318052,
        0.16781397935189307,
        0.16049935100656001,
        0.15319310398250818,
        0.14529818993397056,
        0.14070805404726416,
        0.13621653262730687,
        0.1313441560378298,
        0.12626095665898174,
        0.12214404562301934,
        0.11911289716018364,
        0.11524716827636584,
        0.11292656239112839,
        0.11097619815925136,
        0.1075188769700937
    ],
    "test_acc": [
        0.1282,
        0.8984,
        0.9165,
        0.9228,
        0.929,
        0.9335,
        0.9355,
        0.939,
        0.9419,
        0.9453,
        0.9473,
        0.9501,
        0.9521,
        0.954,
        0.9561,
        0.9576,
        0.9591,
        0.9604,
        0.9618,
        0.9632,
        0.9635,
        0.965,
        0.9666,
        0.9667,
        0.9674
    ]
}