{
    "train_loss": [
        2.3056429417292277,
        0.6529060616870721,
        0.31347901182572047,
        0.26598203723827996,
        0.23256894245532653,
        0.20730888684441645,
        0.1867625832962493,
        0.16985783394301932,
        0.15539393771501878,
        0.143206299454843,
        0.13248279490148027,
        0.12364089443677416,
        0.11572287470325827,
        0.10841399387766917,
        0.10186878260777642,
        0.0965590223254636,
        0.0911626981165881,
        0.08644867925623742,
        0.08197176784190038,
        0.07806912207379937,
        0.07431932405813907,
        0.07102495975435401,
        0.06771182669132637,
        0.06471088512199931,
        0.062057444310498734
    ],
    "train_acc": [
        0.07833333333333334,
        0.8429666666666666,
        0.91075,
        0.9248666666666666,
        0.9344666666666667,
        0.9417,
        0.9467666666666666,
        0.9519166666666666,
        0.9559666666666666,
        0.95965,
        0.9628,
        0.9651833333333333,
        0.9673666666666667,
        0.9693166666666667,
        0.9716,
        0.9729,
        0.9742333333333333,
        0.97585,
        0.97725,
        0.9784333333333334,
        0.9793666666666667,
        0.9802166666666666,
        0.9812,
        0.9818833333333333,
        0.9832333333333333
    ],
    "test_loss": [
        2.3049506702423095,
        0.33047377161979674,
        0.274304711407423,
        0.2384738885998726,
        0.21074595192298293,
        0.19386162913404406,
        0.1769610134255141,
        0.16208022166006267,
        0.15335541730802507,
        0.14226508087553083,
        0.13129765162207185,
        0.12675688823852688,
        0.1207722724802792,
        0.11663479137308895,
        0.11163037987798452,
        0.10580085858255625,
        0.10201355740912259,
        0.09729412645725534,
        0.09658257716419175,
        0.0967936669095885,
        0.0922378025142476,
        0.08887789522721432,
        0.08576951319621876,
        0.08603619741061702,
        0.08384648906737566
    ],
    "test_acc": [
        0.0826,
        0.9081,
        0.9237,
        0.9334,
        0.9395,
        0.9442,
        0.9491,
        0.9532,
        0.9552,
        0.9581,
        0.9611,
        0.9625,
        0.9647,
        0.9658,
        0.9679,
        0.9684,
        0.9704,
        0.9716,
        0.9729,
        0.972,
        0.9727,
        0.9751,
        0.9749,
        0.9743,
        0.9753
    ]
}