{
    "train_loss": [
        2.3056429417292277,
        0.7282655010124047,
        0.33074759929974873,
        0.28673273882965244,
        0.25710411364510655,
        0.23393395550375184,
        0.2144931536356608,
        0.19811726405893762,
        0.18378463296803335,
        0.17118936110536256,
        0.15990223544426263,
        0.15022380450367928,
        0.14153900892908375,
        0.13347053506672382,
        0.1262419866650055,
        0.12001995948391656,
        0.11403914110586047,
        0.10874728402700275,
        0.10354830984864384,
        0.09903780639395118,
        0.09468638355446359,
        0.09074744883744668,
        0.08695319710920255,
        0.08338460146468132,
        0.08016286600536357
    ],
    "train_acc": [
        0.07833333333333334,
        0.8274166666666667,
        0.9049166666666667,
        0.9182,
        0.9264166666666667,
        0.9338333333333333,
        0.9400666666666667,
        0.94435,
        0.94795,
        0.95145,
        0.9546166666666667,
        0.9577166666666667,
        0.9603166666666667,
        0.9627333333333333,
        0.96455,
        0.9657333333333333,
        0.9677666666666667,
        0.9694,
        0.9703666666666667,
        0.97225,
        0.9733166666666667,
        0.9743166666666667,
        0.9757,
        0.9762,
        0.9774333333333334
    ],
    "test_loss": [
        2.3049506702423095,
        0.3477572215825319,
        0.289867134258151,
        0.26002902202010153,
        0.23611757111102344,
        0.2200626004140824,
        0.203190657710284,
        0.1893092671610415,
        0.17889432562924923,
        0.16793127306625247,
        0.15656820873804392,
        0.15097841042820365,
        0.14352227587793023,
        0.1381850305205211,
        0.13208509189113973,
        0.12589311476256698,
        0.12133592084702104,
        0.11583348978478461,
        0.1139142440113239,
        0.11291635012011975,
        0.10752469039037824,
        0.10394568889494986,
        0.1007710707442835,
        0.09934863358903677,
        0.09698128948779777
    ],
    "test_acc": [
        0.0826,
        0.9011,
        0.9193,
        0.9278,
        0.9332,
        0.9369,
        0.942,
        0.9449,
        0.9491,
        0.9503,
        0.9539,
        0.9559,
        0.9574,
        0.9594,
        0.9618,
        0.9629,
        0.9632,
        0.9658,
        0.9657,
        0.9666,
        0.9685,
        0.9699,
        0.9703,
        0.9713,
        0.9718
    ]
}