{
    "train_loss": [
        2.2988321739832562,
        0.6226763596216838,
        0.3117452316398422,
        0.26523752865766487,
        0.23245516352752846,
        0.20609621674592296,
        0.18408508558434744,
        0.16594564211157461,
        0.15073180926926433,
        0.1379977183400343,
        0.12703422665571173,
        0.11743243234915038,
        0.10951210659276694,
        0.1024303351311634,
        0.09614216157874714,
        0.09061293411913017,
        0.08558184180414925,
        0.08092381691218664,
        0.07714533864265928,
        0.0728152597454066,
        0.0696080581812809,
        0.06646090426642137,
        0.06341618828490997,
        0.060772633300628515,
        0.058240054174046964
    ],
    "train_acc": [
        0.16486666666666666,
        0.8513166666666667,
        0.9111833333333333,
        0.92445,
        0.93395,
        0.9419333333333333,
        0.9471166666666667,
        0.9529833333333333,
        0.9573833333333334,
        0.9603833333333334,
        0.96375,
        0.9663166666666667,
        0.9693833333333334,
        0.9715833333333334,
        0.9732833333333333,
        0.97475,
        0.9761833333333333,
        0.97755,
        0.9785333333333334,
        0.98,
        0.9807833333333333,
        0.9818166666666667,
        0.9826833333333334,
        0.98405,
        0.9844833333333334
    ],
    "test_loss": [
        2.2975090656280517,
        0.3263328212887049,
        0.27195480585843324,
        0.23745442151650786,
        0.20940348851084709,
        0.189548823261261,
        0.17262654321230947,
        0.15864146698340773,
        0.14585527036283166,
        0.13479347814861686,
        0.12732000545654446,
        0.11750214299913496,
        0.11383843635302036,
        0.10964181269071996,
        0.10487919718325138,
        0.09990535785658285,
        0.09721396295204758,
        0.09467097286656499,
        0.0915128884518519,
        0.08955749357240275,
        0.08748524477798492,
        0.08485668693967163,
        0.08411721343360841,
        0.08198933109692298,
        0.08174595604599454
    ],
    "test_acc": [
        0.167,
        0.9081,
        0.9243,
        0.9329,
        0.9402,
        0.9452,
        0.9502,
        0.9548,
        0.9589,
        0.9604,
        0.9617,
        0.9656,
        0.9671,
        0.967,
        0.969,
        0.9699,
        0.9712,
        0.9728,
        0.973,
        0.9732,
        0.974,
        0.9747,
        0.9751,
        0.9752,
        0.9747
    ]
}