{
    "train_loss": [
        2.3091942808151247,
        0.6571219840089481,
        0.3159139373873671,
        0.26757135259633263,
        0.23308872548912962,
        0.206714217252781,
        0.18555136754872897,
        0.1676645275077472,
        0.15309525468883414,
        0.1407751281257719,
        0.13043563376714787,
        0.12164442609995603,
        0.1141229554935669,
        0.10704194947425276,
        0.10086430747192353,
        0.09551932581439615,
        0.09066827599285171,
        0.08595358648846547,
        0.08176998656882593,
        0.0778495681129396,
        0.07456111367183427,
        0.0714316467635023,
        0.06828610167127723,
        0.06554313726971547,
        0.06288735608193093
    ],
    "train_acc": [
        0.1055,
        0.8368,
        0.91,
        0.9239,
        0.9346333333333333,
        0.9423666666666667,
        0.9483333333333334,
        0.9529166666666666,
        0.9569,
        0.9599166666666666,
        0.9634,
        0.9660166666666666,
        0.9682666666666667,
        0.9703,
        0.9719,
        0.9736333333333334,
        0.9753333333333334,
        0.9765,
        0.9779,
        0.97895,
        0.97975,
        0.9805833333333334,
        0.9818,
        0.98225,
        0.9832166666666666
    ],
    "test_loss": [
        2.3092392925262453,
        0.333918028691411,
        0.2714936831921339,
        0.23669726818948983,
        0.21396960702762008,
        0.19159951804578304,
        0.17295545593611897,
        0.1592862513806671,
        0.14924415110722183,
        0.1387930906774476,
        0.12939742758125067,
        0.12284253164548427,
        0.11775539422724396,
        0.11269962021838874,
        0.10879602791890503,
        0.10614040960622952,
        0.10137344001755118,
        0.09958091864259913,
        0.09476194593119434,
        0.09277906897957437,
        0.0935339380080346,
        0.0887385629796423,
        0.08993434771560133,
        0.085735000924021,
        0.0843786792606581
    ],
    "test_acc": [
        0.1053,
        0.9076,
        0.9239,
        0.9337,
        0.9395,
        0.9444,
        0.9498,
        0.9532,
        0.9558,
        0.961,
        0.9623,
        0.964,
        0.9657,
        0.9676,
        0.9679,
        0.9679,
        0.9704,
        0.9705,
        0.9719,
        0.9721,
        0.9725,
        0.9737,
        0.9726,
        0.9743,
        0.9747
    ]
}