{
    "train_loss": [
        2.3047236925125123,
        0.63153123434484,
        0.31433273418446384,
        0.26802442652086417,
        0.23597848630696536,
        0.21011180664052567,
        0.1885595015011728,
        0.17117870237529278,
        0.15633327675002318,
        0.14355086882288257,
        0.13270332305170596,
        0.12307415288742632,
        0.11489052542448044,
        0.10738504738025367,
        0.10055497710797935,
        0.09485613612166295,
        0.08974623611091326,
        0.08497126364633441,
        0.08058169610643139,
        0.07657243602784972,
        0.07304372605551034,
        0.0700127892095906,
        0.06688551077945158,
        0.06389883041788513,
        0.06119474184121937
    ],
    "train_acc": [
        0.09708333333333333,
        0.8512833333333333,
        0.9107166666666666,
        0.92455,
        0.9333666666666667,
        0.9413166666666667,
        0.9476833333333333,
        0.9520166666666666,
        0.95545,
        0.9592666666666667,
        0.9626,
        0.96535,
        0.9677666666666667,
        0.9703166666666667,
        0.9725166666666667,
        0.9741333333333333,
        0.97535,
        0.977,
        0.9778666666666667,
        0.979,
        0.9796666666666667,
        0.9806666666666667,
        0.9814166666666667,
        0.9826833333333334,
        0.9837833333333333
    ],
    "test_loss": [
        2.304498468017578,
        0.33223030406832693,
        0.27516445994898675,
        0.2453918036647141,
        0.21392700439170004,
        0.19452869380153714,
        0.17732822535783052,
        0.16347378704436125,
        0.14956587431058288,
        0.14104971122611315,
        0.1302077224597335,
        0.1264042246090248,
        0.11764926129505038,
        0.11163607456870377,
        0.10756158919231966,
        0.10249872358366847,
        0.09830283531434834,
        0.09778926424980164,
        0.09319836179418489,
        0.09212124598948285,
        0.08985976999448612,
        0.08635444705034606,
        0.08443717154329643,
        0.08230817656512372,
        0.08253329717726447
    ],
    "test_acc": [
        0.0999,
        0.9038,
        0.9214,
        0.929,
        0.9387,
        0.9439,
        0.9478,
        0.9525,
        0.9565,
        0.9586,
        0.9611,
        0.9631,
        0.9664,
        0.9675,
        0.9676,
        0.9694,
        0.9706,
        0.9728,
        0.9719,
        0.9726,
        0.9727,
        0.9737,
        0.9752,
        0.9761,
        0.9751
    ]
}