{
    "train_loss": [
        2.2988321739832562,
        0.6361230458180109,
        0.3151741559068362,
        0.26964633746892214,
        0.23764874375139675,
        0.21188553190752865,
        0.19020802415932217,
        0.1720478712278108,
        0.15673342237671217,
        0.14381863036553064,
        0.1325743698598196,
        0.12276090844434996,
        0.11453620905131101,
        0.1072361902659138,
        0.10068531598641227,
        0.09501157236536965,
        0.08977943586266289,
        0.08491559211208174,
        0.08099895097082481,
        0.07657211352890979,
        0.07320828218357638,
        0.06995260414068277,
        0.06678801863370463,
        0.06402991267315422,
        0.06136126429854582
    ],
    "train_acc": [
        0.16486666666666666,
        0.8483333333333334,
        0.9099166666666667,
        0.9230833333333334,
        0.9324666666666667,
        0.9403333333333334,
        0.94565,
        0.9510166666666666,
        0.95555,
        0.95855,
        0.9623,
        0.9644666666666667,
        0.9679166666666666,
        0.9701166666666666,
        0.9718833333333333,
        0.9734833333333334,
        0.97495,
        0.9763833333333334,
        0.9774166666666667,
        0.9790333333333333,
        0.9797333333333333,
        0.98065,
        0.9816,
        0.9827833333333333,
        0.9832833333333333
    ],
    "test_loss": [
        2.2975090656280517,
        0.32930941040962936,
        0.2754894710659981,
        0.24227876995056868,
        0.21507191871702672,
        0.19539873002022504,
        0.17896996702067555,
        0.16476488887816668,
        0.1520008535180241,
        0.14028400525450707,
        0.13227367774974555,
        0.12245912084914744,
        0.11840066845361143,
        0.11360633779875934,
        0.10865326174441725,
        0.1033737335152924,
        0.10050642104549333,
        0.097731701757852,
        0.09437841126900166,
        0.09245046021323651,
        0.09011009394833817,
        0.08713691674629226,
        0.08640924432603643,
        0.08410935984193348,
        0.0837084143539425
    ],
    "test_acc": [
        0.167,
        0.9068,
        0.9231,
        0.9319,
        0.9386,
        0.9435,
        0.9479,
        0.9533,
        0.9557,
        0.9584,
        0.9607,
        0.9637,
        0.9658,
        0.9658,
        0.9682,
        0.9687,
        0.9708,
        0.972,
        0.972,
        0.9722,
        0.973,
        0.9741,
        0.9742,
        0.9749,
        0.9743
    ]
}