{
    "train_loss": [
        2.303097758293152,
        0.7472678051362435,
        0.3429304387425383,
        0.3003854544530312,
        0.27366641931012275,
        0.25190966434727113,
        0.23282228843395908,
        0.21607597130412856,
        0.20162557938074072,
        0.18878575009529788,
        0.17739463931222757,
        0.16735362178310753,
        0.1582937568484495,
        0.14974996064982066,
        0.14205076350433132,
        0.13505374483969063,
        0.12850122032817454,
        0.12245146530965964,
        0.1170057160689806,
        0.11181268431252489,
        0.1069488005074362,
        0.10244371923605601,
        0.09836342445195963,
        0.09443567721347014,
        0.09078544740288828
    ],
    "train_acc": [
        0.10706666666666667,
        0.8218,
        0.90035,
        0.9134,
        0.9209666666666667,
        0.9280833333333334,
        0.93395,
        0.9395,
        0.9433166666666667,
        0.94695,
        0.95025,
        0.9529666666666666,
        0.95535,
        0.95785,
        0.95965,
        0.9621166666666666,
        0.96375,
        0.966,
        0.9670166666666666,
        0.9687166666666667,
        0.9704166666666667,
        0.9716833333333333,
        0.97265,
        0.97375,
        0.9746
    ],
    "test_loss": [
        2.3041049377441407,
        0.361125281766057,
        0.300632356248796,
        0.2745143367826939,
        0.25511252045482397,
        0.23636662736907602,
        0.2203918300271034,
        0.2053514946140349,
        0.19389214376062155,
        0.18079404666386545,
        0.17060450542643665,
        0.16341214466821402,
        0.15563787144757807,
        0.14808478199969977,
        0.14199348280206323,
        0.13659413238186388,
        0.13147980539798737,
        0.12710728280786424,
        0.12304511154796928,
        0.1170691003780812,
        0.11388388002393768,
        0.1100094827448018,
        0.1073313575629145,
        0.10506525550801307,
        0.10167576532894745
    ],
    "test_acc": [
        0.1043,
        0.8961,
        0.9138,
        0.9226,
        0.9278,
        0.9337,
        0.9359,
        0.9397,
        0.9437,
        0.947,
        0.9508,
        0.9524,
        0.9539,
        0.9571,
        0.9583,
        0.9601,
        0.9612,
        0.962,
        0.9646,
        0.9661,
        0.9666,
        0.9673,
        0.9687,
        0.969,
        0.9693
    ]
}