{
    "train_loss": [
        2.2988321739832562,
        0.6672983976016442,
        0.3225976007148623,
        0.27896046847179534,
        0.24913550944179297,
        0.22476029924092195,
        0.20386185963501532,
        0.18608906528701386,
        0.17070864274924,
        0.15741224606956045,
        0.14573335200026633,
        0.13541538979882994,
        0.12661040534923473,
        0.1187465599745512,
        0.11165381317983071,
        0.10549328887319813,
        0.09979864541590214,
        0.09448826094884426,
        0.09017568954428037,
        0.08543328863990804,
        0.08163660736639673,
        0.07812590871353944,
        0.07467084802960357,
        0.07168124899240211,
        0.06867845038287342
    ],
    "train_acc": [
        0.16486666666666666,
        0.8428333333333333,
        0.90715,
        0.92005,
        0.9288833333333333,
        0.9365666666666667,
        0.9421333333333334,
        0.9475833333333333,
        0.9515666666666667,
        0.9547333333333333,
        0.9584,
        0.96085,
        0.9643333333333334,
        0.9665333333333334,
        0.9685833333333334,
        0.9704833333333334,
        0.9719333333333333,
        0.9734333333333334,
        0.9746,
        0.97615,
        0.9775333333333334,
        0.97845,
        0.9793333333333333,
        0.9802833333333333,
        0.9810666666666666
    ],
    "test_loss": [
        2.2975090656280517,
        0.33594365241229535,
        0.28301179792284964,
        0.25240634271502493,
        0.2273227149747312,
        0.2082781033836305,
        0.1925110964577645,
        0.17818074997477235,
        0.1653623756263405,
        0.15306597193665802,
        0.14415580669380723,
        0.13432914322782308,
        0.12914801077414303,
        0.12333108242023737,
        0.11753276476711035,
        0.11217733833286911,
        0.10865999484248459,
        0.10490880825165659,
        0.10132439341945573,
        0.09914131314978003,
        0.0965279545487836,
        0.09290420916322618,
        0.09192145449798554,
        0.08933985005533322,
        0.08869335348377935
    ],
    "test_acc": [
        0.167,
        0.9045,
        0.9206,
        0.9289,
        0.9346,
        0.9407,
        0.9441,
        0.9488,
        0.9517,
        0.9556,
        0.9579,
        0.96,
        0.9616,
        0.9629,
        0.9645,
        0.9664,
        0.9689,
        0.9696,
        0.9695,
        0.9711,
        0.9715,
        0.9722,
        0.9733,
        0.9727,
        0.9726
    ]
}