{
    "train_loss": [
        2.3091942808151247,
        0.690849658720692,
        0.3238292287543416,
        0.2781845520372192,
        0.24545610720726352,
        0.21988863306989273,
        0.19905139036613206,
        0.18114692928679288,
        0.16611145831768712,
        0.15319197703171522,
        0.1421449077418074,
        0.1327920875803878,
        0.12469711031367381,
        0.11722712380116185,
        0.11063875723661235,
        0.10486659523925433,
        0.09971595910792239,
        0.09473968889433891,
        0.0903058563825364,
        0.08608336697792013,
        0.08248940548539782,
        0.07917872594514241,
        0.07574179015423482,
        0.07281770677920431,
        0.0699663888589479
    ],
    "train_acc": [
        0.1055,
        0.8292,
        0.9071666666666667,
        0.92085,
        0.9308833333333333,
        0.9379833333333333,
        0.9444666666666667,
        0.9490833333333333,
        0.9529166666666666,
        0.9571166666666666,
        0.9602166666666667,
        0.96265,
        0.9649166666666666,
        0.9672166666666666,
        0.9692333333333333,
        0.9709833333333333,
        0.9724333333333334,
        0.9740833333333333,
        0.9756,
        0.9764666666666667,
        0.9773666666666667,
        0.9782333333333333,
        0.9794166666666667,
        0.9802,
        0.9813
    ],
    "test_loss": [
        2.3092392925262453,
        0.34090661889016627,
        0.2805395988628268,
        0.24827020907476544,
        0.22606364667862655,
        0.20420636581666768,
        0.1860425209581852,
        0.17180867191441357,
        0.16074285382553935,
        0.14933742103353143,
        0.13991618774048983,
        0.13266800763551145,
        0.1271043905455619,
        0.12163813961464912,
        0.11706910576615483,
        0.11388086214503274,
        0.10886201353827492,
        0.10649675705740229,
        0.10160472573842853,
        0.09916865659225732,
        0.09957924180454575,
        0.09461191937113181,
        0.09562124607125297,
        0.0915921297215391,
        0.0897280625173822
    ],
    "test_acc": [
        0.1053,
        0.9052,
        0.9206,
        0.9308,
        0.9356,
        0.9412,
        0.9467,
        0.9499,
        0.952,
        0.9566,
        0.9595,
        0.9616,
        0.9626,
        0.9656,
        0.9663,
        0.9666,
        0.968,
        0.9683,
        0.9696,
        0.9709,
        0.9707,
        0.9719,
        0.9716,
        0.9732,
        0.9734
    ]
}