{
    "train_loss": [
        2.305034884007772,
        0.6834963795890411,
        0.3216153448984027,
        0.2758471230387688,
        0.2422921263659994,
        0.21569875918800632,
        0.1947216825929781,
        0.17746120441419383,
        0.16293133542506646,
        0.15078803148480754,
        0.1399335832118988,
        0.13074519251814734,
        0.12250305261841665,
        0.11534426435778539,
        0.108858223405915,
        0.10276418620211383,
        0.097566245014593,
        0.09280553850140423,
        0.08835648166649043,
        0.08408151807164152,
        0.08066081439725434,
        0.07704733629661302,
        0.0739792325365978,
        0.07098984719151631,
        0.06809715206868326
    ],
    "train_acc": [
        0.07181666666666667,
        0.83545,
        0.9084333333333333,
        0.9209666666666667,
        0.93125,
        0.9397,
        0.9457333333333333,
        0.95065,
        0.9546,
        0.9582666666666667,
        0.9608333333333333,
        0.9636666666666667,
        0.9656666666666667,
        0.9679166666666666,
        0.96955,
        0.9715666666666667,
        0.97315,
        0.9742,
        0.9755666666666667,
        0.97685,
        0.9781666666666666,
        0.9791833333333333,
        0.9799833333333333,
        0.98085,
        0.98135
    ],
    "test_loss": [
        2.3044456077575686,
        0.3401693523824215,
        0.2831835376396775,
        0.24739261976629495,
        0.2208594121903181,
        0.19928228189609945,
        0.18360663536302746,
        0.17075259399339557,
        0.15670486807338893,
        0.1465632259156555,
        0.13957631189487874,
        0.13274262231849135,
        0.1257594782885164,
        0.12204197773374617,
        0.11558201212417335,
        0.11182452388461679,
        0.10685101007185877,
        0.10481697573233396,
        0.10129613275360316,
        0.10145096307294443,
        0.09671256662067026,
        0.09495577771887183,
        0.09239932325794362,
        0.0891608685282059,
        0.08859596386211924
    ],
    "test_acc": [
        0.0753,
        0.904,
        0.9203,
        0.9305,
        0.9374,
        0.944,
        0.9466,
        0.9501,
        0.9554,
        0.9575,
        0.9596,
        0.9613,
        0.9637,
        0.9641,
        0.9663,
        0.9673,
        0.9687,
        0.969,
        0.97,
        0.9705,
        0.9711,
        0.972,
        0.9725,
        0.9734,
        0.9735
    ]
}