{
    "train_loss": [
        2.304665460205078,
        0.6664688659409682,
        0.31999898500293494,
        0.27398244414875905,
        0.24193628573020298,
        0.21730513556698958,
        0.1968228923276067,
        0.17966057909093797,
        0.16513804036676882,
        0.15275436650911967,
        0.1418368657608827,
        0.13208392068284253,
        0.123964244624724,
        0.11629978073984384,
        0.10941647190432996,
        0.10353254082221537,
        0.0982426652132844,
        0.09290343255748351,
        0.0885410222307779,
        0.08432166656361272,
        0.0805731707922183,
        0.07709839153454329,
        0.07382112365375894,
        0.07085806858111172,
        0.06799969011439631
    ],
    "train_acc": [
        0.08203333333333333,
        0.8363833333333334,
        0.9082,
        0.9216333333333333,
        0.9313,
        0.939,
        0.9442333333333334,
        0.9486833333333333,
        0.9533,
        0.9568666666666666,
        0.96,
        0.9628166666666667,
        0.9648166666666667,
        0.9673166666666667,
        0.9691,
        0.9713333333333334,
        0.9726333333333333,
        0.9743833333333334,
        0.9757,
        0.97675,
        0.97805,
        0.9788666666666667,
        0.97995,
        0.9805,
        0.9812833333333333
    ],
    "test_loss": [
        2.3036648399353026,
        0.3447101117268205,
        0.27773426097482445,
        0.24618653839603066,
        0.22135922536179423,
        0.20202068297192455,
        0.1860411387771368,
        0.1698406364388764,
        0.1591934052065015,
        0.1488059943344444,
        0.14011873512212186,
        0.1353222386095673,
        0.1262025396006182,
        0.11948928747009487,
        0.11568522895406931,
        0.11135471284184605,
        0.10672289829356596,
        0.10228844858976081,
        0.09953085418529808,
        0.09808844295796007,
        0.09437831922559999,
        0.09315353118414059,
        0.09043383098361082,
        0.08911570813874714,
        0.08711082957782783
    ],
    "test_acc": [
        0.0829,
        0.8987,
        0.9215,
        0.9302,
        0.9363,
        0.9394,
        0.9462,
        0.9503,
        0.9532,
        0.9553,
        0.958,
        0.9585,
        0.9618,
        0.9645,
        0.9667,
        0.9671,
        0.9689,
        0.9695,
        0.9709,
        0.9716,
        0.9722,
        0.9731,
        0.9726,
        0.9746,
        0.9745
    ]
}