{
    "train_loss": [
        2.2988321739832562,
        0.7066002530376116,
        0.33126393334468207,
        0.28898362961113455,
        0.26144513652920726,
        0.2389209684861203,
        0.21906394265020887,
        0.20209260393766065,
        0.1872048692377905,
        0.1739503672382484,
        0.16213703644139071,
        0.1515303282573819,
        0.14222236294808488,
        0.13386873833661278,
        0.12620662451386452,
        0.11950554734946539,
        0.11326904378359516,
        0.10743557482423882,
        0.10260847991115103,
        0.09754394519341489,
        0.09322867386241754,
        0.08935559709860633,
        0.08559207675131038,
        0.08220353105003014,
        0.0789062712635845
    ],
    "train_acc": [
        0.16486666666666666,
        0.8360166666666666,
        0.90425,
        0.9170833333333334,
        0.92535,
        0.9323833333333333,
        0.9377166666666666,
        0.9428833333333333,
        0.9471166666666667,
        0.9505833333333333,
        0.9540666666666666,
        0.9564333333333334,
        0.9593,
        0.9623,
        0.9638666666666666,
        0.96595,
        0.9678333333333333,
        0.96995,
        0.9711666666666666,
        0.9727833333333333,
        0.9737166666666667,
        0.9750166666666666,
        0.9760166666666666,
        0.9770166666666666,
        0.97785
    ],
    "test_loss": [
        2.2975090656280517,
        0.3447321985155344,
        0.2912514469251037,
        0.2631333336621523,
        0.24073311371803283,
        0.22268553103730082,
        0.2077186192512512,
        0.19373452432602645,
        0.18134935628101229,
        0.16886371517665685,
        0.15952881818097084,
        0.14977209396474064,
        0.14353655340280383,
        0.1368904688505456,
        0.1302918065899983,
        0.1248014964306727,
        0.12029469044264406,
        0.115257576848194,
        0.11168515299400315,
        0.10907865826208145,
        0.10570899915862829,
        0.10170292848804965,
        0.10000987430047244,
        0.09710811097929255,
        0.09589814830627293
    ],
    "test_acc": [
        0.167,
        0.9005,
        0.9178,
        0.9261,
        0.9323,
        0.9359,
        0.9403,
        0.9445,
        0.947,
        0.9517,
        0.9537,
        0.9557,
        0.9579,
        0.9591,
        0.9615,
        0.9631,
        0.965,
        0.9654,
        0.9673,
        0.9678,
        0.9691,
        0.9693,
        0.9702,
        0.9715,
        0.9713
    ]
}