{
    "train_loss": [
        2.2972562834421795,
        0.6663038399447997,
        0.3208560300571223,
        0.27648760754664736,
        0.24633772320250671,
        0.22268856306672097,
        0.20217951498031617,
        0.184546421719715,
        0.1693708284811427,
        0.15617924972263475,
        0.14505467856911322,
        0.1350646844986826,
        0.12652166609857232,
        0.11871761670286457,
        0.11217153734223297,
        0.1059253645396481,
        0.10034867886037876,
        0.09521764910835773,
        0.09067786566043894,
        0.08640845811388766,
        0.08258499327568958,
        0.07894739160072059,
        0.07569793688788388,
        0.07244829346767316,
        0.06977048721301059
    ],
    "train_acc": [
        0.1213,
        0.8413833333333334,
        0.9086333333333333,
        0.9207666666666666,
        0.9297166666666666,
        0.9371666666666667,
        0.9429,
        0.9477833333333333,
        0.9516833333333333,
        0.9554666666666667,
        0.9591,
        0.96195,
        0.96455,
        0.9669666666666666,
        0.9682,
        0.97025,
        0.9721166666666666,
        0.9734333333333334,
        0.9745666666666667,
        0.9759166666666667,
        0.97715,
        0.9781166666666666,
        0.97935,
        0.9799166666666667,
        0.9812833333333333
    ],
    "test_loss": [
        2.2965717933654783,
        0.33587973221093415,
        0.28305905921384694,
        0.25244109201431275,
        0.22595727944150568,
        0.20618413182422518,
        0.19106532290391623,
        0.17601112420037388,
        0.16386051132157445,
        0.15370828761328012,
        0.1449885268960148,
        0.13785398421548306,
        0.12996693649422378,
        0.12467931256536394,
        0.1171723728314042,
        0.1136307482377626,
        0.1110268548076041,
        0.10701969964811578,
        0.10211043764054775,
        0.09979523091148586,
        0.09804416236840188,
        0.09441960142273456,
        0.09356400428880006,
        0.0922319762876723,
        0.0884087380612269
    ],
    "test_acc": [
        0.1282,
        0.9036,
        0.9201,
        0.9283,
        0.9367,
        0.9404,
        0.945,
        0.95,
        0.9532,
        0.9555,
        0.957,
        0.9608,
        0.9615,
        0.9634,
        0.9658,
        0.9662,
        0.9677,
        0.9687,
        0.9689,
        0.9692,
        0.9706,
        0.9718,
        0.9718,
        0.9718,
        0.9726
    ]
}