{
    "train_loss": [
        2.303097758293152,
        0.6307949442038934,
        0.3154250861689448,
        0.2679169720493257,
        0.2332834538889428,
        0.20671099631364148,
        0.18568930674493314,
        0.16839368797012916,
        0.15386454847144584,
        0.14126963321653505,
        0.13040563113242387,
        0.12109081039950252,
        0.11277195520860453,
        0.10539468318133925,
        0.0988868750633051,
        0.0932337196474274,
        0.08789732097797096,
        0.08340639541602383,
        0.07912187676293155,
        0.07533269150915245,
        0.07150316049335524,
        0.06836261901309093,
        0.06540388971818611,
        0.06251271677399055,
        0.059903062780232476
    ],
    "train_acc": [
        0.10706666666666667,
        0.8452833333333334,
        0.9098,
        0.9240833333333334,
        0.9341333333333334,
        0.9414333333333333,
        0.9479,
        0.9525666666666667,
        0.9564833333333334,
        0.9596333333333333,
        0.96335,
        0.9660333333333333,
        0.9688666666666667,
        0.97055,
        0.9723,
        0.9743166666666667,
        0.9756833333333333,
        0.9765333333333334,
        0.9778166666666667,
        0.9793333333333333,
        0.9805166666666667,
        0.9809833333333333,
        0.9822166666666666,
        0.9827333333333333,
        0.9834333333333334
    ],
    "test_loss": [
        2.3041049377441407,
        0.3311519553661346,
        0.2740389958396554,
        0.2402144852951169,
        0.21301366013288497,
        0.1918122086763382,
        0.1760004479262978,
        0.1601171961452812,
        0.14836563267111777,
        0.13662113152593375,
        0.12779179108478128,
        0.12170901911146939,
        0.1170799482645467,
        0.10979797555021942,
        0.10487167779076845,
        0.1014777664590627,
        0.0980467953087762,
        0.09635186113212257,
        0.09541503332685679,
        0.08901876448411494,
        0.08817058931998908,
        0.08585376530652866,
        0.08418251083134673,
        0.08351662202524021,
        0.08204295466365293
    ],
    "test_acc": [
        0.1043,
        0.9069,
        0.9202,
        0.9321,
        0.9373,
        0.9449,
        0.9496,
        0.9526,
        0.9567,
        0.9584,
        0.9632,
        0.9651,
        0.9669,
        0.9678,
        0.9692,
        0.9697,
        0.9714,
        0.9719,
        0.9714,
        0.9735,
        0.9728,
        0.9739,
        0.9741,
        0.9741,
        0.9745
    ]
}