{
    "train_loss": [
        2.3047236925125123,
        0.747987931800882,
        0.3417595336531599,
        0.299562168571353,
        0.27332298280969264,
        0.25239431849072375,
        0.23414542795494198,
        0.21843971536681056,
        0.20432057517444094,
        0.19180838965475558,
        0.1805906272067378,
        0.17022609736602753,
        0.1609122263253977,
        0.15233035227457684,
        0.1442784948812177,
        0.13708237189290423,
        0.13055031140577047,
        0.1242236717035373,
        0.11858547381907701,
        0.11332088864998272,
        0.10846626343711589,
        0.10405068457812691,
        0.09975076426814,
        0.09582941408852737,
        0.0919693982327357
    ],
    "train_acc": [
        0.09708333333333333,
        0.8288166666666666,
        0.9005166666666666,
        0.9135833333333333,
        0.9220666666666667,
        0.9285833333333333,
        0.9340833333333334,
        0.9383166666666667,
        0.9423666666666667,
        0.9460833333333334,
        0.9490166666666666,
        0.9519833333333333,
        0.9545666666666667,
        0.9573166666666667,
        0.9590666666666666,
        0.9611,
        0.96315,
        0.9648,
        0.96615,
        0.9679833333333333,
        0.9693166666666667,
        0.9708833333333333,
        0.97195,
        0.9732666666666666,
        0.9746
    ],
    "test_loss": [
        2.304498468017578,
        0.35922451807558536,
        0.30184482714235783,
        0.27596836335211994,
        0.25493329562321304,
        0.23876555665805935,
        0.22194777886345982,
        0.20945937691554428,
        0.19745118110328913,
        0.18547728550061585,
        0.17551965048536658,
        0.16772820276431738,
        0.15948101248927415,
        0.1520278064088896,
        0.1456387208905071,
        0.1399113576449454,
        0.1340402052808553,
        0.1292179326577112,
        0.12452339399568736,
        0.12067253898093477,
        0.11703481756672263,
        0.11285853253677487,
        0.1100934801576659,
        0.1063773304685019,
        0.10491535864425823
    ],
    "test_acc": [
        0.0999,
        0.8953,
        0.9143,
        0.9203,
        0.9275,
        0.9324,
        0.9365,
        0.9404,
        0.9428,
        0.9466,
        0.949,
        0.9525,
        0.9531,
        0.9557,
        0.9567,
        0.9592,
        0.9611,
        0.9615,
        0.9627,
        0.9637,
        0.9649,
        0.9661,
        0.9675,
        0.9688,
        0.9684
    ]
}