{
    "train_loss": [
        2.305034884007772,
        0.781868314837416,
        0.3418531863455971,
        0.2985794110238552,
        0.2711154399968684,
        0.2485473363123834,
        0.2294499430934588,
        0.21274537774771451,
        0.19787938143461942,
        0.18515159413975973,
        0.17372448826991022,
        0.16358920126284163,
        0.15455076294870426,
        0.14642582602923115,
        0.13900821635363003,
        0.13217948355513315,
        0.12607208809579412,
        0.1204568830434233,
        0.11512873643965771,
        0.11018876044334223,
        0.10583871486658851,
        0.10159607030386106,
        0.09769145154198632,
        0.09411405600327999,
        0.09056773822040608
    ],
    "train_acc": [
        0.07181666666666667,
        0.8139166666666666,
        0.9008833333333334,
        0.9133,
        0.9223833333333333,
        0.92915,
        0.9358666666666666,
        0.9405833333333333,
        0.9444333333333333,
        0.9481333333333334,
        0.9512333333333334,
        0.9544333333333334,
        0.95675,
        0.9589833333333333,
        0.9614333333333334,
        0.9630666666666666,
        0.9645,
        0.9660166666666666,
        0.9674666666666667,
        0.96895,
        0.97,
        0.9720833333333333,
        0.97275,
        0.97385,
        0.9748
    ],
    "test_loss": [
        2.3044456077575686,
        0.3606515798896551,
        0.3015971677958965,
        0.27232918170914056,
        0.25117756716012957,
        0.2329291521180421,
        0.21677846673838794,
        0.20340309297069908,
        0.19016903565712273,
        0.17962029078360647,
        0.1702740038815886,
        0.1629122328348458,
        0.1545628656551242,
        0.14872982058692724,
        0.14234199589192867,
        0.13672228655107319,
        0.13121391999591142,
        0.1274375290695578,
        0.12311974573368206,
        0.12094357000524178,
        0.11645919564431534,
        0.11340920024160296,
        0.1105116094974801,
        0.10717721952917054,
        0.10542642610147596
    ],
    "test_acc": [
        0.0753,
        0.896,
        0.9143,
        0.9238,
        0.9288,
        0.9335,
        0.9371,
        0.9417,
        0.9446,
        0.9484,
        0.9514,
        0.9535,
        0.9548,
        0.957,
        0.9589,
        0.9611,
        0.9621,
        0.9631,
        0.9642,
        0.9641,
        0.9657,
        0.9665,
        0.9675,
        0.9691,
        0.9695
    ]
}