{
    "train_loss": [
        2.3091942808151247,
        0.733511107913653,
        0.3326242938786745,
        0.28902924576699734,
        0.2590226715558519,
        0.23482675798212488,
        0.2146612014686068,
        0.19721058313722412,
        0.18214539765678348,
        0.16889236864820123,
        0.1572869782306254,
        0.14730501290671527,
        0.13861315012909473,
        0.13068931442263226,
        0.12358554279742141,
        0.11728563274995735,
        0.11171008175077538,
        0.10639338734708727,
        0.1016280853703618,
        0.09707110662690054,
        0.0931870565554127,
        0.08957737153389801,
        0.08588089384716004,
        0.08274743496725957,
        0.07969400956608975
    ],
    "train_acc": [
        0.1055,
        0.8186,
        0.9043833333333333,
        0.9170666666666667,
        0.9264,
        0.9338166666666666,
        0.9403166666666667,
        0.9449,
        0.9489166666666666,
        0.95295,
        0.9553166666666667,
        0.9585833333333333,
        0.9613333333333334,
        0.9632666666666667,
        0.96535,
        0.9673,
        0.9693333333333334,
        0.97065,
        0.9716833333333333,
        0.9729833333333333,
        0.9742,
        0.9753,
        0.9764833333333334,
        0.9771166666666666,
        0.9782333333333333
    ],
    "test_loss": [
        2.3092392925262453,
        0.3498228209644556,
        0.28980607938468456,
        0.26076332191452384,
        0.2393354605987668,
        0.2191529964029789,
        0.20145099016986787,
        0.18714792701937258,
        0.17525294571220876,
        0.16335963401570916,
        0.15384404794946313,
        0.14597888785209506,
        0.1394418284298852,
        0.13339235074855388,
        0.1280470260154456,
        0.12432184944674372,
        0.11881538309715688,
        0.11610244476404041,
        0.1109964125059545,
        0.10820209573572502,
        0.10750432974807918,
        0.10288051950205117,
        0.10302873283531516,
        0.0995163837638218,
        0.09737053735516965
    ],
    "test_acc": [
        0.1053,
        0.9014,
        0.917,
        0.9274,
        0.933,
        0.9364,
        0.9432,
        0.9459,
        0.9483,
        0.9513,
        0.9556,
        0.9576,
        0.96,
        0.9618,
        0.9627,
        0.9635,
        0.966,
        0.9655,
        0.9672,
        0.9676,
        0.9676,
        0.9696,
        0.9693,
        0.9706,
        0.9713
    ]
}