{
    "train_loss": [
        2.303097758293152,
        0.6607496285279592,
        0.3232165832221508,
        0.27827058873350424,
        0.24574895636339983,
        0.21968475900391737,
        0.1987692779429257,
        0.18141079837419094,
        0.16687873115825155,
        0.15409369314884147,
        0.14297469425015152,
        0.13330167053726813,
        0.12457322755350421,
        0.1167042242096737,
        0.10970812530418238,
        0.10356787062113484,
        0.09781143633940567,
        0.0928319112189735,
        0.08815978726272782,
        0.083985201803719,
        0.0798223530274195,
        0.0763253259506387,
        0.07305389703897139,
        0.06990470402610177,
        0.06705018071665739
    ],
    "train_acc": [
        0.10706666666666667,
        0.8393333333333334,
        0.90725,
        0.9201666666666667,
        0.9304833333333333,
        0.9378,
        0.9439,
        0.9488666666666666,
        0.9531,
        0.9564666666666667,
        0.9598,
        0.9624,
        0.96555,
        0.9673666666666667,
        0.9691333333333333,
        0.9714166666666667,
        0.9728166666666667,
        0.974,
        0.9755,
        0.97695,
        0.9781333333333333,
        0.9784166666666667,
        0.9796666666666667,
        0.9807666666666667,
        0.9811
    ],
    "test_loss": [
        2.3041049377441407,
        0.3387368973761797,
        0.2821148462817073,
        0.2511002178311348,
        0.22559070262238384,
        0.20437893946357072,
        0.18788661701194942,
        0.17202938295565545,
        0.16059190332628787,
        0.14838394998069854,
        0.13880296184830368,
        0.1326252433475107,
        0.12670162813086064,
        0.11915183919016271,
        0.11373528999071568,
        0.1097216099777259,
        0.10576156412446872,
        0.10315735665634275,
        0.10170642231041566,
        0.09514965198095889,
        0.09382576335649938,
        0.09104917626008391,
        0.0894319475993514,
        0.08829155840589664,
        0.08623683819295838
    ],
    "test_acc": [
        0.1043,
        0.9035,
        0.9172,
        0.9292,
        0.9343,
        0.942,
        0.9454,
        0.9497,
        0.9537,
        0.9558,
        0.9589,
        0.9605,
        0.9643,
        0.965,
        0.9663,
        0.968,
        0.9688,
        0.9695,
        0.97,
        0.9712,
        0.9719,
        0.9725,
        0.9727,
        0.9725,
        0.9732
    ]
}