{
    "train_loss": [
        2.3056429417292277,
        0.6861420220802228,
        0.32141562319671113,
        0.27594029604742926,
        0.24419643120281398,
        0.2198173824948569,
        0.19977956037099162,
        0.18286638698031504,
        0.16823735115714372,
        0.15568841353394092,
        0.1445287893615663,
        0.13520792701492707,
        0.12687894428198537,
        0.11918131516979387,
        0.11227346090798576,
        0.10652274562343955,
        0.1008623174097389,
        0.09589245980541843,
        0.09107461727003878,
        0.08687932606289785,
        0.08286435598485793,
        0.07926543979862084,
        0.07574152470131715,
        0.07248995907288044,
        0.06961168378150712
    ],
    "train_acc": [
        0.07833333333333334,
        0.83675,
        0.9082,
        0.9212833333333333,
        0.9306666666666666,
        0.9382,
        0.9435333333333333,
        0.94815,
        0.9523,
        0.9558833333333333,
        0.95915,
        0.9620166666666666,
        0.9643333333333334,
        0.9665,
        0.9685,
        0.9699333333333333,
        0.9716333333333333,
        0.9731666666666666,
        0.97445,
        0.9756333333333334,
        0.9767166666666667,
        0.97755,
        0.9787166666666667,
        0.9798666666666667,
        0.9807
    ],
    "test_loss": [
        2.3049506702423095,
        0.3381026835083962,
        0.28158294887840746,
        0.2487375886708498,
        0.222653045655787,
        0.2060466151557863,
        0.18924354290515186,
        0.17457681883648038,
        0.16486636615991593,
        0.1536886462725699,
        0.14233611482717096,
        0.13703180596455933,
        0.13058128664903343,
        0.12566778076086194,
        0.12015321075869724,
        0.11421344303302466,
        0.11003114449344575,
        0.10485025372849777,
        0.10347328823739663,
        0.10374581523379311,
        0.09808514441028238,
        0.09496299972757698,
        0.0919161707621999,
        0.09154151301765814,
        0.08921798638771287
    ],
    "test_acc": [
        0.0826,
        0.9045,
        0.9214,
        0.9305,
        0.9366,
        0.9406,
        0.946,
        0.9488,
        0.9531,
        0.9551,
        0.9573,
        0.9585,
        0.9623,
        0.9627,
        0.9657,
        0.9657,
        0.9677,
        0.9692,
        0.9699,
        0.9702,
        0.9719,
        0.9729,
        0.9727,
        0.9727,
        0.9736
    ]
}