{
    "train_loss": [
        2.305034884007772,
        0.7258382682710885,
        0.33063431011984745,
        0.28700640047341586,
        0.2566202547714114,
        0.23155132405683398,
        0.2110239850024382,
        0.19360818750299513,
        0.178597418812414,
        0.16609076985220114,
        0.15491448642760516,
        0.14527681461821,
        0.13660801239870488,
        0.12896645031534135,
        0.1219726595658809,
        0.11548114357205728,
        0.10984378553200513,
        0.10465891832374036,
        0.09979034191879134,
        0.0952098603060469,
        0.0913655599072886,
        0.08743941137380898,
        0.08397434323336929,
        0.08070470613970732,
        0.077525594566452
    ],
    "train_acc": [
        0.07181666666666667,
        0.8263666666666667,
        0.9050666666666667,
        0.91735,
        0.92705,
        0.9348,
        0.94125,
        0.9459333333333333,
        0.9500333333333333,
        0.9537,
        0.9563833333333334,
        0.9594166666666667,
        0.9617833333333333,
        0.96395,
        0.96585,
        0.9675666666666667,
        0.9694166666666667,
        0.9706,
        0.9723166666666667,
        0.9734666666666667,
        0.97505,
        0.97605,
        0.9774166666666667,
        0.97815,
        0.9786
    ],
    "test_loss": [
        2.3044456077575686,
        0.34868687012195587,
        0.2919350515589118,
        0.2599207066752017,
        0.23581728595197202,
        0.21531688898541032,
        0.19871757258400322,
        0.1855079128626734,
        0.17168141650930047,
        0.1610675819117576,
        0.1530836818933487,
        0.14595517796929924,
        0.13824725073669106,
        0.13360942180603744,
        0.12692571299597621,
        0.12228782677287235,
        0.11699295828016475,
        0.11418231537686661,
        0.11036964233182371,
        0.10942346463138238,
        0.10504916661642492,
        0.10249510704111307,
        0.09945468213986605,
        0.09645813812948763,
        0.09548977647516876
    ],
    "test_acc": [
        0.0753,
        0.9006,
        0.9183,
        0.9274,
        0.9324,
        0.9385,
        0.9416,
        0.9467,
        0.9507,
        0.9535,
        0.9553,
        0.9574,
        0.9607,
        0.9616,
        0.9628,
        0.9645,
        0.9658,
        0.9662,
        0.968,
        0.9681,
        0.9693,
        0.97,
        0.9704,
        0.9714,
        0.972
    ]
}