{
    "train_loss": [
        2.303097758293152,
        0.6179576506694158,
        0.31177899068345627,
        0.2629208141540488,
        0.22742445376118023,
        0.2007499484986067,
        0.17965613919297854,
        0.16238112052716314,
        0.14780995166040958,
        0.1353666931067904,
        0.1247617028499643,
        0.11573920253627003,
        0.10765518728035192,
        0.1005757432502384,
        0.094311798104768,
        0.08882885400528709,
        0.0836592456360658,
        0.07942073422210912,
        0.07528893902925775,
        0.07168874904215336,
        0.06796993610911692,
        0.06502097090920433,
        0.062188188413499546,
        0.05942509318583955,
        0.05690385166889367
    ],
    "train_acc": [
        0.10706666666666667,
        0.8480333333333333,
        0.9111333333333334,
        0.9257,
        0.9359666666666666,
        0.9434,
        0.9496,
        0.9540333333333333,
        0.9582666666666667,
        0.9615666666666667,
        0.9651666666666666,
        0.9675,
        0.97015,
        0.9721833333333333,
        0.9736833333333333,
        0.9754166666666667,
        0.977,
        0.97795,
        0.9791166666666666,
        0.98025,
        0.9816,
        0.98205,
        0.9831166666666666,
        0.9841333333333333,
        0.9845333333333334
    ],
    "test_loss": [
        2.3041049377441407,
        0.3278428336262703,
        0.270208942475915,
        0.2350854467742145,
        0.207244505661726,
        0.18627071611471474,
        0.1704638739041984,
        0.15462099992111325,
        0.14270232268664987,
        0.13136037250012159,
        0.12316071618180723,
        0.11703835449703037,
        0.11314176438339055,
        0.1059019098026678,
        0.10111923410408198,
        0.09777005963074044,
        0.09488291962454096,
        0.09327944339495152,
        0.0925244938873686,
        0.08643343424443156,
        0.08593661816390231,
        0.08370448077153414,
        0.08213014597105793,
        0.08172896427749655,
        0.08029989647632464
    ],
    "test_acc": [
        0.1043,
        0.9082,
        0.9218,
        0.9329,
        0.9387,
        0.9461,
        0.9513,
        0.9542,
        0.9578,
        0.9601,
        0.9647,
        0.9658,
        0.9675,
        0.9687,
        0.9702,
        0.9709,
        0.9722,
        0.9727,
        0.9723,
        0.9745,
        0.9733,
        0.9742,
        0.9748,
        0.9744,
        0.975
    ]
}