{
    "train_loss": [
        2.304665460205078,
        0.6355843156198661,
        0.3120831033810973,
        0.26414561993132035,
        0.23059062363430857,
        0.20509413670574625,
        0.18414969141085943,
        0.1670611616600305,
        0.1528024225520591,
        0.14075791780439517,
        0.13029125890495877,
        0.12093619798924773,
        0.113176491427732,
        0.10587912067845463,
        0.09937972170654684,
        0.09390674090388541,
        0.0890484544810839,
        0.0840244494356215,
        0.08004797268441567,
        0.07613230705885217,
        0.07266535308789462,
        0.06944717266165341,
        0.06646099947552818,
        0.06367580275296544,
        0.06105845692170163
    ],
    "train_acc": [
        0.08203333333333333,
        0.84295,
        0.9106666666666666,
        0.9243833333333333,
        0.9348333333333333,
        0.9417333333333333,
        0.9477,
        0.9525166666666667,
        0.9570166666666666,
        0.96015,
        0.9635333333333334,
        0.9662833333333334,
        0.9684333333333334,
        0.9705333333333334,
        0.97255,
        0.9741833333333333,
        0.9757,
        0.9769666666666666,
        0.9781833333333333,
        0.97895,
        0.9801333333333333,
        0.9811,
        0.9819666666666667,
        0.98255,
        0.98355
    ],
    "test_loss": [
        2.3036648399353026,
        0.34044778610020876,
        0.2693956072300673,
        0.23563583536073565,
        0.20984847909733653,
        0.18992975584343075,
        0.17395775342546405,
        0.15763633839786054,
        0.14733071877323092,
        0.13786681872028858,
        0.12983160814922304,
        0.12537903071306647,
        0.11647741277646273,
        0.11056901504974813,
        0.10697290119770915,
        0.10340391563586891,
        0.09909161008168012,
        0.0950778257095255,
        0.09271687025139108,
        0.09184881597897038,
        0.08909797773808241,
        0.08796445175632835,
        0.08547706869756803,
        0.08465448607029394,
        0.08241188008626923
    ],
    "test_acc": [
        0.0829,
        0.9014,
        0.9234,
        0.9343,
        0.9396,
        0.9437,
        0.9495,
        0.9537,
        0.9557,
        0.9586,
        0.9618,
        0.9626,
        0.9661,
        0.9673,
        0.9688,
        0.969,
        0.9711,
        0.9721,
        0.973,
        0.9735,
        0.9737,
        0.9748,
        0.9744,
        0.9751,
        0.9755
    ]
}