{
    "train_loss": [
        2.303097758293152,
        0.69832373423179,
        0.3319711498061816,
        0.2890442843655745,
        0.2595434364597003,
        0.23506027345458666,
        0.21442429251720507,
        0.19710901278691986,
        0.18251834087471167,
        0.16960416031591594,
        0.15829586291822295,
        0.1483975457970053,
        0.1394384306529537,
        0.13118156497099748,
        0.12373004594494899,
        0.11706799847117315,
        0.11085074779217442,
        0.1053171670505777,
        0.1002769398463269,
        0.09559631148222834,
        0.09110726747562488,
        0.08715106498509025,
        0.0835314460893472,
        0.08003269435201461,
        0.07684676434521874
    ],
    "train_acc": [
        0.10706666666666667,
        0.8319666666666666,
        0.9044833333333333,
        0.9173166666666667,
        0.9256,
        0.9333,
        0.9399166666666666,
        0.945,
        0.9487166666666667,
        0.9523,
        0.9554333333333334,
        0.9580833333333333,
        0.9608166666666667,
        0.9628666666666666,
        0.9653833333333334,
        0.96755,
        0.96905,
        0.9707666666666667,
        0.9718666666666667,
        0.9731166666666666,
        0.9751666666666666,
        0.9758333333333333,
        0.977,
        0.9779833333333333,
        0.9781833333333333
    ],
    "test_loss": [
        2.3041049377441407,
        0.3482630676984787,
        0.29077342209517953,
        0.26271499798223374,
        0.24001257706508042,
        0.21934887685626744,
        0.20257305566370487,
        0.18679343108721078,
        0.17548892961591483,
        0.16253807074800133,
        0.1526346880774945,
        0.14613566287867724,
        0.1390565753063187,
        0.13147367452085018,
        0.12550891341287643,
        0.12065250382311642,
        0.11622522242395207,
        0.11284770085196942,
        0.11014921071808785,
        0.10369051804216578,
        0.10160795825459062,
        0.09830989716649055,
        0.09610434499466791,
        0.09474220210751519,
        0.09196855469746515
    ],
    "test_acc": [
        0.1043,
        0.8998,
        0.916,
        0.926,
        0.9306,
        0.9379,
        0.9406,
        0.9455,
        0.9494,
        0.9517,
        0.9546,
        0.9576,
        0.9595,
        0.9605,
        0.9623,
        0.9646,
        0.9655,
        0.9665,
        0.9682,
        0.97,
        0.9696,
        0.9702,
        0.9712,
        0.9718,
        0.9717
    ]
}