{
    "train_loss": [
        2.3056429417292277,
        0.7840875396102667,
        0.3427874671064317,
        0.2987896696165204,
        0.27151686115985113,
        0.25004304906254016,
        0.2317134867541492,
        0.21625837741370002,
        0.20259048328250648,
        0.19028045539247493,
        0.17907884220667183,
        0.16925894347218176,
        0.1603058947381874,
        0.15196634120804567,
        0.14453908912626406,
        0.13779408760312944,
        0.1314852961678058,
        0.12584545645968367,
        0.12030616103454182,
        0.11544416645743574,
        0.1107036455237617,
        0.10646260930430144,
        0.10241895850589498,
        0.09854115561225141,
        0.09502180831143632
    ],
    "train_acc": [
        0.07833333333333334,
        0.8144333333333333,
        0.90085,
        0.91375,
        0.9220666666666667,
        0.9289,
        0.9346833333333333,
        0.9391,
        0.9431166666666667,
        0.9462,
        0.94895,
        0.9524333333333334,
        0.9546333333333333,
        0.9573333333333334,
        0.9594833333333334,
        0.9610166666666666,
        0.9628166666666667,
        0.9642333333333334,
        0.9657833333333333,
        0.9672166666666666,
        0.96825,
        0.9694833333333334,
        0.9710666666666666,
        0.9717333333333333,
        0.9730333333333333
    ],
    "test_loss": [
        2.3049506702423095,
        0.36121578096449375,
        0.30022274980470537,
        0.2721330619856715,
        0.25119813605546953,
        0.23569746397063135,
        0.21979038213938476,
        0.20718705615587532,
        0.19655936868079008,
        0.18556087270379065,
        0.1748496848732233,
        0.16851598039828242,
        0.16059526654798537,
        0.1546512721931562,
        0.14798403489366174,
        0.14208457505777478,
        0.13686103505678474,
        0.13141638451348991,
        0.12859720364753158,
        0.12617915010899305,
        0.12113279151786119,
        0.11714052850417793,
        0.11387931461324916,
        0.11141643172698096,
        0.1089839302062057
    ],
    "test_acc": [
        0.0826,
        0.8971,
        0.9142,
        0.9243,
        0.9286,
        0.9334,
        0.9365,
        0.9402,
        0.9427,
        0.946,
        0.9489,
        0.9507,
        0.9541,
        0.955,
        0.957,
        0.9585,
        0.9598,
        0.96,
        0.9617,
        0.9623,
        0.9632,
        0.9643,
        0.9662,
        0.9671,
        0.9684
    ]
}