{
    "train_loss": [
        2.3091942808151247,
        0.6427310570220153,
        0.3120279041623076,
        0.26240490337610245,
        0.2273057255004843,
        0.20065809469744564,
        0.17947359714098274,
        0.16169013539801042,
        0.14737933120901386,
        0.13536378814894706,
        0.12531998955588788,
        0.11674980332180858,
        0.10945729022156447,
        0.10257734537497162,
        0.09658114632175614,
        0.09139442145725091,
        0.08670184318708876,
        0.08209033444120238,
        0.07807448484158765,
        0.07425226563944792,
        0.07108254451947287,
        0.06802589675781007,
        0.06501801092211779,
        0.0623342616332074,
        0.059768282077554614
    ],
    "train_acc": [
        0.1055,
        0.8405333333333334,
        0.9115,
        0.9255166666666667,
        0.9362333333333334,
        0.9439333333333333,
        0.9498166666666666,
        0.9546,
        0.9583,
        0.9619166666666666,
        0.9650833333333333,
        0.9675666666666667,
        0.9693666666666667,
        0.9717333333333333,
        0.9733333333333334,
        0.97485,
        0.9764666666666667,
        0.9778,
        0.9788,
        0.98,
        0.98085,
        0.9815833333333334,
        0.9828,
        0.9834333333333334,
        0.9842166666666666
    ],
    "test_loss": [
        2.3092392925262453,
        0.33056041190624236,
        0.26694577796459196,
        0.23114065832421182,
        0.20841720058619975,
        0.18578554915040732,
        0.16706971371397375,
        0.15396163218840958,
        0.14448736202940346,
        0.13412553623709828,
        0.12473239559866488,
        0.11841637775655836,
        0.11352390482043848,
        0.10868952434770762,
        0.1050632856760174,
        0.10303555425824598,
        0.09805391228534281,
        0.09665607292177156,
        0.09169627404874191,
        0.08991466329651884,
        0.09086542324880138,
        0.08595782521297224,
        0.0874349320275709,
        0.08332886711002793,
        0.08205502717141062
    ],
    "test_acc": [
        0.1053,
        0.9085,
        0.9256,
        0.9355,
        0.9402,
        0.9465,
        0.9509,
        0.955,
        0.9575,
        0.9624,
        0.9632,
        0.9649,
        0.9677,
        0.969,
        0.969,
        0.9683,
        0.9717,
        0.9718,
        0.9726,
        0.9738,
        0.9728,
        0.9744,
        0.9733,
        0.9752,
        0.9754
    ]
}