{
    "train_loss": [
        2.2972562834421795,
        0.7051914552579324,
        0.3296797965722779,
        0.28646532252828283,
        0.2581399960058431,
        0.23629332019984722,
        0.21725777765214443,
        0.2006907663958768,
        0.18593225502036512,
        0.17282030327692627,
        0.16135307622080047,
        0.15089933771416544,
        0.14177911803166693,
        0.13341288335844875,
        0.12621438592169434,
        0.11942782736644149,
        0.11336621276537577,
        0.107847225281472,
        0.10285659151424964,
        0.09824816919155419,
        0.09401840369189159,
        0.09005321545427045,
        0.08644720032854626,
        0.08290583466909204,
        0.07989042497975751
    ],
    "train_acc": [
        0.1213,
        0.8329833333333333,
        0.9057166666666666,
        0.9174333333333333,
        0.9261166666666667,
        0.9333833333333333,
        0.9386833333333333,
        0.9434833333333333,
        0.9469666666666666,
        0.9505833333333333,
        0.9546166666666667,
        0.9572,
        0.9596166666666667,
        0.9624666666666667,
        0.9644,
        0.9662333333333334,
        0.96855,
        0.9699333333333333,
        0.9711833333333333,
        0.9726833333333333,
        0.97365,
        0.97495,
        0.9761333333333333,
        0.9771666666666666,
        0.9778166666666667
    ],
    "test_loss": [
        2.2965717933654783,
        0.3445685894265771,
        0.29046654010787604,
        0.2623448014974594,
        0.23822353408709168,
        0.22043872305974363,
        0.20585064961649477,
        0.19085448051914572,
        0.178752440680936,
        0.1682182029400021,
        0.15848682950809598,
        0.1506097605055198,
        0.1432306424293667,
        0.13680135031398385,
        0.1290392636047676,
        0.12510807946361602,
        0.12142047883942723,
        0.1172781284622848,
        0.11231531224902719,
        0.1091290124932304,
        0.10689222625009716,
        0.1030713401246816,
        0.10141845642793923,
        0.09994343318454921,
        0.09636253707888535
    ],
    "test_acc": [
        0.1282,
        0.901,
        0.9187,
        0.925,
        0.933,
        0.9368,
        0.9397,
        0.9441,
        0.9481,
        0.9502,
        0.9523,
        0.9562,
        0.9574,
        0.9596,
        0.9622,
        0.9629,
        0.9648,
        0.9652,
        0.9665,
        0.9667,
        0.968,
        0.9687,
        0.9706,
        0.9699,
        0.9709
    ]
}