{
    "train_loss": [
        2.3051901514689126,
        0.7603606538534164,
        0.34264409687717756,
        0.3003111789293587,
        0.2744540264484783,
        0.25329786396374304,
        0.23466278394957382,
        0.2181394955734412,
        0.20372809134585163,
        0.1907787501461804,
        0.17919753481484949,
        0.16892775638774038,
        0.15964626586077113,
        0.15128934043968717,
        0.14389399654356141,
        0.1369982748636976,
        0.13064232246745378,
        0.1247354179472973,
        0.11930560960229486,
        0.11441628126557916,
        0.10969963748821368,
        0.10545945039413249,
        0.10134257184636469,
        0.09754230472532412,
        0.09393536989459148
    ],
    "train_acc": [
        0.07936666666666667,
        0.81555,
        0.9010833333333333,
        0.9128166666666667,
        0.9213,
        0.9283,
        0.93315,
        0.9386333333333333,
        0.94295,
        0.9465333333333333,
        0.9496666666666667,
        0.9523333333333334,
        0.9550666666666666,
        0.9575,
        0.9596666666666667,
        0.9618166666666667,
        0.9634833333333334,
        0.9649833333333333,
        0.9663166666666667,
        0.96805,
        0.9692333333333333,
        0.9701333333333333,
        0.9712333333333333,
        0.97245,
        0.9733666666666667
    ],
    "test_loss": [
        2.3060512508392335,
        0.35968723162710664,
        0.3030581723876297,
        0.274806078979373,
        0.2556012047998607,
        0.23940686718039214,
        0.22155404465571046,
        0.20927683938965203,
        0.196748869998008,
        0.18487073371708393,
        0.1758392970018089,
        0.16668830895498396,
        0.15928944473620504,
        0.15328162328805775,
        0.1463665708769113,
        0.1395039045440033,
        0.13513296922408044,
        0.13112635429669173,
        0.12705880086701363,
        0.1230371606303379,
        0.12008564894925802,
        0.11571693058479578,
        0.11306273693153635,
        0.11099625814128668,
        0.10755687220990658
    ],
    "test_acc": [
        0.077,
        0.8971,
        0.9148,
        0.9215,
        0.9278,
        0.9309,
        0.936,
        0.9396,
        0.9428,
        0.9463,
        0.949,
        0.9512,
        0.9542,
        0.9546,
        0.9576,
        0.9594,
        0.9599,
        0.9614,
        0.9624,
        0.9635,
        0.9654,
        0.9652,
        0.9666,
        0.9674,
        0.9684
    ]
}