{
    "train_loss": [
        2.2988321739832562,
        0.7582131473307808,
        0.34236242136706907,
        0.3001374481211106,
        0.2749377408442398,
        0.2549260127084951,
        0.2368763822078705,
        0.22097309470822413,
        0.20668925040538114,
        0.19376754303102692,
        0.18213691900322834,
        0.17152384148426353,
        0.1619697009405742,
        0.1532714289440463,
        0.1451943416601668,
        0.13807900437414647,
        0.13136885823446015,
        0.12505856347704927,
        0.11971645232786735,
        0.11423045884302507,
        0.10936983547185858,
        0.10498251461678496,
        0.10076299040587619,
        0.0969029390151302,
        0.09316436470734576
    ],
    "train_acc": [
        0.16486666666666666,
        0.82415,
        0.9003833333333333,
        0.91305,
        0.9215333333333333,
        0.9273666666666667,
        0.9327166666666666,
        0.9374666666666667,
        0.9419666666666666,
        0.9451333333333334,
        0.9487333333333333,
        0.9513666666666667,
        0.9540666666666666,
        0.9566,
        0.9586833333333333,
        0.9607,
        0.9624666666666667,
        0.96445,
        0.9659666666666666,
        0.9674333333333334,
        0.96925,
        0.9703333333333334,
        0.9714166666666667,
        0.9723666666666667,
        0.9739666666666666
    ],
    "test_loss": [
        2.2975090656280517,
        0.3573290156826377,
        0.3012243370987475,
        0.2748773721769452,
        0.25517368869856,
        0.2390111632987857,
        0.22562975864708423,
        0.2118263387389481,
        0.20038017783686518,
        0.18826656763516367,
        0.17894332952722908,
        0.16935938360877334,
        0.16236039290763438,
        0.15513385345637798,
        0.148077738115564,
        0.1424516450729221,
        0.13724327717386187,
        0.1315323381833732,
        0.12755261201784016,
        0.12397366023976356,
        0.12011091725509614,
        0.11576346425358205,
        0.1129304272390902,
        0.10988910434022546,
        0.10786022628638893
    ],
    "test_acc": [
        0.167,
        0.8964,
        0.914,
        0.9226,
        0.9285,
        0.9329,
        0.9361,
        0.9387,
        0.9422,
        0.9459,
        0.9482,
        0.9504,
        0.9518,
        0.9539,
        0.9565,
        0.9574,
        0.9584,
        0.9618,
        0.9626,
        0.9633,
        0.9647,
        0.9655,
        0.9664,
        0.9668,
        0.968
    ]
}