{
    "train_loss": [
        2.304665460205078,
        0.6222370782335599,
        0.30820103278209765,
        0.25933781775161624,
        0.22522360523715615,
        0.19931268995702267,
        0.17823670587576926,
        0.16126085184862216,
        0.14710686593949795,
        0.13525122293966513,
        0.12499717482067645,
        0.11580217336850862,
        0.10826066769740234,
        0.10118288601754855,
        0.094917820257321,
        0.0896227365370219,
        0.08490204475587233,
        0.07999170765156548,
        0.07615670630944271,
        0.07235538040492684,
        0.06900165655215582,
        0.06590712604451304,
        0.06306212784818684,
        0.06036168464217335,
        0.057845038539605834
    ],
    "train_acc": [
        0.08203333333333333,
        0.8455,
        0.91205,
        0.9263,
        0.9364166666666667,
        0.9433666666666667,
        0.94945,
        0.9544166666666667,
        0.9588,
        0.9617166666666667,
        0.9649833333333333,
        0.9677833333333333,
        0.9699833333333333,
        0.9718166666666667,
        0.97385,
        0.9756666666666667,
        0.9768833333333333,
        0.9780166666666666,
        0.9793333333333333,
        0.97985,
        0.9813166666666666,
        0.9821666666666666,
        0.9827833333333333,
        0.9835166666666667,
        0.9846333333333334
    ],
    "test_loss": [
        2.3036648399353026,
        0.3383314711481333,
        0.2651531650558114,
        0.2304512728512287,
        0.20433833677768706,
        0.183862632407248,
        0.16832478562630712,
        0.15212185574248432,
        0.14184080172069372,
        0.132699002362974,
        0.12508301042430103,
        0.12103391727469862,
        0.11233078762069344,
        0.10684672875683755,
        0.10327321985857561,
        0.10019187235636637,
        0.09589631756944582,
        0.09211903741760179,
        0.08988381178169512,
        0.08932563884453848,
        0.08695173970488831,
        0.08588799353530631,
        0.08324096125885844,
        0.0822665100584738,
        0.08022181272883899
    ],
    "test_acc": [
        0.0829,
        0.9017,
        0.925,
        0.9358,
        0.941,
        0.9462,
        0.9512,
        0.9549,
        0.958,
        0.9608,
        0.9637,
        0.9638,
        0.9677,
        0.9689,
        0.9695,
        0.9704,
        0.9725,
        0.9726,
        0.9743,
        0.9748,
        0.9744,
        0.9755,
        0.9756,
        0.976,
        0.9767
    ]
}