{
    "train_loss": [
        2.304665460205078,
        0.7568215913593769,
        0.3413849181945125,
        0.29729196764727434,
        0.26973853685607513,
        0.24835860556090872,
        0.22970504088078936,
        0.21350729633445542,
        0.19943148480504752,
        0.18701678611611328,
        0.17578583118083577,
        0.16563507604735592,
        0.15676957139372827,
        0.1483727031470587,
        0.14055718484309812,
        0.1337066343350957,
        0.127542311828956,
        0.12151814812372128,
        0.11618991334078213,
        0.1111504285203293,
        0.1065532348693038,
        0.10232661308106035,
        0.09831188110746443,
        0.09465244590487952,
        0.09107163945070157
    ],
    "train_acc": [
        0.08203333333333333,
        0.81635,
        0.9010666666666667,
        0.9140833333333334,
        0.92235,
        0.92975,
        0.93515,
        0.9396,
        0.9434666666666667,
        0.9474166666666667,
        0.9499166666666666,
        0.95275,
        0.95565,
        0.9579666666666666,
        0.9603666666666667,
        0.9620166666666666,
        0.9637666666666667,
        0.9658666666666667,
        0.9673333333333334,
        0.9685833333333334,
        0.9702,
        0.97135,
        0.9722833333333334,
        0.9735833333333334,
        0.97465
    ],
    "test_loss": [
        2.3036648399353026,
        0.3610237264469266,
        0.29836773863583804,
        0.2711082644894719,
        0.24973393053263426,
        0.23315689088255168,
        0.2176314898546785,
        0.20308484940305352,
        0.19226780301779509,
        0.1811228763706982,
        0.1716836371961981,
        0.16481099167242647,
        0.1561765133421868,
        0.14823296489305796,
        0.14336837663687765,
        0.13737439569607376,
        0.13175799051541834,
        0.12691739666741342,
        0.12289146173419431,
        0.11941718104537577,
        0.11525758290262893,
        0.11286363471932709,
        0.10926153773693367,
        0.10676068055387586,
        0.1043557931884192
    ],
    "test_acc": [
        0.0829,
        0.8965,
        0.9146,
        0.9236,
        0.929,
        0.9329,
        0.9363,
        0.9406,
        0.9443,
        0.9469,
        0.95,
        0.9512,
        0.9536,
        0.9545,
        0.9575,
        0.9589,
        0.9608,
        0.9623,
        0.9649,
        0.9655,
        0.9665,
        0.9671,
        0.9683,
        0.9693,
        0.9701
    ]
}