{
    "train_loss": [
        2.3091942808151247,
        0.7900035001575947,
        0.3441077769001325,
        0.30106887816016875,
        0.2737897220093757,
        0.251931010530889,
        0.23312256509189805,
        0.21658519367252788,
        0.20198310250788928,
        0.18892763173033794,
        0.1771031361851841,
        0.1665347717149804,
        0.15720525967441498,
        0.14866021064917245,
        0.14094837094955145,
        0.1339299715222791,
        0.12780365277888875,
        0.12196761167757213,
        0.1166864155848821,
        0.11166573769375682,
        0.10728302029836922,
        0.10322557618841528,
        0.09918123627618576,
        0.0956522904176265,
        0.09222726087970659
    ],
    "train_acc": [
        0.1055,
        0.8048,
        0.9009166666666667,
        0.9133333333333333,
        0.9218666666666666,
        0.9288166666666666,
        0.9347333333333333,
        0.93965,
        0.9435166666666667,
        0.9473833333333334,
        0.9504,
        0.9534333333333334,
        0.9558166666666666,
        0.9580833333333333,
        0.9603166666666667,
        0.9624833333333334,
        0.9640666666666666,
        0.9656166666666667,
        0.9673333333333334,
        0.9688166666666667,
        0.97005,
        0.9712666666666666,
        0.97195,
        0.9729666666666666,
        0.9745166666666667
    ],
    "test_loss": [
        2.3092392925262453,
        0.36318101259171964,
        0.30090809688568115,
        0.2739315564163029,
        0.2539002795673907,
        0.23657881528399885,
        0.21995667266994715,
        0.20627176407426595,
        0.19402178115174173,
        0.1822292786117643,
        0.17263541140258312,
        0.16397486791871488,
        0.15632468695063145,
        0.14953067233990877,
        0.14302062859740108,
        0.13856898421160876,
        0.1323659406742081,
        0.12866260579358788,
        0.12341805918328463,
        0.12023045582417399,
        0.1176017965032719,
        0.11359697455698624,
        0.11246642006393522,
        0.10939168076422065,
        0.10716276369234547
    ],
    "test_acc": [
        0.1053,
        0.8968,
        0.9132,
        0.9241,
        0.9278,
        0.9327,
        0.9373,
        0.9397,
        0.9442,
        0.9452,
        0.9488,
        0.952,
        0.9536,
        0.9564,
        0.9587,
        0.9599,
        0.962,
        0.9627,
        0.9638,
        0.9648,
        0.966,
        0.9667,
        0.9663,
        0.9677,
        0.9683
    ]
}