{
    "train_loss": [
        2.305674257342021,
        0.6455313806603352,
        0.3136762129098177,
        0.26549184952949484,
        0.23099015344431004,
        0.20461158825606107,
        0.18276242013846836,
        0.16511764203446608,
        0.15084451169508198,
        0.13848117274306715,
        0.1279233078630641,
        0.11900507391175875,
        0.11131159600776931,
        0.10434291701093316,
        0.09793729313006624,
        0.09266110509460171,
        0.08779722695611417,
        0.08317938985523457,
        0.07912523110626886,
        0.07527880436507985,
        0.07185087590698774,
        0.06878256672381734,
        0.065874708422351,
        0.0630679982760145,
        0.060544937332564344
    ],
    "train_acc": [
        0.10793333333333334,
        0.8397166666666667,
        0.9102166666666667,
        0.9240333333333334,
        0.9347333333333333,
        0.9420666666666667,
        0.9482333333333334,
        0.9532,
        0.9581166666666666,
        0.96145,
        0.9642833333333334,
        0.96645,
        0.9688166666666667,
        0.9706333333333333,
        0.9726333333333333,
        0.97385,
        0.9756333333333334,
        0.97665,
        0.9780833333333333,
        0.9789166666666667,
        0.9800333333333333,
        0.9809666666666667,
        0.9816,
        0.98275,
        0.98335
    ],
    "test_loss": [
        2.3052435230255126,
        0.33420388291329145,
        0.2770494890719652,
        0.23730099073946476,
        0.21346709773018957,
        0.18869815588891506,
        0.17627560488060118,
        0.1586812625657767,
        0.14968501702807843,
        0.13969075870383532,
        0.13024457045197488,
        0.12485843419320881,
        0.1175909797708504,
        0.11490242435019463,
        0.10926096753412858,
        0.1049460010772571,
        0.10127482710694895,
        0.10022999974056147,
        0.0976645331854932,
        0.09532270913096144,
        0.09256833140328527,
        0.0929743898006156,
        0.09105764011172578,
        0.08764331387556158,
        0.0884602177020628
    ],
    "test_acc": [
        0.1066,
        0.9036,
        0.921,
        0.9332,
        0.9371,
        0.9453,
        0.9489,
        0.9539,
        0.9561,
        0.9589,
        0.9624,
        0.9646,
        0.9663,
        0.9664,
        0.9684,
        0.9691,
        0.9703,
        0.9705,
        0.9711,
        0.9719,
        0.9731,
        0.9729,
        0.9735,
        0.9743,
        0.974
    ]
}