{
    "train_loss": [
        2.2972562834421795,
        0.6354288457343976,
        0.3132208881092568,
        0.26736173239747685,
        0.23548591258376836,
        0.21025350080455343,
        0.18870311928813657,
        0.1706727173006783,
        0.15555381652588646,
        0.14286626429893076,
        0.13228880978797872,
        0.12283393907174468,
        0.11491773663945497,
        0.10756029669580361,
        0.10158173978415629,
        0.09573477535024286,
        0.09054280057729533,
        0.08570009088382746,
        0.08149908886030316,
        0.07753810438864554,
        0.07404465402706216,
        0.07064083271082491,
        0.06770128146450345,
        0.06470802923976443,
        0.06227814614692082
    ],
    "train_acc": [
        0.1213,
        0.8474833333333334,
        0.9106166666666666,
        0.9237666666666666,
        0.9334,
        0.9408333333333333,
        0.9469166666666666,
        0.9514666666666667,
        0.9557,
        0.95975,
        0.9629333333333333,
        0.96565,
        0.96795,
        0.9699666666666666,
        0.9712833333333334,
        0.9732,
        0.9750333333333333,
        0.97625,
        0.97715,
        0.9783,
        0.9798833333333333,
        0.98075,
        0.98155,
        0.9822833333333333,
        0.98315
    ],
    "test_loss": [
        2.2965717933654783,
        0.32904463396072386,
        0.27608994086533784,
        0.24314127596914767,
        0.2145406479306519,
        0.19332530122548341,
        0.17824385936632753,
        0.16454455162771045,
        0.15232607219927013,
        0.14271228465158492,
        0.13459323867019266,
        0.12821000827550888,
        0.12020366923287511,
        0.115560471610073,
        0.10860394864836707,
        0.10553553582290187,
        0.10343152514044196,
        0.09969855858655646,
        0.09517298785895109,
        0.0936294932470657,
        0.09196447319984435,
        0.08844692553104833,
        0.08830658618640154,
        0.08708684591082856,
        0.08323442102661356
    ],
    "test_acc": [
        0.1282,
        0.9069,
        0.9226,
        0.9301,
        0.9395,
        0.9447,
        0.9489,
        0.9534,
        0.9561,
        0.9601,
        0.9603,
        0.9623,
        0.9647,
        0.9661,
        0.9678,
        0.9691,
        0.9702,
        0.971,
        0.9711,
        0.9715,
        0.973,
        0.973,
        0.9732,
        0.973,
        0.974
    ]
}