{
    "train_loss": [
        2.305674257342021,
        0.6777669375369946,
        0.32151797826687495,
        0.275836394572258,
        0.2433794052725037,
        0.21803574144517382,
        0.19647858021433154,
        0.17878789972985784,
        0.16408996544070542,
        0.15121466110479087,
        0.14016571977902204,
        0.1307090482151136,
        0.1225223682463169,
        0.115024876815329,
        0.10813926944620908,
        0.10241457854385178,
        0.09716560886881004,
        0.0922068794629847,
        0.08779332053527857,
        0.0836580270748275,
        0.07991259514878814,
        0.07653188265757635,
        0.07333003059625626,
        0.07029387041449857,
        0.06756191046697398
    ],
    "train_acc": [
        0.10793333333333334,
        0.83355,
        0.90765,
        0.9209333333333334,
        0.9308333333333333,
        0.9385166666666667,
        0.9447166666666666,
        0.9494166666666667,
        0.9539666666666666,
        0.95705,
        0.9605666666666667,
        0.9635666666666667,
        0.9655333333333334,
        0.9674666666666667,
        0.96995,
        0.97095,
        0.9731833333333333,
        0.9736833333333333,
        0.9756166666666667,
        0.97655,
        0.9774333333333334,
        0.9785166666666667,
        0.9794333333333334,
        0.9804166666666667,
        0.98125
    ],
    "test_loss": [
        2.3052435230255126,
        0.3410911652386189,
        0.28489913851171733,
        0.24815010636001825,
        0.22541661443933844,
        0.20158118978962303,
        0.18810630307532847,
        0.1714482123978436,
        0.16106515880450606,
        0.15023067151159047,
        0.1402980021128431,
        0.13439762710873038,
        0.1267264959646389,
        0.12299540762715042,
        0.11712829181523994,
        0.11256148477913812,
        0.10854314406290651,
        0.10655812256950885,
        0.10396149871181697,
        0.10117849483015015,
        0.09821695672012866,
        0.09799894002149813,
        0.09590526428874582,
        0.09253299487768672,
        0.09267231048173272
    ],
    "test_acc": [
        0.1066,
        0.9011,
        0.9199,
        0.9293,
        0.9348,
        0.9419,
        0.9449,
        0.9505,
        0.9525,
        0.9556,
        0.9589,
        0.961,
        0.9626,
        0.9647,
        0.9654,
        0.9672,
        0.9687,
        0.969,
        0.9695,
        0.9704,
        0.9715,
        0.9715,
        0.9717,
        0.973,
        0.9729
    ]
}