{
    "train_loss": [
        2.3051901514689126,
        0.6391014493058125,
        0.31572298408349353,
        0.2700042437190811,
        0.23650860030204057,
        0.2094802996367216,
        0.18795628520126145,
        0.17033427212809524,
        0.15626165628284217,
        0.14397150939852,
        0.13343478859147678,
        0.12405283401658138,
        0.11587782877882322,
        0.10860511056625595,
        0.10231557006308188,
        0.09653544156613449,
        0.09136460326158752,
        0.0865485526877145,
        0.08212800759340946,
        0.078394500558575,
        0.07465310046272353,
        0.07146442407568296,
        0.06834659097722422,
        0.06546451828967159,
        0.06266397655601613
    ],
    "train_acc": [
        0.07936666666666667,
        0.8433166666666667,
        0.9105833333333333,
        0.9233166666666667,
        0.9330333333333334,
        0.9410166666666666,
        0.9473,
        0.9521333333333334,
        0.9560166666666666,
        0.9591,
        0.9626333333333333,
        0.9653166666666667,
        0.96825,
        0.9697666666666667,
        0.9719666666666666,
        0.97335,
        0.9749,
        0.97595,
        0.9771833333333333,
        0.9785333333333334,
        0.9793166666666666,
        0.9802333333333333,
        0.98145,
        0.98205,
        0.98315
    ],
    "test_loss": [
        2.3060512508392335,
        0.3306484420090914,
        0.27788420134335756,
        0.24181873194128276,
        0.21417030098587275,
        0.1974157792456448,
        0.17527290060929954,
        0.16496078441627324,
        0.1527558572176844,
        0.1413993014557287,
        0.13350804327093066,
        0.12545418159253896,
        0.11968725080303848,
        0.11641325288061052,
        0.11174545600451528,
        0.10606814328152686,
        0.10324645134583116,
        0.10039352208040654,
        0.09742174314986915,
        0.09471764705628156,
        0.09241841943454929,
        0.09033486770610324,
        0.08703579471763223,
        0.08765579417571426,
        0.08378194509772584
    ],
    "test_acc": [
        0.077,
        0.9049,
        0.9224,
        0.932,
        0.9386,
        0.9416,
        0.9496,
        0.953,
        0.9553,
        0.9592,
        0.9614,
        0.964,
        0.9662,
        0.9671,
        0.9679,
        0.9699,
        0.9695,
        0.9704,
        0.9717,
        0.973,
        0.9728,
        0.9723,
        0.9737,
        0.9738,
        0.9748
    ]
}