{
    "train_loss": [
        2.305034884007772,
        0.6501683375100294,
        0.3136318617676695,
        0.26504001976152264,
        0.22916916546051702,
        0.20208336423660317,
        0.1813451554690798,
        0.16443336033349235,
        0.150357438782913,
        0.13860119694061576,
        0.12817182609283675,
        0.11944855824237069,
        0.11165640773853908,
        0.10495834033247084,
        0.09892321583293379,
        0.0931782976228123,
        0.08831556984347602,
        0.083924897184968,
        0.07987281844668712,
        0.0759198888410814,
        0.07280845426617501,
        0.06935487445046504,
        0.06658536678099385,
        0.06385509818376352,
        0.06116498221098445
    ],
    "train_acc": [
        0.07181666666666667,
        0.84265,
        0.9112166666666667,
        0.9244,
        0.9350833333333334,
        0.94375,
        0.94935,
        0.954,
        0.9580333333333333,
        0.9618333333333333,
        0.9638666666666666,
        0.9668833333333333,
        0.9688333333333333,
        0.97125,
        0.9727166666666667,
        0.9745166666666667,
        0.9758833333333333,
        0.9772166666666666,
        0.9780666666666666,
        0.9789,
        0.9799333333333333,
        0.9811833333333333,
        0.9822,
        0.9827166666666667,
        0.9832833333333333
    ],
    "test_loss": [
        2.3044456077575686,
        0.3332284090280533,
        0.2749340106293559,
        0.23537736931964756,
        0.2082834710262716,
        0.1861124298978597,
        0.17179913797676563,
        0.15937651691287755,
        0.14518481913320722,
        0.13533473789785058,
        0.1295503484990448,
        0.12319568659812212,
        0.11692804785650224,
        0.11368764591701329,
        0.10765473133837804,
        0.1040636407027021,
        0.09942642479231581,
        0.09810617969390005,
        0.09465146197769791,
        0.09563823565067724,
        0.09112894185362384,
        0.08985710386550054,
        0.08801356012285687,
        0.08436504505812191,
        0.08419183873273432
    ],
    "test_acc": [
        0.0753,
        0.9062,
        0.9225,
        0.9341,
        0.9402,
        0.9465,
        0.95,
        0.9534,
        0.9581,
        0.9606,
        0.963,
        0.9642,
        0.9654,
        0.966,
        0.9685,
        0.9687,
        0.9704,
        0.9712,
        0.9717,
        0.9725,
        0.973,
        0.9733,
        0.9733,
        0.9752,
        0.9751
    ]
}