{
    "train_loss": [
        2.3051901514689126,
        0.7089430261800687,
        0.33172301628291606,
        0.2896199273896714,
        0.26118222275500497,
        0.237389633517464,
        0.21703230695885917,
        0.19951518261705836,
        0.18474165975674986,
        0.1718107969366014,
        0.16053553793976705,
        0.15059896188750863,
        0.14163840297634403,
        0.13360513697291415,
        0.12656785765172293,
        0.12007546612638981,
        0.11411051163760325,
        0.10848028916462014,
        0.10344050995418802,
        0.09898489637536308,
        0.09461107841841876,
        0.09083956042823071,
        0.08708492064435656,
        0.08367762569210803,
        0.08037406109012664
    ],
    "train_acc": [
        0.07936666666666667,
        0.8284666666666667,
        0.9048666666666667,
        0.9166333333333333,
        0.9252333333333334,
        0.9329,
        0.9386333333333333,
        0.9438166666666666,
        0.9486166666666667,
        0.95145,
        0.9550333333333333,
        0.9579,
        0.9604,
        0.9627166666666667,
        0.9649333333333333,
        0.9664166666666667,
        0.9679666666666666,
        0.9694833333333334,
        0.9711666666666666,
        0.9722166666666666,
        0.9736166666666667,
        0.9745333333333334,
        0.97575,
        0.9766166666666667,
        0.9777
    ],
    "test_loss": [
        2.3060512508392335,
        0.3468350473105907,
        0.2937371660545468,
        0.26330385328754785,
        0.24060086590126156,
        0.22383293520361186,
        0.20359388853758573,
        0.19164788387566806,
        0.17877503558024765,
        0.166711087343283,
        0.1580005990728736,
        0.1493078034583479,
        0.14251789305843413,
        0.13761834809463472,
        0.13137546653673052,
        0.12488796158134938,
        0.12118696505837143,
        0.11806341824550182,
        0.11445578828174621,
        0.11087064675716683,
        0.10813862026622519,
        0.10471024691238999,
        0.10195497656799853,
        0.10087404553564265,
        0.09720941049139947
    ],
    "test_acc": [
        0.077,
        0.9002,
        0.917,
        0.9251,
        0.9323,
        0.9356,
        0.9415,
        0.9449,
        0.9471,
        0.9516,
        0.9538,
        0.9568,
        0.9593,
        0.9608,
        0.9619,
        0.9638,
        0.9652,
        0.9652,
        0.967,
        0.9678,
        0.9688,
        0.969,
        0.9697,
        0.9698,
        0.971
    ]
}