{
    "train_loss": [
        2.3047236925125123,
        0.6989236788888772,
        0.3308633952836196,
        0.28826291909068824,
        0.2603083961804708,
        0.23722851475899417,
        0.21738669217973947,
        0.20078753044145803,
        0.18600709247800212,
        0.17299189629803102,
        0.16155616075607637,
        0.15108693522190053,
        0.14188838517355423,
        0.13347208447524656,
        0.12566129258473716,
        0.11892101170892516,
        0.11280861072639624,
        0.10697118195099756,
        0.10180640668564786,
        0.0970033939294517,
        0.09265227175249408,
        0.08877025664076209,
        0.0849533160678732,
        0.08144522509199256,
        0.07806176760435725
    ],
    "train_acc": [
        0.09708333333333333,
        0.8382333333333334,
        0.90425,
        0.91745,
        0.9258666666666666,
        0.9329166666666666,
        0.9389,
        0.9435166666666667,
        0.94745,
        0.9511166666666667,
        0.9544833333333334,
        0.95725,
        0.9600666666666666,
        0.9626,
        0.9642,
        0.9664333333333334,
        0.9683,
        0.97005,
        0.9715,
        0.9728,
        0.9745166666666667,
        0.9757333333333333,
        0.9764833333333334,
        0.97765,
        0.9789166666666667
    ],
    "test_loss": [
        2.304498468017578,
        0.3474636572510004,
        0.29200441941469907,
        0.2653775032639503,
        0.24073918984010817,
        0.22320415677055716,
        0.20545584469884634,
        0.1919901723243296,
        0.17896084309518337,
        0.16731040638051928,
        0.15711938877198844,
        0.15048147112950683,
        0.14153753128945828,
        0.13453376813735812,
        0.12888165002539753,
        0.12337495458368213,
        0.11821893169879913,
        0.11499571490809321,
        0.11018317858483642,
        0.10730444846246391,
        0.10433197026168928,
        0.10028334984853864,
        0.09798507262766361,
        0.09485423694038764,
        0.09426412822622805
    ],
    "test_acc": [
        0.0999,
        0.8988,
        0.9176,
        0.9238,
        0.9311,
        0.9349,
        0.9408,
        0.9453,
        0.947,
        0.9531,
        0.954,
        0.9573,
        0.9579,
        0.9607,
        0.9617,
        0.9636,
        0.9647,
        0.966,
        0.9669,
        0.968,
        0.9686,
        0.9699,
        0.9712,
        0.9717,
        0.9716
    ]
}