{
    "train_loss": [
        2.3051901514689126,
        0.6701165268937747,
        0.3231362173726161,
        0.27951359555522604,
        0.2483807114665707,
        0.22264558938220144,
        0.20141054033339023,
        0.18360780378580094,
        0.16916744843013584,
        0.15657296524867415,
        0.14555673264116048,
        0.13583535805406668,
        0.12730172946614524,
        0.11964520733362685,
        0.11296140753049404,
        0.10682598514112954,
        0.10126144254642229,
        0.09604943217510978,
        0.0913671700276124,
        0.08733840038391451,
        0.08329064033345009,
        0.07984039865210653,
        0.07643183096852153,
        0.0733388394675528,
        0.07031383282899235
    ],
    "train_acc": [
        0.07936666666666667,
        0.8368666666666666,
        0.9076833333333333,
        0.91975,
        0.9293833333333333,
        0.9372333333333334,
        0.9433333333333334,
        0.9485166666666667,
        0.9525166666666667,
        0.9556833333333333,
        0.9591666666666666,
        0.96185,
        0.9647666666666667,
        0.96645,
        0.9687166666666667,
        0.9706,
        0.9717333333333333,
        0.9732,
        0.9748,
        0.9757333333333333,
        0.97675,
        0.97775,
        0.9787333333333333,
        0.9796,
        0.98055
    ],
    "test_loss": [
        2.3060512508392335,
        0.3378260601311922,
        0.28549723049104214,
        0.25205692960917947,
        0.22679604164846243,
        0.20985080905631184,
        0.1880820286784321,
        0.17688408610895276,
        0.16445107731167227,
        0.15270508178714662,
        0.1442706620356068,
        0.1357457882668823,
        0.12959259680509566,
        0.1257151585739106,
        0.12030854889359326,
        0.11424650245942175,
        0.11085063840486109,
        0.10796856885328888,
        0.10484796659387648,
        0.10178270644918085,
        0.0992057948554866,
        0.09637343719350173,
        0.09338300152439624,
        0.09336568223265931,
        0.08941225908789784
    ],
    "test_acc": [
        0.077,
        0.9032,
        0.9204,
        0.9292,
        0.9362,
        0.9389,
        0.9458,
        0.949,
        0.9512,
        0.9549,
        0.9578,
        0.9605,
        0.9636,
        0.9636,
        0.9652,
        0.9673,
        0.9674,
        0.9679,
        0.9692,
        0.9707,
        0.9706,
        0.9713,
        0.9712,
        0.9717,
        0.9736
    ]
}