{
    "train_loss": [
        2.305674257342021,
        0.2841686993929247,
        0.1210777407591852,
        0.08383360297470353,
        0.06381241969568655,
        0.05197518115756878,
        0.04135488831440259,
        0.034192542638078645,
        0.027324756921336908,
        0.02260806133462999,
        0.01798993263051913,
        0.014266018400558581,
        0.011742926252531954,
        0.009548508368586287,
        0.007415519622213075,
        0.005938996646443168,
        0.005070576858659418,
        0.004091089158587723,
        0.003603311136764993,
        0.002963568858068902,
        0.002592727903019325,
        0.0022435806474730875,
        0.0019896173506851406,
        0.0017990457490405522,
        0.001580434653051346
    ],
    "train_acc": [
        0.10793333333333334,
        0.9175333333333333,
        0.9646333333333333,
        0.9753,
        0.9814333333333334,
        0.9838666666666667,
        0.9874833333333334,
        0.9894666666666667,
        0.9921833333333333,
        0.99355,
        0.99545,
        0.9967666666666667,
        0.9976166666666667,
        0.9983833333333333,
        0.9989666666666667,
        0.9993833333333333,
        0.9994833333333333,
        0.9996833333333334,
        0.9998166666666667,
        0.99985,
        0.9999166666666667,
        0.9999166666666667,
        0.9999666666666667,
        0.9999666666666667,
        1.0
    ],
    "test_loss": [
        2.3052435230255126,
        0.15782310285698622,
        0.10781201741849072,
        0.08897510429490357,
        0.08739872641493567,
        0.08315658405384747,
        0.0739952132063976,
        0.07139405392926128,
        0.07756695597733196,
        0.0742353762237588,
        0.07559939305254157,
        0.07263555462703371,
        0.07382044969639028,
        0.07329591330026342,
        0.07668771738629385,
        0.08029071821813905,
        0.07574689418740127,
        0.07848912470917731,
        0.07710558756968722,
        0.07834444375569415,
        0.0778719124190151,
        0.08053753294213875,
        0.080432251635588,
        0.08124825718118177,
        0.08158880846702889
    ],
    "test_acc": [
        0.1066,
        0.952,
        0.9663,
        0.9736,
        0.9746,
        0.9747,
        0.978,
        0.9784,
        0.977,
        0.9792,
        0.9789,
        0.9791,
        0.9792,
        0.9794,
        0.979,
        0.9793,
        0.9807,
        0.98,
        0.9807,
        0.9804,
        0.9814,
        0.9809,
        0.9811,
        0.9804,
        0.9811
    ]
}