{
    "train_loss": [
        2.303097758293152,
        0.30590933712224166,
        0.13720144714014604,
        0.09147327888853227,
        0.06813333683193196,
        0.053460398446846136,
        0.04349666199194423,
        0.0350587186367833,
        0.028494840140422455,
        0.02332085496764242,
        0.01887137671356322,
        0.015550489976893974,
        0.01266859533881337,
        0.010468719102098354,
        0.008716667460239235,
        0.00726950913999511,
        0.006097475709161033,
        0.005184460885216807,
        0.004365728848958285,
        0.00375737645357558,
        0.0032740121749253374,
        0.0028043164786002613,
        0.002488412253193246,
        0.002204090747207859,
        0.0019594273639681127
    ],
    "train_acc": [
        0.10706666666666667,
        0.9136833333333333,
        0.95965,
        0.9735666666666667,
        0.9804833333333334,
        0.9843333333333333,
        0.9873833333333333,
        0.99015,
        0.9921666666666666,
        0.9942,
        0.9958166666666667,
        0.9971333333333333,
        0.99795,
        0.9985,
        0.9988666666666667,
        0.9993333333333333,
        0.9995166666666667,
        0.9996666666666667,
        0.9997333333333334,
        0.99985,
        0.9998833333333333,
        0.9999333333333333,
        0.99995,
        0.9999666666666667,
        1.0
    ],
    "test_loss": [
        2.3041049377441407,
        0.16835125893764197,
        0.1140514137676917,
        0.08988923809994012,
        0.07707452292630915,
        0.07189124686437426,
        0.07138263513639104,
        0.07021233553590718,
        0.06880631713842159,
        0.07286744796004496,
        0.07236930735965434,
        0.07076255089449114,
        0.07171250535365725,
        0.07270508433476644,
        0.07389334202328172,
        0.07331967624076496,
        0.07438660274948161,
        0.07598389169103757,
        0.07799702937596222,
        0.07841647142430634,
        0.07902699075742807,
        0.08055025200311634,
        0.08061221024849254,
        0.08171588740861808,
        0.08238280986042268
    ],
    "test_acc": [
        0.1043,
        0.9508,
        0.9648,
        0.9716,
        0.9758,
        0.9772,
        0.9779,
        0.9777,
        0.9787,
        0.9776,
        0.9796,
        0.9791,
        0.9795,
        0.9792,
        0.9787,
        0.9801,
        0.9795,
        0.9792,
        0.9797,
        0.98,
        0.9796,
        0.9796,
        0.9792,
        0.9792,
        0.9795
    ]
}