{
    "train_loss": [
        2.305034884007772,
        0.3115734490496417,
        0.14032221385911106,
        0.09507201038757339,
        0.07057475611732031,
        0.05543243162472111,
        0.044961851430498065,
        0.036740335752729635,
        0.030057435393168512,
        0.0246764724085869,
        0.020131060493928574,
        0.01644370001724116,
        0.013839788205709677,
        0.011188202275504591,
        0.009588664392631957,
        0.007853085356515173,
        0.0066124317331486965,
        0.00556753542927648,
        0.0046795673069026334,
        0.0040503546422956185,
        0.003461279739083693,
        0.0029750929745339058,
        0.0026657207611697534,
        0.002319230660452244,
        0.0020804098400994007
    ],
    "train_acc": [
        0.07181666666666667,
        0.91245,
        0.9603,
        0.9725333333333334,
        0.97895,
        0.98395,
        0.98725,
        0.9896333333333334,
        0.9920666666666667,
        0.99395,
        0.99535,
        0.9967666666666667,
        0.9973833333333333,
        0.9985833333333334,
        0.99885,
        0.9991166666666667,
        0.99945,
        0.9996166666666667,
        0.9996666666666667,
        0.9997666666666667,
        0.9998666666666667,
        0.99995,
        0.99995,
        0.9999833333333333,
        0.9999666666666667
    ],
    "test_loss": [
        2.3044456077575686,
        0.16748328106179833,
        0.1153901192358695,
        0.09599168918873184,
        0.0835632771524135,
        0.07770443396831397,
        0.07471520616153139,
        0.07429103959221393,
        0.07124511778000742,
        0.06895056976502383,
        0.06873671660595573,
        0.07113714963144158,
        0.07235268388608675,
        0.06986926592209275,
        0.06981189572105359,
        0.07088096568055516,
        0.07176277555089072,
        0.07359588229751171,
        0.07239096443948029,
        0.07472148666252687,
        0.07525044711448936,
        0.07662600278337568,
        0.07723951318449881,
        0.07734288792412244,
        0.07826795840523605
    ],
    "test_acc": [
        0.0753,
        0.9503,
        0.9656,
        0.9699,
        0.974,
        0.974,
        0.977,
        0.9782,
        0.9791,
        0.9789,
        0.979,
        0.9786,
        0.979,
        0.9797,
        0.9801,
        0.9802,
        0.9805,
        0.9796,
        0.9803,
        0.9806,
        0.98,
        0.9808,
        0.98,
        0.9809,
        0.9801
    ]
}