{
    "train_loss": [
        2.304665460205078,
        0.279875317701449,
        0.12003278905941794,
        0.08218456871351228,
        0.0621099090141089,
        0.04911556275757806,
        0.04007879360793547,
        0.03253358699914922,
        0.026222107842052356,
        0.02125924407665734,
        0.017110066875452565,
        0.013410286370828544,
        0.011380885054088382,
        0.008658871264874142,
        0.006788130119757261,
        0.0056225323143153216,
        0.004586699097604772,
        0.0037873935464557387,
        0.0032248424413561226,
        0.0026926904071489237,
        0.0023115895836045637,
        0.0020718964600312576,
        0.0018621909703877768,
        0.0016760351797338595,
        0.0015104335750205033
    ],
    "train_acc": [
        0.08203333333333333,
        0.91875,
        0.9638166666666667,
        0.9755,
        0.9817333333333333,
        0.9852333333333333,
        0.988,
        0.99025,
        0.9928166666666667,
        0.9943666666666666,
        0.9956333333333334,
        0.9970833333333333,
        0.9977666666666667,
        0.9985333333333334,
        0.9990833333333333,
        0.9994166666666666,
        0.9996166666666667,
        0.9997166666666667,
        0.9998,
        0.9998666666666667,
        0.99995,
        0.9999666666666667,
        0.9999833333333333,
        0.9999833333333333,
        1.0
    ],
    "test_loss": [
        2.3036648399353026,
        0.17129821849986912,
        0.09981683887168766,
        0.07921664748988114,
        0.08225461270571686,
        0.07323938460024074,
        0.06921201240572845,
        0.06680597994386044,
        0.06157857466077694,
        0.0657306305873848,
        0.06522444846463187,
        0.06816885665328737,
        0.06614667283141207,
        0.06870184176779212,
        0.06795321574704867,
        0.06813491901007791,
        0.06640211577178225,
        0.06766059716183895,
        0.06706092653602723,
        0.06828856178783652,
        0.06913724030540434,
        0.06930129769740315,
        0.06954582382854824,
        0.06972517942916925,
        0.07073096862879884
    ],
    "test_acc": [
        0.0829,
        0.9462,
        0.9683,
        0.9753,
        0.9735,
        0.9771,
        0.977,
        0.9798,
        0.9796,
        0.979,
        0.9791,
        0.9784,
        0.9799,
        0.9787,
        0.9792,
        0.9797,
        0.9802,
        0.9798,
        0.9801,
        0.9798,
        0.98,
        0.9803,
        0.9807,
        0.9802,
        0.9803
    ]
}