{
    "train_loss": [
        2.3047236925125123,
        0.2962124764882028,
        0.1302379954992483,
        0.08897449703980237,
        0.06749867430546631,
        0.05365122030318404,
        0.042626663568941875,
        0.03433971319676105,
        0.028547165405696434,
        0.022580990573829816,
        0.018880178490815646,
        0.015091264424472804,
        0.011978609007526635,
        0.009845412222682353,
        0.007982394193663882,
        0.006527197756151387,
        0.0054909072930254,
        0.004522286364883378,
        0.0038229721301044264,
        0.0032723254300449298,
        0.0027589277146742763,
        0.0024589018924784834,
        0.002267635134973595,
        0.0019776057570035544,
        0.0017760825817661802
    ],
    "train_acc": [
        0.09708333333333333,
        0.9152166666666667,
        0.9614666666666667,
        0.9743,
        0.9797,
        0.9844666666666667,
        0.9872666666666666,
        0.9905333333333334,
        0.9922166666666666,
        0.99435,
        0.9953166666666666,
        0.9967333333333334,
        0.9980666666666667,
        0.9985333333333334,
        0.9989833333333333,
        0.9992833333333333,
        0.9995,
        0.9997833333333334,
        0.9997833333333334,
        0.9998666666666667,
        0.9999333333333333,
        0.9999333333333333,
        0.9999,
        0.9999833333333333,
        0.9999666666666667
    ],
    "test_loss": [
        2.304498468017578,
        0.15305434689633549,
        0.10863523734128103,
        0.08776047653108836,
        0.07873132269454654,
        0.07370767550006276,
        0.07150199432999943,
        0.07889189648148895,
        0.06777082259931486,
        0.07436450464854716,
        0.06917091576624662,
        0.07049931797663449,
        0.06816271516928755,
        0.07133136379760763,
        0.07109146472516223,
        0.07175895800123216,
        0.07187381988005145,
        0.07453237319210712,
        0.07320936125464668,
        0.07463478865994456,
        0.07495893830070799,
        0.07750931988333996,
        0.07685911877831796,
        0.07676622941435285,
        0.07843059941671822
    ],
    "test_acc": [
        0.0999,
        0.9549,
        0.9691,
        0.9741,
        0.9751,
        0.9763,
        0.9783,
        0.9758,
        0.9787,
        0.9776,
        0.979,
        0.979,
        0.9804,
        0.9795,
        0.9804,
        0.9803,
        0.9802,
        0.9806,
        0.9804,
        0.9801,
        0.9806,
        0.9803,
        0.9805,
        0.9809,
        0.9808
    ]
}