{
    "train_loss": [
        2.3091942808151247,
        0.29779283058568834,
        0.1296953766937057,
        0.08906120663333374,
        0.06762720946193827,
        0.05375736980182895,
        0.04378602121600415,
        0.03566476597721145,
        0.029157271080000404,
        0.023521257859433535,
        0.019507525833239198,
        0.015531026433757991,
        0.012674053284389083,
        0.01036872933064563,
        0.008342970557099033,
        0.006990688439431809,
        0.005759246838030716,
        0.004836598559452007,
        0.004009889653636128,
        0.003385486953786403,
        0.0029930961783010087,
        0.00263993069679982,
        0.0022594013896524907,
        0.0020330072321359843,
        0.0018139790186327445
    ],
    "train_acc": [
        0.1055,
        0.9144666666666666,
        0.9623,
        0.9736,
        0.9805,
        0.9844833333333334,
        0.98715,
        0.9895166666666667,
        0.9916666666666667,
        0.9938333333333333,
        0.99525,
        0.99665,
        0.9978333333333333,
        0.99845,
        0.9988666666666667,
        0.9992333333333333,
        0.9994333333333333,
        0.9996333333333334,
        0.9997166666666667,
        0.9998666666666667,
        0.9998833333333333,
        0.9999,
        0.9999833333333333,
        0.9999166666666667,
        1.0
    ],
    "test_loss": [
        2.3092392925262453,
        0.15374830200523137,
        0.1041561468988657,
        0.09158983221843373,
        0.08392119499081746,
        0.07741130496701226,
        0.07012351809774409,
        0.07104126728347036,
        0.07078902090420888,
        0.0704908292686363,
        0.06825470882926311,
        0.0673168960038136,
        0.0709696945580119,
        0.07285147338947591,
        0.07216059848000696,
        0.0726078241496376,
        0.07235983371816637,
        0.07499555499343732,
        0.07578962264338443,
        0.07501899005403366,
        0.07716331011811481,
        0.07770851576023646,
        0.07855870377751713,
        0.0798534917505332,
        0.08080026387928901
    ],
    "test_acc": [
        0.1053,
        0.9565,
        0.9686,
        0.9734,
        0.9745,
        0.9765,
        0.9786,
        0.978,
        0.9777,
        0.9775,
        0.9794,
        0.9804,
        0.9788,
        0.979,
        0.9792,
        0.9792,
        0.9792,
        0.9792,
        0.9795,
        0.98,
        0.9794,
        0.9798,
        0.9796,
        0.9798,
        0.979
    ]
}