{
    "train_loss": [
        2.3056429417292277,
        0.27511003448708604,
        0.11871456316867843,
        0.08412724796463736,
        0.06515878041097894,
        0.050858823186461816,
        0.041729098528276276,
        0.03482577487321105,
        0.028143021342857295,
        0.022963182915128225,
        0.01863597690689421,
        0.014952024703779413,
        0.012380990473300334,
        0.009171608397295373,
        0.007622017580071982,
        0.005692721847214731,
        0.005067613006037853,
        0.003768720544456725,
        0.0030453042502895187,
        0.0024995506445465556,
        0.002214712996578116,
        0.0018747176878089855,
        0.001705883283874573,
        0.0015273982189568567,
        0.001378541110098854
    ],
    "train_acc": [
        0.07833333333333334,
        0.9199166666666667,
        0.9643666666666667,
        0.9739166666666667,
        0.97995,
        0.9839166666666667,
        0.987,
        0.98955,
        0.9917666666666667,
        0.9931333333333333,
        0.9948,
        0.9961,
        0.9968833333333333,
        0.9981666666666666,
        0.9986833333333334,
        0.9992666666666666,
        0.9992833333333333,
        0.9997,
        0.99975,
        0.9999166666666667,
        0.9999666666666667,
        0.99995,
        1.0,
        1.0,
        1.0
    ],
    "test_loss": [
        2.3049506702423095,
        0.13236164547465742,
        0.09638226183038205,
        0.0896037964214338,
        0.08360464262021705,
        0.0707483523046365,
        0.08497509879486752,
        0.07073719318443909,
        0.0749797302979292,
        0.06882985600562097,
        0.07726956914046022,
        0.07100738835558586,
        0.06951247704841163,
        0.06981918839673945,
        0.06762546763454648,
        0.07286600130757816,
        0.07011618013420425,
        0.06892309627320406,
        0.07088968634294918,
        0.07321272420078109,
        0.07234016182681807,
        0.07420693515218117,
        0.0731214867241973,
        0.07457318774234765,
        0.0737247365386562
    ],
    "test_acc": [
        0.0826,
        0.9611,
        0.9688,
        0.9727,
        0.973,
        0.979,
        0.9722,
        0.978,
        0.9769,
        0.9784,
        0.9769,
        0.9794,
        0.9801,
        0.9793,
        0.9796,
        0.98,
        0.98,
        0.9799,
        0.9807,
        0.9802,
        0.9803,
        0.9794,
        0.9809,
        0.981,
        0.9805
    ]
}