{
    "train_loss": [
        2.3056429417292277,
        0.2863037998200705,
        0.12375607487984623,
        0.08612491527876506,
        0.06564373487730045,
        0.05194635182025377,
        0.042008306154131425,
        0.03445083689901706,
        0.027531604162860216,
        0.022280918878653515,
        0.017967284970628196,
        0.015102287843476126,
        0.011962287482614192,
        0.00919894902050249,
        0.007930973665399505,
        0.006551614031651965,
        0.005108644939686216,
        0.0043204376025797195,
        0.0035040817912398475,
        0.0029756763146448367,
        0.002534596436180103,
        0.002199843091300371,
        0.001969719039751635,
        0.0017572197283994531,
        0.0015824383346684499
    ],
    "train_acc": [
        0.07833333333333334,
        0.9180833333333334,
        0.9630666666666666,
        0.9741333333333333,
        0.9801,
        0.9842166666666666,
        0.9874,
        0.99,
        0.9921333333333333,
        0.9939,
        0.9955333333333334,
        0.9960166666666667,
        0.9974166666666666,
        0.9984166666666666,
        0.9988333333333334,
        0.9990333333333333,
        0.99945,
        0.9997,
        0.9998,
        0.9999166666666667,
        0.9999333333333333,
        0.99995,
        0.9999833333333333,
        1.0,
        1.0
    ],
    "test_loss": [
        2.3049506702423095,
        0.1429040518866852,
        0.10235363803962245,
        0.0895408312249463,
        0.08127957612606697,
        0.074055706331681,
        0.07402893525354448,
        0.0730183925073885,
        0.07091876530276568,
        0.07127413569214987,
        0.07417002869983698,
        0.07001385073324745,
        0.0714550138879782,
        0.07035946537990785,
        0.07028399972192928,
        0.0730482942309045,
        0.07298088602906627,
        0.07229335795979733,
        0.07306349270059523,
        0.07493098876940112,
        0.0753131875531973,
        0.07641694890356548,
        0.07586026791435206,
        0.07668542114537999,
        0.07665229611102702
    ],
    "test_acc": [
        0.0826,
        0.9587,
        0.9679,
        0.9726,
        0.9751,
        0.9773,
        0.9766,
        0.9773,
        0.9779,
        0.9796,
        0.9791,
        0.9794,
        0.9787,
        0.9806,
        0.9801,
        0.981,
        0.9804,
        0.9796,
        0.9801,
        0.9805,
        0.98,
        0.9803,
        0.9812,
        0.9809,
        0.9805
    ]
}