{
    "train_loss": [
        2.305674257342021,
        0.3142375904844453,
        0.13918272425246736,
        0.09405671365962674,
        0.07039959094656321,
        0.05605980344411607,
        0.04465934414544997,
        0.03681122150055405,
        0.029755263688229023,
        0.02465233637424729,
        0.020195049163158302,
        0.01653503128213221,
        0.013788390777495807,
        0.011375317588403414,
        0.009290011531113971,
        0.007765610376172845,
        0.006674448213341141,
        0.005547990042090108,
        0.004834355001891163,
        0.004108819487248487,
        0.003595454940988111,
        0.0030853159677078413,
        0.0027684570187996695,
        0.002402371297115413,
        0.0021359779092862256
    ],
    "train_acc": [
        0.10793333333333334,
        0.9111,
        0.9599166666666666,
        0.9724333333333334,
        0.9797333333333333,
        0.9832666666666666,
        0.9866666666666667,
        0.9893333333333333,
        0.9919833333333333,
        0.9935833333333334,
        0.9951833333333333,
        0.9963,
        0.9973166666666666,
        0.99835,
        0.9989,
        0.9992666666666666,
        0.9994333333333333,
        0.9995833333333334,
        0.9996833333333334,
        0.9997666666666667,
        0.9998333333333334,
        0.9998333333333334,
        0.9998666666666667,
        0.9999833333333333,
        0.9999666666666667
    ],
    "test_loss": [
        2.3052435230255126,
        0.1814822296857834,
        0.12291531483167782,
        0.09593471950837411,
        0.09059803363273386,
        0.08338547060154379,
        0.07810386482143077,
        0.07388627967776847,
        0.07592872886077676,
        0.07630268085306598,
        0.0736408331525352,
        0.07283273535787593,
        0.07278481771629959,
        0.07301589541349313,
        0.07663398637217542,
        0.07627907536090789,
        0.07735406227226158,
        0.08034712850418355,
        0.08026621082646906,
        0.0796366606231612,
        0.08011802204510692,
        0.0854891147284608,
        0.08322492729803116,
        0.083508159690117,
        0.08478296976283765
    ],
    "test_acc": [
        0.1066,
        0.946,
        0.9621,
        0.9712,
        0.9719,
        0.9753,
        0.9764,
        0.9766,
        0.9772,
        0.9766,
        0.9772,
        0.979,
        0.9787,
        0.9788,
        0.9781,
        0.9783,
        0.9788,
        0.978,
        0.9785,
        0.9787,
        0.9784,
        0.9778,
        0.9778,
        0.9784,
        0.9783
    ]
}