{
    "train_loss": [
        2.3091942808151247,
        0.3144192312027017,
        0.14089213723136734,
        0.09663545570696394,
        0.07360174416418498,
        0.05850420373029386,
        0.04773598824345196,
        0.038969365361569606,
        0.03211628891416767,
        0.026305634387778505,
        0.021922105076793135,
        0.017739235457247315,
        0.01489794381792987,
        0.012142494854700635,
        0.01018871984685417,
        0.008514516740663567,
        0.007155963453747548,
        0.006034187226893239,
        0.005103289919208934,
        0.004347140580118746,
        0.0038155425748240303,
        0.0033141155462752675,
        0.0028531999502696332,
        0.002543003266708168,
        0.0022387792761517705
    ],
    "train_acc": [
        0.1055,
        0.9110666666666667,
        0.95895,
        0.9715166666666667,
        0.9786833333333333,
        0.9834666666666667,
        0.9864833333333334,
        0.9892166666666666,
        0.9913333333333333,
        0.9936333333333334,
        0.9950166666666667,
        0.9962,
        0.9972666666666666,
        0.9982,
        0.9985666666666667,
        0.9989666666666667,
        0.9993,
        0.9994,
        0.9995833333333334,
        0.9997166666666667,
        0.9997333333333334,
        0.9998333333333334,
        0.9998833333333333,
        0.9998833333333333,
        0.9999666666666667
    ],
    "test_loss": [
        2.3092392925262453,
        0.16867773965187371,
        0.11287832286795602,
        0.09630608945414423,
        0.08881420916507486,
        0.07985294954020064,
        0.0767717268174165,
        0.07618577318756142,
        0.07507140563220019,
        0.07360632705737372,
        0.0713230815297662,
        0.07223179919340328,
        0.07429621723934615,
        0.07493052900170515,
        0.07529494879304476,
        0.07727788289702185,
        0.07634753441342491,
        0.07836238068376297,
        0.07792623608495615,
        0.07822361011990861,
        0.08135690428703672,
        0.08245343535439884,
        0.0822872476468688,
        0.08327238680663664,
        0.08450653854992145
    ],
    "test_acc": [
        0.1053,
        0.9512,
        0.9664,
        0.9718,
        0.974,
        0.9763,
        0.977,
        0.9765,
        0.9781,
        0.9784,
        0.979,
        0.9787,
        0.9778,
        0.9789,
        0.9787,
        0.9774,
        0.9794,
        0.9772,
        0.9787,
        0.9784,
        0.9779,
        0.9775,
        0.9778,
        0.9777,
        0.978
    ]
}