{
    "train_loss": [
        2.2972562834421795,
        0.2826084310910354,
        0.12119478395550201,
        0.08371747505155702,
        0.06363594646513618,
        0.050421844193316065,
        0.04092953760802241,
        0.032614998143117795,
        0.02567188932582794,
        0.021237708043682507,
        0.017414867514936,
        0.013606197894810854,
        0.010767326759617087,
        0.008520943495002696,
        0.006734392134846954,
        0.005456899317332136,
        0.004527353715422275,
        0.0037913851871372267,
        0.003239954087786282,
        0.0026968656266595646,
        0.0023361849133623613,
        0.002078023797448835,
        0.0018930224035203385,
        0.0016968609987583175,
        0.0015419888993621423
    ],
    "train_acc": [
        0.1213,
        0.9191,
        0.9642666666666667,
        0.97535,
        0.9804166666666667,
        0.9856833333333334,
        0.9877333333333334,
        0.99075,
        0.9928833333333333,
        0.9943,
        0.9953333333333333,
        0.9967833333333334,
        0.9979666666666667,
        0.9986,
        0.99915,
        0.9993833333333333,
        0.9997166666666667,
        0.9997833333333334,
        0.9998333333333334,
        0.9999,
        0.9999666666666667,
        0.99995,
        0.9999666666666667,
        0.9999833333333333,
        0.9999833333333333
    ],
    "test_loss": [
        2.2965717933654783,
        0.1507273536125198,
        0.1018233210249804,
        0.09731516573822592,
        0.07761680795790162,
        0.07685651111592307,
        0.07016552308108658,
        0.07782704756623134,
        0.073555992182935,
        0.0680115081831449,
        0.07459275811124025,
        0.06887193093115493,
        0.06639089992000737,
        0.0707212631213828,
        0.06927876003330075,
        0.07066629340209046,
        0.0715105815075684,
        0.0708116239529937,
        0.07229138105964189,
        0.0731449001610099,
        0.07433808920601587,
        0.07319149391610424,
        0.0762489267856193,
        0.07492030348098615,
        0.0747918010777728
    ],
    "test_acc": [
        0.1282,
        0.9535,
        0.9679,
        0.9695,
        0.9766,
        0.9754,
        0.9767,
        0.9756,
        0.9782,
        0.9794,
        0.9778,
        0.9796,
        0.9798,
        0.9792,
        0.9799,
        0.9802,
        0.9797,
        0.9797,
        0.9803,
        0.9799,
        0.9797,
        0.9808,
        0.9797,
        0.9794,
        0.9802
    ]
}