{
    "train_loss": [
        2.2972562834421795,
        0.30786790574242673,
        0.13905417293490221,
        0.09438762799163039,
        0.07076360125551777,
        0.055765538731232904,
        0.04514567300385485,
        0.036755057119209476,
        0.03017706506921677,
        0.02523583055916097,
        0.02065803930699282,
        0.016929085841525134,
        0.014149969741689953,
        0.011598984005320865,
        0.009476198507544662,
        0.007870504189496206,
        0.00661936107320677,
        0.0055925380606932475,
        0.004759725685952678,
        0.00400965508253139,
        0.003443379738948079,
        0.003013284273685228,
        0.0026448794311627354,
        0.002349629043286768,
        0.0020899465935500907
    ],
    "train_acc": [
        0.1213,
        0.91345,
        0.9595333333333333,
        0.9724166666666667,
        0.9786833333333333,
        0.9837666666666667,
        0.9872833333333333,
        0.9898166666666667,
        0.9917833333333334,
        0.9933333333333333,
        0.99495,
        0.9962,
        0.9971833333333333,
        0.9980833333333333,
        0.9989,
        0.99915,
        0.99945,
        0.99955,
        0.9997,
        0.9998,
        0.9999,
        0.9999166666666667,
        0.9999333333333333,
        0.9999833333333333,
        0.9999666666666667
    ],
    "test_loss": [
        2.2965717933654783,
        0.17463607665598394,
        0.11480527352467179,
        0.09530560004401487,
        0.08135789078357629,
        0.07530683934432454,
        0.07377833908201428,
        0.07461011693583569,
        0.06936710470688413,
        0.06740849476650619,
        0.0716359832899092,
        0.06910435764655048,
        0.0679022436347368,
        0.0711757120352835,
        0.06867537761339663,
        0.07270835609612877,
        0.07254536818894249,
        0.07266396643854905,
        0.07400997688959224,
        0.07573913731895664,
        0.07764410957710052,
        0.07633737059064488,
        0.07929742848453077,
        0.07870820565440621,
        0.07882777082578322
    ],
    "test_acc": [
        0.1282,
        0.9454,
        0.9649,
        0.9706,
        0.9755,
        0.9768,
        0.9756,
        0.977,
        0.9779,
        0.978,
        0.9776,
        0.9785,
        0.9791,
        0.9785,
        0.9795,
        0.9792,
        0.9792,
        0.9797,
        0.9796,
        0.9787,
        0.9789,
        0.9793,
        0.9785,
        0.9788,
        0.9789
    ]
}