{
    "train_loss": [
        2.3091942808151247,
        0.2780446184489876,
        0.11990042230561376,
        0.0827167268875055,
        0.06398399347719581,
        0.051118545873307934,
        0.041684974870533915,
        0.03340093689667895,
        0.027133035029882256,
        0.021612410319319073,
        0.018063944364851824,
        0.013671630833411715,
        0.010642999946669443,
        0.008172564663467347,
        0.006538909108802666,
        0.005377173983444057,
        0.004276958637495742,
        0.003474050342199128,
        0.0027845058038470597,
        0.0023617468654869907,
        0.002132952168590509,
        0.001934485685421411,
        0.0016982269510654835,
        0.00157172341216445,
        0.0014206739672783441
    ],
    "train_acc": [
        0.1055,
        0.9184833333333333,
        0.9644333333333334,
        0.9749666666666666,
        0.9803833333333334,
        0.9846,
        0.9873833333333333,
        0.9905,
        0.9918833333333333,
        0.99405,
        0.99535,
        0.9966666666666667,
        0.9978333333333333,
        0.9986333333333334,
        0.9991,
        0.9992666666666666,
        0.99965,
        0.9997333333333334,
        0.99985,
        0.99995,
        0.99995,
        0.9999,
        0.9999833333333333,
        0.9999666666666667,
        1.0
    ],
    "test_loss": [
        2.3092392925262453,
        0.13820357062257826,
        0.09533337764348834,
        0.0868470553263789,
        0.07812801755437394,
        0.08745650971671566,
        0.06957849864779855,
        0.07141398306697375,
        0.0775715492824791,
        0.07853486814119824,
        0.07064555687822867,
        0.0728384699042006,
        0.07357399291508628,
        0.07570917544586446,
        0.07788631703914661,
        0.07533958546298863,
        0.07269629855620087,
        0.07688920181055937,
        0.0757274070964042,
        0.07577684283221188,
        0.07748068002579966,
        0.07850971885406734,
        0.07932187084416101,
        0.07964994597128393,
        0.08131907159482073
    ],
    "test_acc": [
        0.1053,
        0.9602,
        0.9695,
        0.9732,
        0.9749,
        0.9725,
        0.9779,
        0.9783,
        0.9769,
        0.977,
        0.9793,
        0.9789,
        0.9792,
        0.9794,
        0.978,
        0.979,
        0.9798,
        0.9797,
        0.9797,
        0.9802,
        0.9798,
        0.9795,
        0.9795,
        0.9799,
        0.9797
    ]
}