{
    "train_loss": [
        2.2988321739832562,
        0.27761450844084223,
        0.11855384080385169,
        0.08251195861725137,
        0.06353286835242374,
        0.05049439992132636,
        0.040779293433846515,
        0.03201186897520674,
        0.02654154172768661,
        0.02104375623644155,
        0.017995925553217725,
        0.013581587349426506,
        0.011407815238818998,
        0.009030946002475199,
        0.006725825399460882,
        0.005357966365080453,
        0.004507756598209744,
        0.003843362794736231,
        0.0030106289617239175,
        0.002525413214126638,
        0.002231051783554388,
        0.0019555808294747902,
        0.0017605948994501167,
        0.001555123530916228,
        0.001425263023325139
    ],
    "train_acc": [
        0.16486666666666666,
        0.9183,
        0.9646333333333333,
        0.9750666666666666,
        0.9806333333333334,
        0.9846666666666667,
        0.98745,
        0.9905333333333334,
        0.9924,
        0.9941333333333333,
        0.9951666666666666,
        0.99665,
        0.9975833333333334,
        0.9983333333333333,
        0.9991333333333333,
        0.9994,
        0.9996166666666667,
        0.9996166666666667,
        0.9998833333333333,
        0.9999166666666667,
        0.9999166666666667,
        0.99995,
        1.0,
        0.9999833333333333,
        1.0
    ],
    "test_loss": [
        2.2975090656280517,
        0.1439533007910475,
        0.09905912518524565,
        0.08431855437618214,
        0.07835663553975755,
        0.08875699992113514,
        0.06896323686198448,
        0.07342320508360863,
        0.06891453023132635,
        0.07553576311972865,
        0.07176354974661517,
        0.072810987484625,
        0.07439496804551746,
        0.07280078976892074,
        0.07140761153259427,
        0.0707073515272823,
        0.07480413545177844,
        0.07212523228950213,
        0.07364878914124924,
        0.07525207424122654,
        0.07457634554026626,
        0.07406137438992919,
        0.07570308160409027,
        0.0764196509346704,
        0.07575976233224724
    ],
    "test_acc": [
        0.167,
        0.9582,
        0.9701,
        0.9738,
        0.9769,
        0.9722,
        0.9789,
        0.9788,
        0.9792,
        0.978,
        0.9783,
        0.9792,
        0.9803,
        0.9797,
        0.9812,
        0.9801,
        0.9803,
        0.9808,
        0.9812,
        0.9806,
        0.9808,
        0.9813,
        0.9815,
        0.9807,
        0.9811
    ]
}