{
    "train_loss": [
        2.2972562834421795,
        0.2931480258402725,
        0.12798155677920828,
        0.08755724953527873,
        0.06595338080078364,
        0.0520909730173725,
        0.042158603814872915,
        0.03378017219147102,
        0.027353922257428834,
        0.022671466881242424,
        0.0182871388499625,
        0.0145515535094118,
        0.012090549457227219,
        0.009618611742288098,
        0.0077060673361205164,
        0.0063381830442460945,
        0.0052664750876116155,
        0.004404411231673961,
        0.0037664053282606496,
        0.003107638659568905,
        0.0027145899852301226,
        0.002395770053818099,
        0.0021450492281346973,
        0.001932395061422873,
        0.0017544732605002688
    ],
    "train_acc": [
        0.1213,
        0.9173166666666667,
        0.9625333333333334,
        0.9744166666666667,
        0.9801333333333333,
        0.9851166666666666,
        0.98755,
        0.99045,
        0.9926833333333334,
        0.9941166666666666,
        0.99565,
        0.9968833333333333,
        0.9977,
        0.99845,
        0.99905,
        0.9994166666666666,
        0.9996,
        0.9996833333333334,
        0.9997833333333334,
        0.9999333333333333,
        0.99995,
        0.9999666666666667,
        0.99995,
        0.9999833333333333,
        0.9999666666666667
    ],
    "test_loss": [
        2.2965717933654783,
        0.16048816880760713,
        0.10579757063863798,
        0.09552295092630665,
        0.0775551352521521,
        0.07298793477130822,
        0.06999862581548805,
        0.07579620712007164,
        0.06933637779576603,
        0.06570387676630053,
        0.07311778933395471,
        0.06807001941713134,
        0.06504277894371407,
        0.0696142654612273,
        0.06816999573724715,
        0.07032606196835041,
        0.07029296935978063,
        0.07177147790067748,
        0.07110496432540249,
        0.07273689487614256,
        0.07386195352401259,
        0.07314351719204316,
        0.07513853190452624,
        0.07464419570271845,
        0.07492767927702504
    ],
    "test_acc": [
        0.1282,
        0.95,
        0.9672,
        0.9698,
        0.9762,
        0.9764,
        0.9772,
        0.9764,
        0.9778,
        0.9778,
        0.9778,
        0.9797,
        0.9807,
        0.9784,
        0.9801,
        0.9797,
        0.9795,
        0.9792,
        0.9799,
        0.9786,
        0.9793,
        0.9797,
        0.9804,
        0.9793,
        0.9794
    ]
}