{
    "train_loss": [
        2.3091942808151247,
        0.2739645415307954,
        0.11832898860626544,
        0.08181981601541241,
        0.06398331495213788,
        0.05060985443209065,
        0.04174299782339367,
        0.033368518235938005,
        0.02668223097256802,
        0.022293386059022546,
        0.019096507762675175,
        0.01321722539424627,
        0.010086152292923846,
        0.008637026138325503,
        0.0062694313643194615,
        0.005031915048701558,
        0.004123441219495832,
        0.0031674088738662854,
        0.002652245963110818,
        0.0022597308435560385,
        0.0020171468563630695,
        0.0018425529048849663,
        0.00163203963518669,
        0.00148296377457566,
        0.0013868763164421657
    ],
    "train_acc": [
        0.1055,
        0.9190833333333334,
        0.96475,
        0.9750666666666666,
        0.98045,
        0.9845833333333334,
        0.9872166666666666,
        0.9898333333333333,
        0.9919666666666667,
        0.9938,
        0.99465,
        0.9967,
        0.9978666666666667,
        0.9984666666666666,
        0.9991166666666667,
        0.9994166666666666,
        0.9996833333333334,
        0.9998666666666667,
        0.9999,
        0.9999333333333333,
        0.99995,
        0.99995,
        1.0,
        0.9999833333333333,
        1.0
    ],
    "test_loss": [
        2.3092392925262453,
        0.13800661250650884,
        0.09746857305676676,
        0.08621603954773163,
        0.07401634256374091,
        0.0803102354579838,
        0.06664759930546861,
        0.07084477397495066,
        0.07162047647918662,
        0.08058757827910594,
        0.06986393483402134,
        0.06916766183597792,
        0.06960771188116778,
        0.07339702920678429,
        0.07322715635982713,
        0.07152524630133412,
        0.0708038510031879,
        0.07512696792187817,
        0.073481338857011,
        0.07327939912767334,
        0.07581243978029648,
        0.07544994124168257,
        0.07561936634402727,
        0.07636908565301964,
        0.07756489404273298
    ],
    "test_acc": [
        0.1053,
        0.9589,
        0.9691,
        0.9729,
        0.977,
        0.9752,
        0.9787,
        0.9795,
        0.9785,
        0.9773,
        0.9796,
        0.9809,
        0.9799,
        0.9795,
        0.9791,
        0.9802,
        0.9806,
        0.9807,
        0.9806,
        0.981,
        0.9802,
        0.9808,
        0.9813,
        0.9804,
        0.9809
    ]
}