{
    "train_loss": [
        2.305674257342021,
        0.2711313656804462,
        0.11553369664140045,
        0.08100627164236114,
        0.06236895469217561,
        0.05128261493637304,
        0.040530552827985955,
        0.03452891979632841,
        0.02703483179883721,
        0.022459531806403053,
        0.018185159122338517,
        0.014589779460635327,
        0.012313326002386991,
        0.009088549904170214,
        0.007052259601737629,
        0.005220568504575689,
        0.0042177405097445445,
        0.0034828171796320627,
        0.002853477856412428,
        0.0024192358951606366,
        0.002106592696091563,
        0.0018563295416366902,
        0.0016995890223450525,
        0.0015342657503458364,
        0.0013679294851021307
    ],
    "train_acc": [
        0.10793333333333334,
        0.92055,
        0.9658833333333333,
        0.9757333333333333,
        0.9811333333333333,
        0.9838,
        0.9874666666666667,
        0.9891333333333333,
        0.9918833333333333,
        0.9935166666666667,
        0.9948333333333333,
        0.9961166666666667,
        0.9967,
        0.9981166666666667,
        0.9988833333333333,
        0.99935,
        0.9995666666666667,
        0.9997166666666667,
        0.9998833333333333,
        0.9999333333333333,
        0.9999833333333333,
        0.9999666666666667,
        0.9999666666666667,
        0.9999666666666667,
        1.0
    ],
    "test_loss": [
        2.3052435230255126,
        0.14503453123960644,
        0.10141846832192969,
        0.08919254732949193,
        0.083343873254559,
        0.07903212443419033,
        0.06945304833312403,
        0.07023601343573245,
        0.07819150999715493,
        0.07269733141115575,
        0.07283382999433888,
        0.0715365660637166,
        0.06765372129500756,
        0.06775269031697426,
        0.07008790662776464,
        0.07699378636791035,
        0.07027624046277378,
        0.07279491080379981,
        0.07198847952584783,
        0.07173235341970476,
        0.07107792289179465,
        0.0737916501558016,
        0.07383364919299984,
        0.07440935584622135,
        0.07480458483427257
    ],
    "test_acc": [
        0.1066,
        0.9559,
        0.9683,
        0.9741,
        0.9754,
        0.9776,
        0.9793,
        0.9786,
        0.9769,
        0.9793,
        0.9796,
        0.98,
        0.9816,
        0.9815,
        0.9813,
        0.9793,
        0.9814,
        0.9804,
        0.9812,
        0.9821,
        0.9818,
        0.9812,
        0.9813,
        0.9815,
        0.9816
    ]
}