{
    "train_loss": [
        2.3051901514689126,
        0.31521442482570805,
        0.1425939210916559,
        0.097492718586574,
        0.07333935295746973,
        0.05813915839794402,
        0.04665856150082934,
        0.03831663367581786,
        0.031571389538189394,
        0.0262889520404482,
        0.021680483673499354,
        0.017863701701675987,
        0.01483586118883007,
        0.0123866491597854,
        0.010424838453542421,
        0.00856862382793018,
        0.00720966050466753,
        0.006096701858078026,
        0.005129355820244685,
        0.004433147767585221,
        0.0038313897072244194,
        0.003266010071601522,
        0.0028561328314265664,
        0.002513383641541365,
        0.0022232762100049814
    ],
    "train_acc": [
        0.07936666666666667,
        0.9102333333333333,
        0.9593,
        0.9720333333333333,
        0.9785666666666667,
        0.9828666666666667,
        0.9867166666666667,
        0.9891833333333333,
        0.9913666666666666,
        0.9928833333333333,
        0.9947333333333334,
        0.9962,
        0.99705,
        0.9978666666666667,
        0.99845,
        0.9988166666666667,
        0.9993,
        0.9994833333333333,
        0.99965,
        0.9997333333333334,
        0.99985,
        0.9998833333333333,
        0.9999166666666667,
        0.9999333333333333,
        0.9999833333333333
    ],
    "test_loss": [
        2.3060512508392335,
        0.17088409162163734,
        0.11637239558892325,
        0.10114768746285699,
        0.08384083645129577,
        0.08107936474436428,
        0.07677594852973707,
        0.079133537301654,
        0.07293005594581191,
        0.07351272297175455,
        0.07603367502312612,
        0.07246241028234363,
        0.07340659185743206,
        0.07657495359673484,
        0.07647866635912359,
        0.07838653940448258,
        0.07990567976173871,
        0.08100918673425722,
        0.08163699921989155,
        0.08232834470217468,
        0.08368447124829051,
        0.08459945920568084,
        0.085951636775612,
        0.08714393573562182,
        0.0884011975204841
    ],
    "test_acc": [
        0.077,
        0.951,
        0.9648,
        0.9697,
        0.9747,
        0.9755,
        0.9774,
        0.9758,
        0.9777,
        0.9766,
        0.9767,
        0.9775,
        0.9768,
        0.9773,
        0.9773,
        0.9775,
        0.977,
        0.9773,
        0.9777,
        0.9777,
        0.9777,
        0.9782,
        0.9784,
        0.9776,
        0.9786
    ]
}