{
    "train_loss": [
        2.305674257342021,
        0.2744032896490768,
        0.11661890874483312,
        0.08195292987052817,
        0.06278338795923628,
        0.05171988186597979,
        0.040696184249598685,
        0.034802970650772716,
        0.027177781601733297,
        0.022583352829565896,
        0.01821033220617683,
        0.014566312951383104,
        0.012227776681925753,
        0.009039393581144153,
        0.007074904632489325,
        0.005608681614285403,
        0.004883407208214218,
        0.0037008932745181784,
        0.003303385258960831,
        0.0026839073598537806,
        0.002325403917406629,
        0.001994069290004245,
        0.0018197495777435733,
        0.0016209491975072675,
        0.0014629593850911799
    ],
    "train_acc": [
        0.10793333333333334,
        0.9197166666666666,
        0.96545,
        0.9753666666666667,
        0.9814833333333334,
        0.9837166666666667,
        0.9874,
        0.98935,
        0.9919666666666667,
        0.99345,
        0.9949666666666667,
        0.9965,
        0.9971166666666667,
        0.9982833333333333,
        0.99905,
        0.9993,
        0.9993833333333333,
        0.9997166666666667,
        0.9998,
        0.9999166666666667,
        0.9999333333333333,
        0.9999833333333333,
        0.9999666666666667,
        0.9999666666666667,
        1.0
    ],
    "test_loss": [
        2.3052435230255126,
        0.1523681019814685,
        0.10065681250197812,
        0.09059859790264163,
        0.08394804472860415,
        0.08291746081592283,
        0.07212669416546123,
        0.07049732138410618,
        0.0762929090087302,
        0.07450371953302529,
        0.07220037927357334,
        0.06962415319221509,
        0.06861405840157021,
        0.06888119619119752,
        0.07053755577061893,
        0.07361668540492529,
        0.07078303959305776,
        0.07326764257154296,
        0.07296740112566395,
        0.07353788491319015,
        0.07199435495240748,
        0.07508857382453624,
        0.0756237145482965,
        0.07557359708877562,
        0.07641061603079774
    ],
    "test_acc": [
        0.1066,
        0.9539,
        0.9679,
        0.9729,
        0.9743,
        0.9739,
        0.9787,
        0.9792,
        0.9768,
        0.9792,
        0.9799,
        0.9809,
        0.9813,
        0.9817,
        0.9807,
        0.9793,
        0.9807,
        0.9809,
        0.9811,
        0.9798,
        0.9813,
        0.9802,
        0.9808,
        0.9807,
        0.9812
    ]
}