{
    "train_loss": [
        2.303097758293152,
        0.29114693887097143,
        0.12779476366086553,
        0.08614680050429888,
        0.06505616457203092,
        0.051175306730212956,
        0.04152586126592166,
        0.03386056542076403,
        0.026843927042304615,
        0.021999546553926,
        0.01753604497703297,
        0.014316184963944155,
        0.011435510202694907,
        0.009515813081287827,
        0.007743659078514126,
        0.006245046082061647,
        0.005257395811121751,
        0.0044154163292631585,
        0.0036878886103055264,
        0.0031734831818446764,
        0.0027267636326915256,
        0.0024009754134185035,
        0.002115473653099737,
        0.0018970998771541266,
        0.0017094224836128736
    ],
    "train_acc": [
        0.10706666666666667,
        0.9168166666666666,
        0.9622666666666667,
        0.9751333333333333,
        0.9808,
        0.9850166666666667,
        0.9880166666666667,
        0.9905833333333334,
        0.9926666666666667,
        0.9946666666666667,
        0.9959833333333333,
        0.9972666666666666,
        0.9980166666666667,
        0.9984333333333333,
        0.99905,
        0.9994333333333333,
        0.9995166666666667,
        0.9996833333333334,
        0.99975,
        0.9998833333333333,
        0.9999333333333333,
        0.9999666666666667,
        0.9999833333333333,
        0.9999833333333333,
        1.0
    ],
    "test_loss": [
        2.3041049377441407,
        0.15827815466448664,
        0.11153038303889334,
        0.08753630344020202,
        0.0762758583953837,
        0.07050802503221203,
        0.07072272475474164,
        0.06907527776593342,
        0.06625917399193713,
        0.07414106489207915,
        0.07283853732674034,
        0.06982089976094794,
        0.07118878031440182,
        0.07168382444589952,
        0.0722850746185286,
        0.07128118760275584,
        0.0716613754241278,
        0.07376062290463015,
        0.07527407430433614,
        0.07566213694752078,
        0.0765442451689943,
        0.077983464016374,
        0.07753522649527535,
        0.07898016570119797,
        0.07988960850709807
    ],
    "test_acc": [
        0.1043,
        0.9543,
        0.9657,
        0.9726,
        0.9762,
        0.9777,
        0.9789,
        0.9789,
        0.9786,
        0.9776,
        0.9782,
        0.9793,
        0.9802,
        0.9795,
        0.9796,
        0.9799,
        0.9804,
        0.9807,
        0.9803,
        0.9805,
        0.9799,
        0.9795,
        0.9801,
        0.9793,
        0.98
    ]
}