{
    "train_loss": [
        2.3056429417292277,
        0.2779159384753555,
        0.11993831524802372,
        0.08422287878356874,
        0.06511957283744123,
        0.05079002849572959,
        0.041749799518452105,
        0.034477576475495396,
        0.02776810437433693,
        0.022073906088621396,
        0.01863011103044652,
        0.014619603369232693,
        0.011855863945270297,
        0.008985137608441923,
        0.007612815712426648,
        0.005770247039995229,
        0.004772677263832513,
        0.0039354376041947645,
        0.003074264626756182,
        0.002545194249058204,
        0.0022520651854837826,
        0.0019313253570786705,
        0.0017269701746791763,
        0.001588539296265147,
        0.0014234310176228367
    ],
    "train_acc": [
        0.07833333333333334,
        0.9200166666666667,
        0.9639833333333333,
        0.9747,
        0.9800833333333333,
        0.9841,
        0.9872166666666666,
        0.9895833333333334,
        0.9916833333333334,
        0.9941666666666666,
        0.9948,
        0.9961333333333333,
        0.9971,
        0.9983,
        0.9985833333333334,
        0.9994,
        0.9995166666666667,
        0.9996,
        0.9998166666666667,
        0.9999166666666667,
        0.9999333333333333,
        0.9999666666666667,
        0.9999833333333333,
        1.0,
        1.0
    ],
    "test_loss": [
        2.3049506702423095,
        0.13527834039926528,
        0.09736385002192109,
        0.09118973431016784,
        0.07833509109215811,
        0.06986058655608794,
        0.07458118857839727,
        0.07239962704808568,
        0.07125504000418696,
        0.06694979485336516,
        0.07530671364553128,
        0.0679848047044521,
        0.06804101046176715,
        0.06914269536264728,
        0.06689288943968849,
        0.06865233215101353,
        0.06835574854923397,
        0.06643097256116935,
        0.06861952531220195,
        0.06967819307802428,
        0.07098236864903501,
        0.07157506793882076,
        0.07105068197540326,
        0.07145082961417788,
        0.07126321959942435
    ],
    "test_acc": [
        0.0826,
        0.9587,
        0.9685,
        0.9727,
        0.9747,
        0.9797,
        0.9769,
        0.9775,
        0.9789,
        0.9795,
        0.9774,
        0.98,
        0.9794,
        0.9786,
        0.9812,
        0.9803,
        0.9809,
        0.9814,
        0.9808,
        0.9809,
        0.9809,
        0.9802,
        0.9814,
        0.9808,
        0.9812
    ]
}