{
    "train_loss": [
        2.3056429417292277,
        0.29727532972730697,
        0.1294498317441903,
        0.08935817114890864,
        0.06817372888569564,
        0.05360338804364049,
        0.042785690715094096,
        0.03489711008919403,
        0.02832765582324355,
        0.023011534995539113,
        0.018989402181841676,
        0.015295742853184736,
        0.012644709477323341,
        0.010014903331189514,
        0.00824450525404039,
        0.006832506130622217,
        0.005567322839212238,
        0.0046928559423926345,
        0.0039360314061640264,
        0.0033533876774921737,
        0.002898678654090054,
        0.0024964442166376254,
        0.0021954709406802066,
        0.0019691746194221652,
        0.001758396258764075
    ],
    "train_acc": [
        0.07833333333333334,
        0.9158,
        0.9612833333333334,
        0.9732,
        0.9796333333333334,
        0.9838,
        0.9873333333333333,
        0.9902333333333333,
        0.9919666666666667,
        0.9939666666666667,
        0.99555,
        0.9966166666666667,
        0.9972666666666666,
        0.9983,
        0.9989833333333333,
        0.9992666666666666,
        0.9994666666666666,
        0.99965,
        0.9997833333333334,
        0.9999,
        0.9999,
        0.99995,
        1.0,
        0.9999666666666667,
        0.9999833333333333
    ],
    "test_loss": [
        2.3049506702423095,
        0.15604709781575948,
        0.1082750039880164,
        0.09102128825746476,
        0.08240642416561023,
        0.07479524844115368,
        0.07347503998029278,
        0.07155464686314808,
        0.0671902754456969,
        0.07122857263070728,
        0.07129727168454993,
        0.07155674397984439,
        0.07062015173975605,
        0.07099610278502533,
        0.0697212346632883,
        0.07188544783902562,
        0.07265871000171782,
        0.07252314068198065,
        0.07442557732129244,
        0.07603570230763025,
        0.07672441526223191,
        0.07917929363226638,
        0.07769289439758659,
        0.07809663296190761,
        0.07901470611975961
    ],
    "test_acc": [
        0.0826,
        0.9544,
        0.9663,
        0.9722,
        0.9743,
        0.9757,
        0.9772,
        0.9767,
        0.9801,
        0.9789,
        0.979,
        0.9792,
        0.9797,
        0.9788,
        0.98,
        0.9795,
        0.9801,
        0.98,
        0.9798,
        0.9794,
        0.9801,
        0.9796,
        0.9801,
        0.9805,
        0.9802
    ]
}