{
    "train_loss": [
        2.305034884007772,
        0.2759030679219713,
        0.12006085421871394,
        0.08363685378023268,
        0.06355312249781564,
        0.050633092328646066,
        0.04106850396760274,
        0.03308491721556056,
        0.02647542162659617,
        0.021978015777302063,
        0.017078363677207622,
        0.013460941219838181,
        0.01100169609378645,
        0.008511636965217258,
        0.007551224582054359,
        0.00552433549142091,
        0.004385655701832487,
        0.0037674291893873184,
        0.002989984962208761,
        0.0024752693043707647,
        0.002131479125073474,
        0.0018803027644396933,
        0.0017393838646340707,
        0.0015378787440056157,
        0.0014356166110048585
    ],
    "train_acc": [
        0.07181666666666667,
        0.9200166666666667,
        0.96515,
        0.9748,
        0.9807833333333333,
        0.9844333333333334,
        0.9874166666666667,
        0.9902166666666666,
        0.9922666666666666,
        0.9936833333333334,
        0.9958166666666667,
        0.9968166666666667,
        0.9978,
        0.9984666666666666,
        0.9986166666666667,
        0.9993333333333333,
        0.9995333333333334,
        0.9997166666666667,
        0.99985,
        0.9999333333333333,
        0.9999833333333333,
        0.9999833333333333,
        1.0,
        1.0,
        0.9999833333333333
    ],
    "test_loss": [
        2.3044456077575686,
        0.13831275958754122,
        0.09638606851380319,
        0.08989644294697792,
        0.07874883667053655,
        0.07445577768706717,
        0.07345896501337992,
        0.07130242234563339,
        0.07017907926631306,
        0.06749977271189127,
        0.06743518950919097,
        0.07093759399351002,
        0.07159494497994329,
        0.06504048105230649,
        0.0664097964025832,
        0.06700418189099246,
        0.06792357649822234,
        0.06863823966303466,
        0.06610839158378633,
        0.0691447981168159,
        0.06932207216669184,
        0.0710454638087974,
        0.07113794848547968,
        0.07128079500100491,
        0.07167171259534495
    ],
    "test_acc": [
        0.0753,
        0.956,
        0.9702,
        0.9716,
        0.9755,
        0.9759,
        0.9752,
        0.9784,
        0.9784,
        0.9788,
        0.9787,
        0.9807,
        0.9804,
        0.9811,
        0.9806,
        0.9814,
        0.9821,
        0.9815,
        0.9827,
        0.9822,
        0.9818,
        0.9824,
        0.9818,
        0.9825,
        0.9825
    ]
}