{
    "train_loss": [
        2.305034884007772,
        0.2962298368612925,
        0.1285663024434199,
        0.0868447039164758,
        0.06502767454885568,
        0.051247194583131934,
        0.041975602377842494,
        0.03402965621935049,
        0.027413744517958062,
        0.02251866873534794,
        0.017870957344987254,
        0.014585262455958098,
        0.011943934517702533,
        0.009668197226884027,
        0.008246375660264434,
        0.006597001997928844,
        0.005455605631407646,
        0.0045601537549113955,
        0.0037420885257118544,
        0.0032133241897150584,
        0.00275770932255867,
        0.0023990851830320327,
        0.0021704414290612175,
        0.0018989809747572697,
        0.001735012888047034
    ],
    "train_acc": [
        0.07181666666666667,
        0.9151833333333333,
        0.9635666666666667,
        0.97405,
        0.98065,
        0.9853333333333333,
        0.98775,
        0.9902833333333333,
        0.9924333333333333,
        0.9939833333333333,
        0.9957,
        0.9970166666666667,
        0.9977333333333334,
        0.9985333333333334,
        0.99885,
        0.9993166666666666,
        0.9995166666666667,
        0.9996666666666667,
        0.99985,
        0.99985,
        0.9999666666666667,
        0.9999666666666667,
        0.9999833333333333,
        1.0,
        1.0
    ],
    "test_loss": [
        2.3044456077575686,
        0.15187692227847874,
        0.1054473474567756,
        0.08988986432654783,
        0.07860635856846347,
        0.07478206987868762,
        0.07526640295984106,
        0.07142326108330162,
        0.06865269021362183,
        0.06634678338746598,
        0.0665225473837796,
        0.06888954682544864,
        0.06881347584862887,
        0.06576680448301522,
        0.06593711821417855,
        0.0680323515841159,
        0.06818309485875107,
        0.06929904371251432,
        0.06803421982162444,
        0.0705909167491107,
        0.07117206453442022,
        0.07218514802924082,
        0.07235518306548809,
        0.07255421165625557,
        0.07293765475868967
    ],
    "test_acc": [
        0.0753,
        0.9536,
        0.9686,
        0.9723,
        0.9752,
        0.9756,
        0.9762,
        0.9772,
        0.978,
        0.9779,
        0.9788,
        0.9797,
        0.9799,
        0.9809,
        0.9806,
        0.9802,
        0.9801,
        0.9797,
        0.9811,
        0.9807,
        0.9803,
        0.9802,
        0.9801,
        0.9808,
        0.9805
    ]
}