{
    "train_loss": [
        2.3047236925125123,
        0.2760666735937198,
        0.11821108399077009,
        0.08355858617105211,
        0.06475537737261038,
        0.05244979039796938,
        0.0420432738782644,
        0.03367501613728721,
        0.02810621461228778,
        0.022344841375914984,
        0.018664068927967552,
        0.014614719726640517,
        0.01147561724289917,
        0.009353971771732418,
        0.0071917887609112465,
        0.005745722456686538,
        0.004425249670851372,
        0.0036037203510646577,
        0.002956120218980201,
        0.0024957465783405648,
        0.0021712710893191647,
        0.0019947213974152796,
        0.0017901651959254992,
        0.0016137927118018676,
        0.001495829023479458
    ],
    "train_acc": [
        0.09708333333333333,
        0.9204333333333333,
        0.9645166666666667,
        0.9750666666666666,
        0.9805,
        0.9840333333333333,
        0.9872333333333333,
        0.9898,
        0.992,
        0.9935666666666667,
        0.99495,
        0.9964666666666666,
        0.9975,
        0.9982333333333333,
        0.9989,
        0.9992833333333333,
        0.9996166666666667,
        0.9997666666666667,
        0.9998833333333333,
        0.9999,
        0.9999666666666667,
        0.99995,
        0.9999833333333333,
        0.9999833333333333,
        0.9999666666666667
    ],
    "test_loss": [
        2.304498468017578,
        0.1316585105245933,
        0.10211779827275314,
        0.08467038666449953,
        0.07842206583208172,
        0.07529589573125704,
        0.06849103865907819,
        0.07661290131783462,
        0.06679297289231617,
        0.07565431591543602,
        0.07109475044891587,
        0.07977392300797365,
        0.06790271196330977,
        0.0733310391308467,
        0.07094346873991798,
        0.07114373613226053,
        0.07336747760482977,
        0.07227126418351636,
        0.07200913456539738,
        0.0720782854966883,
        0.07343518536378679,
        0.07555085087427015,
        0.07457511311029552,
        0.07414854731182254,
        0.07533380542074529
    ],
    "test_acc": [
        0.0999,
        0.9611,
        0.9706,
        0.9746,
        0.9765,
        0.9762,
        0.978,
        0.9762,
        0.9788,
        0.9779,
        0.978,
        0.9768,
        0.9808,
        0.9803,
        0.9811,
        0.9813,
        0.9809,
        0.9819,
        0.9812,
        0.9822,
        0.9819,
        0.9806,
        0.9817,
        0.9821,
        0.982
    ]
}