{
    "train_loss": [
        2.304665460205078,
        0.2916388019390404,
        0.12709312969949096,
        0.08640125087484096,
        0.06493686153562739,
        0.05151450053798811,
        0.04163066135377545,
        0.03386403493187584,
        0.027384104779271487,
        0.022038721432849222,
        0.018288510086764777,
        0.014536378677301886,
        0.012010089851992476,
        0.00954532749921115,
        0.0077640666597859915,
        0.006332239888474336,
        0.00524968030896113,
        0.004330014178328081,
        0.003809733810406821,
        0.0031230181794310737,
        0.0026847645547234305,
        0.002358069136757513,
        0.0021262135436769312,
        0.001891343989496939,
        0.001696499012895803
    ],
    "train_acc": [
        0.08203333333333333,
        0.9169833333333334,
        0.9622833333333334,
        0.97465,
        0.9807166666666667,
        0.9843,
        0.9878333333333333,
        0.99035,
        0.99245,
        0.9944333333333333,
        0.9952666666666666,
        0.9969333333333333,
        0.9976666666666667,
        0.99845,
        0.99905,
        0.9993,
        0.9995,
        0.9996666666666667,
        0.9997333333333334,
        0.9999,
        0.9999666666666667,
        0.99995,
        0.9999833333333333,
        0.9999833333333333,
        1.0
    ],
    "test_loss": [
        2.3036648399353026,
        0.17754560613818465,
        0.10238841105429455,
        0.08416896734288894,
        0.08164502810968552,
        0.07277599410412368,
        0.06871326978996513,
        0.06628445422810036,
        0.06391153455723252,
        0.06640061901623558,
        0.06723247289912906,
        0.06690723884101099,
        0.06642513749781356,
        0.06872774628662591,
        0.06731698267746324,
        0.06902844741846366,
        0.06641164991354817,
        0.0689630620809563,
        0.06802236982551213,
        0.0690375308866397,
        0.0705100731843046,
        0.07102691366087656,
        0.07019955760718312,
        0.07112394101816147,
        0.07181584500499423
    ],
    "test_acc": [
        0.0829,
        0.9446,
        0.9685,
        0.9746,
        0.9733,
        0.9784,
        0.9781,
        0.9786,
        0.9799,
        0.9788,
        0.9787,
        0.9786,
        0.9795,
        0.9788,
        0.9797,
        0.9795,
        0.9803,
        0.9791,
        0.9804,
        0.9801,
        0.9799,
        0.9801,
        0.9809,
        0.98,
        0.9804
    ]
}