{
    "train_loss": [
        2.304665460205078,
        0.30833267862002056,
        0.139899962873136,
        0.0947635628478912,
        0.0707187905783765,
        0.056144141066780624,
        0.04520610783402032,
        0.03708206880199723,
        0.030320816494136427,
        0.0249129660178946,
        0.020507086970672633,
        0.016748762916802662,
        0.01403364614208937,
        0.0114331160912711,
        0.009539290003633263,
        0.008048577602605899,
        0.006777349209237097,
        0.005674811811858793,
        0.004954640416170029,
        0.004118217818921069,
        0.003592008884793601,
        0.0031084480894228664,
        0.002733944040213161,
        0.002409862762690985,
        0.0021460907229979968
    ],
    "train_acc": [
        0.08203333333333333,
        0.91285,
        0.9592833333333334,
        0.9726333333333333,
        0.97935,
        0.9831,
        0.9869166666666667,
        0.9896,
        0.9920666666666667,
        0.99385,
        0.99535,
        0.9969166666666667,
        0.9975333333333334,
        0.99825,
        0.9986333333333334,
        0.99905,
        0.9994166666666666,
        0.9995,
        0.9996,
        0.9997833333333334,
        0.9998333333333334,
        0.9998833333333333,
        0.9999166666666667,
        0.9999166666666667,
        0.9999666666666667
    ],
    "test_loss": [
        2.3036648399353026,
        0.1879764865029603,
        0.11093510160092264,
        0.0903514759301208,
        0.08402697936156765,
        0.0757850684701465,
        0.07284690523216268,
        0.07171814441369498,
        0.06829045787737704,
        0.06966246927734755,
        0.06809526584277045,
        0.06985426447191857,
        0.06948442331903788,
        0.07221595818476344,
        0.07158399410025595,
        0.07234953989868663,
        0.07146847154451752,
        0.07308640328105066,
        0.07436156039782281,
        0.07472702053530006,
        0.07582631406099449,
        0.07613119510188766,
        0.07662563723125158,
        0.07729719947959603,
        0.07818162898785526
    ],
    "test_acc": [
        0.0829,
        0.9415,
        0.967,
        0.9733,
        0.9743,
        0.9778,
        0.9773,
        0.9788,
        0.979,
        0.9779,
        0.9783,
        0.9795,
        0.9786,
        0.9779,
        0.9781,
        0.9794,
        0.9793,
        0.9797,
        0.9795,
        0.9785,
        0.9788,
        0.9789,
        0.9786,
        0.9792,
        0.9791
    ]
}