{
    "train_loss": [
        2.3056429417292277,
        0.314583778171738,
        0.14156636230827618,
        0.09746575826499611,
        0.07405186102148145,
        0.057998830529907716,
        0.04663929630490796,
        0.038168369462760164,
        0.030952386265112243,
        0.025362982379938087,
        0.02092093647321259,
        0.01713500167823804,
        0.014034230444232526,
        0.011516880267298742,
        0.009732121080234841,
        0.008049780651743034,
        0.006652613452457505,
        0.005637309317947559,
        0.004819379757316922,
        0.004092110071586648,
        0.003523158152932653,
        0.0031078863651485943,
        0.00273297042266466,
        0.0023959719836744624,
        0.0021392011847048706
    ],
    "train_acc": [
        0.07833333333333334,
        0.9112833333333333,
        0.9581333333333333,
        0.97145,
        0.97795,
        0.9830333333333333,
        0.9863666666666666,
        0.9894833333333334,
        0.9917666666666667,
        0.9936166666666667,
        0.9951333333333333,
        0.9962333333333333,
        0.9973166666666666,
        0.9981666666666666,
        0.9987166666666667,
        0.99915,
        0.9993166666666666,
        0.9995833333333334,
        0.9995666666666667,
        0.9997666666666667,
        0.99985,
        0.9999,
        0.9999333333333333,
        0.9999666666666667,
        0.9999666666666667
    ],
    "test_loss": [
        2.3049506702423095,
        0.17363975083269179,
        0.12071037021819502,
        0.09558188753020949,
        0.08398015861879103,
        0.07835835898872465,
        0.07629499459569343,
        0.07107452316722483,
        0.06735372857966286,
        0.07139066683461642,
        0.0697926957173433,
        0.07071249547918633,
        0.07235610570276622,
        0.07281333107490355,
        0.07258322944026759,
        0.07395630627952941,
        0.07565194408241269,
        0.07539697668979102,
        0.07691853268748887,
        0.07874145617331156,
        0.07946774291742367,
        0.08120067023336934,
        0.0813000574116962,
        0.08187081166382312,
        0.08272094928131267
    ],
    "test_acc": [
        0.0826,
        0.9488,
        0.9629,
        0.9712,
        0.974,
        0.9769,
        0.9769,
        0.9776,
        0.9791,
        0.9787,
        0.9779,
        0.978,
        0.9785,
        0.9784,
        0.9785,
        0.9789,
        0.9785,
        0.9793,
        0.9792,
        0.978,
        0.979,
        0.9791,
        0.9789,
        0.9795,
        0.9791
    ]
}