{
    "train_loss": [
        2.303097758293152,
        0.27867837390402955,
        0.12022753085776543,
        0.08207983440857691,
        0.06313372003333644,
        0.05019088896943722,
        0.04107200019623463,
        0.033244431631148715,
        0.026562730321767352,
        0.0214172749615352,
        0.017243955535642938,
        0.014062438024131794,
        0.010769729954797852,
        0.009288158961737646,
        0.006882951457842986,
        0.005525794846187031,
        0.004574655918353528,
        0.0038849809617190656,
        0.003140696883389925,
        0.0026896251141913428,
        0.002365085607478166,
        0.00210187850584266,
        0.0018779049100832708,
        0.0016805127764092807,
        0.001523464973686138
    ],
    "train_acc": [
        0.10706666666666667,
        0.9195166666666666,
        0.9645833333333333,
        0.9765166666666667,
        0.9808666666666667,
        0.9852666666666666,
        0.9876,
        0.9904666666666667,
        0.9924666666666667,
        0.9943,
        0.9955666666666667,
        0.9969166666666667,
        0.9979666666666667,
        0.99835,
        0.99925,
        0.9995666666666667,
        0.99955,
        0.99975,
        0.9999166666666667,
        0.9999666666666667,
        0.99995,
        0.99995,
        0.9999833333333333,
        0.9999833333333333,
        1.0
    ],
    "test_loss": [
        2.3041049377441407,
        0.144659033126384,
        0.10611256646886467,
        0.08508882171143778,
        0.07379172408217564,
        0.07034733336800127,
        0.06977930694035604,
        0.07048595219878771,
        0.06601383403883083,
        0.07629412081915507,
        0.07268781459239398,
        0.074066101913475,
        0.0760809598597567,
        0.07172783785038118,
        0.07293478619326588,
        0.07275876462533788,
        0.07168702493539404,
        0.07394932581289822,
        0.07494207134227254,
        0.07559117490326357,
        0.07640974090579702,
        0.07969195923909447,
        0.0777126058182242,
        0.07824922093793284,
        0.07854795991819938
    ],
    "test_acc": [
        0.1043,
        0.9583,
        0.967,
        0.9731,
        0.9763,
        0.9773,
        0.9779,
        0.9777,
        0.9787,
        0.9758,
        0.9785,
        0.9791,
        0.9785,
        0.9793,
        0.9791,
        0.9796,
        0.9804,
        0.9808,
        0.9797,
        0.9797,
        0.9801,
        0.9797,
        0.9803,
        0.9804,
        0.9805
    ]
}