{
    "train_loss": [
        2.3047236925125123,
        0.31124312711705765,
        0.14332524472636482,
        0.09650492946474502,
        0.07246476223577435,
        0.0573412689882641,
        0.04606130898471456,
        0.03734803832878436,
        0.03110711536431918,
        0.025282292297831736,
        0.021144097183994986,
        0.017149554211157374,
        0.014107194550454732,
        0.011839043756636965,
        0.009685444728129369,
        0.008059669300039483,
        0.006796972215473822,
        0.005706975536980099,
        0.004851073798334619,
        0.004169141688007191,
        0.0035514150023718684,
        0.0031048858844701195,
        0.0027525128183180374,
        0.0024236154867183965,
        0.0021480352318699867
    ],
    "train_acc": [
        0.09708333333333333,
        0.91285,
        0.9579333333333333,
        0.9720833333333333,
        0.9789833333333333,
        0.9834,
        0.9864333333333334,
        0.9896166666666667,
        0.9914166666666666,
        0.9934166666666666,
        0.9948,
        0.9964666666666666,
        0.99745,
        0.998,
        0.9987833333333334,
        0.9990166666666667,
        0.9993166666666666,
        0.9995666666666667,
        0.9996833333333334,
        0.9997666666666667,
        0.9998166666666667,
        0.9999166666666667,
        0.9999333333333333,
        0.9999666666666667,
        0.9999333333333333
    ],
    "test_loss": [
        2.304498468017578,
        0.16955967059768737,
        0.11643646635934711,
        0.09292136462591588,
        0.08101663274203892,
        0.0745799779058434,
        0.07268118399804226,
        0.07404610863321869,
        0.06785403770180419,
        0.0727031573687942,
        0.06817363251780334,
        0.069934250412471,
        0.0672510318838722,
        0.06999776814053475,
        0.07060193945341635,
        0.07065154065256939,
        0.07002218841556496,
        0.07225116129431262,
        0.07187740215071772,
        0.07356581926341624,
        0.07387958615546136,
        0.07533407464951693,
        0.07632873343176175,
        0.076494337915363,
        0.07764697653221897
    ],
    "test_acc": [
        0.0999,
        0.9493,
        0.9658,
        0.973,
        0.9751,
        0.9776,
        0.9768,
        0.9767,
        0.9788,
        0.978,
        0.9807,
        0.9795,
        0.9805,
        0.9806,
        0.98,
        0.9806,
        0.9816,
        0.9803,
        0.982,
        0.9811,
        0.9815,
        0.9816,
        0.9807,
        0.981,
        0.9811
    ]
}