{
    "train_loss": [
        2.2988321739832562,
        0.31641401116475465,
        0.1458771595130985,
        0.0988170397288166,
        0.07360976447248832,
        0.0577580433541191,
        0.046818261709801544,
        0.038208876782034835,
        0.031179285896233828,
        0.025658896687509453,
        0.021189492574741113,
        0.017264741962959913,
        0.014596973907511954,
        0.012048445177519171,
        0.009830113509740961,
        0.008296316875613895,
        0.00704163763564502,
        0.005924000191911849,
        0.005077233495925612,
        0.004211236352669766,
        0.0035870540705587096,
        0.0031452473628061244,
        0.0027681836611644635,
        0.0024230296781404224,
        0.0021447239154405453
    ],
    "train_acc": [
        0.16486666666666666,
        0.91035,
        0.9577833333333333,
        0.9713166666666667,
        0.9780833333333333,
        0.9838166666666667,
        0.9868666666666667,
        0.9892166666666666,
        0.9915666666666667,
        0.99335,
        0.9948666666666667,
        0.9963166666666666,
        0.9971166666666667,
        0.99785,
        0.9987166666666667,
        0.9991166666666667,
        0.9992833333333333,
        0.99945,
        0.9996333333333334,
        0.9997666666666667,
        0.99985,
        0.9999166666666667,
        0.99995,
        0.9999833333333333,
        1.0
    ],
    "test_loss": [
        2.2975090656280517,
        0.17755623887851835,
        0.11764516880679876,
        0.09304172433232888,
        0.08333433559965342,
        0.08476232702166307,
        0.07388095446465887,
        0.07238551562061767,
        0.07057150344889523,
        0.07401788920179825,
        0.07145005894272617,
        0.07299450716280699,
        0.0744354112828616,
        0.07488508662701643,
        0.07472026287008193,
        0.07253894136623057,
        0.07464318786898057,
        0.07562584869179827,
        0.07706330553771513,
        0.07671701147111434,
        0.07658320203111543,
        0.0779030153556203,
        0.07895457593533056,
        0.07988343907724434,
        0.08022286920001961
    ],
    "test_acc": [
        0.167,
        0.948,
        0.9649,
        0.9715,
        0.9739,
        0.9739,
        0.9767,
        0.9774,
        0.9776,
        0.9776,
        0.9775,
        0.9789,
        0.9779,
        0.9786,
        0.9785,
        0.9794,
        0.98,
        0.9793,
        0.979,
        0.9797,
        0.9809,
        0.98,
        0.98,
        0.9798,
        0.9799
    ]
}