{
    "train_loss": [
        2.305674257342021,
        0.2976343051576366,
        0.12778130033177634,
        0.08659078818657436,
        0.06559129206597183,
        0.05268339622038184,
        0.04172110763784731,
        0.03438933197811712,
        0.02755521117900498,
        0.022832399663490165,
        0.018622954921527223,
        0.014752106754489796,
        0.012551630302615377,
        0.010021153497136401,
        0.007920877286550543,
        0.006573708174580679,
        0.005684302807981536,
        0.004574525436749779,
        0.004036704110698701,
        0.003365365550813355,
        0.0028986824139233553,
        0.0025459151566894433,
        0.002210147674168441,
        0.0020045094300098223,
        0.0017707205885248867
    ],
    "train_acc": [
        0.10793333333333334,
        0.91475,
        0.9628166666666667,
        0.9745166666666667,
        0.9805,
        0.9837833333333333,
        0.9876833333333334,
        0.9901333333333333,
        0.9926,
        0.9939166666666667,
        0.9954,
        0.9969333333333333,
        0.9975833333333334,
        0.9983833333333333,
        0.99905,
        0.9994333333333333,
        0.9994,
        0.9996666666666667,
        0.9997,
        0.99985,
        0.9999,
        0.9999333333333333,
        0.9999666666666667,
        0.9999833333333333,
        1.0
    ],
    "test_loss": [
        2.3052435230255126,
        0.17135805441066623,
        0.11373428952037357,
        0.089873133598594,
        0.09102827514114324,
        0.08396277040753047,
        0.07603238497774001,
        0.07139024198506377,
        0.07800740866977866,
        0.07497391629816556,
        0.07310088154496334,
        0.07269406096653984,
        0.07247275572621292,
        0.07150870716103673,
        0.0755462909978265,
        0.07688976069764612,
        0.07700783324525437,
        0.07979483621077416,
        0.07957858068457131,
        0.07879943984478942,
        0.07935404002988261,
        0.08221842514732546,
        0.0822957948664296,
        0.0829031934948294,
        0.0838675202408313
    ],
    "test_acc": [
        0.1066,
        0.9491,
        0.9647,
        0.9725,
        0.9727,
        0.9746,
        0.9768,
        0.9769,
        0.9774,
        0.9772,
        0.9786,
        0.979,
        0.9793,
        0.9797,
        0.9786,
        0.9794,
        0.9791,
        0.9789,
        0.9797,
        0.9798,
        0.9796,
        0.9795,
        0.9799,
        0.9793,
        0.9796
    ]
}