{
    "train_loss": [
        2.3091942808151247,
        0.28637534102822343,
        0.1230802885924466,
        0.08473413170441053,
        0.06505365202679143,
        0.05171432974712613,
        0.041976659444121954,
        0.0338654858431449,
        0.027600651643952975,
        0.02192052792983013,
        0.01824888310392659,
        0.013999052735824564,
        0.01107440428279903,
        0.009020265973335093,
        0.007194969683065695,
        0.005922449442782454,
        0.004749058041228939,
        0.0038820832339827877,
        0.0033367881666759784,
        0.0027654808017828145,
        0.002498891887402518,
        0.002188724955292855,
        0.001923382417846066,
        0.0017720675008434455,
        0.001583986009690231
    ],
    "train_acc": [
        0.1055,
        0.9162,
        0.9635333333333334,
        0.9747333333333333,
        0.9806,
        0.9848333333333333,
        0.9874166666666667,
        0.9899,
        0.9920166666666667,
        0.9941666666666666,
        0.99555,
        0.9969666666666667,
        0.9979666666666667,
        0.9985,
        0.9991,
        0.99935,
        0.9995833333333334,
        0.9997333333333334,
        0.9997833333333334,
        0.9999,
        0.9999166666666667,
        0.9999166666666667,
        0.99995,
        0.9999166666666667,
        1.0
    ],
    "test_loss": [
        2.3092392925262453,
        0.1454942027563229,
        0.09812597031015903,
        0.08689492077506147,
        0.0783522387117846,
        0.07947763298028149,
        0.06816205180296092,
        0.06981937327396591,
        0.07153918010247871,
        0.07218416462919558,
        0.06878059755911235,
        0.06858517116590228,
        0.06835026775585029,
        0.0717132064833404,
        0.07418363191750231,
        0.07047924786943004,
        0.07013073373259221,
        0.07355151236957991,
        0.0726484632862639,
        0.07209643093584055,
        0.0754343104037609,
        0.0752851520371543,
        0.07555497867677732,
        0.07671270859745419,
        0.07746815891035619
    ],
    "test_acc": [
        0.1053,
        0.957,
        0.9702,
        0.9737,
        0.977,
        0.975,
        0.9784,
        0.9782,
        0.9775,
        0.9783,
        0.9781,
        0.9797,
        0.9803,
        0.9797,
        0.9794,
        0.9795,
        0.9798,
        0.9804,
        0.9801,
        0.9802,
        0.9801,
        0.9805,
        0.9802,
        0.9799,
        0.9797
    ]
}