{
    "train_loss": [
        2.3051901514689126,
        0.2768134400252253,
        0.11895478921898951,
        0.08343260262875507,
        0.06481747220951753,
        0.05173201218619167,
        0.040102184336653836,
        0.0333847173943,
        0.027300911737235582,
        0.021478933360927235,
        0.018262690588329376,
        0.01439095042506524,
        0.011610710447120073,
        0.009183427824353808,
        0.007665230998405119,
        0.005754088764620974,
        0.004573663093470289,
        0.003771717443769133,
        0.003060969979546341,
        0.0025402085366712525,
        0.0022025181911727487,
        0.0019496122147546278,
        0.0017731855695253822,
        0.001626486328132781,
        0.0014597584473333123
    ],
    "train_acc": [
        0.07936666666666667,
        0.9189666666666667,
        0.9646833333333333,
        0.97545,
        0.9803666666666667,
        0.9844333333333334,
        0.9875833333333334,
        0.9902,
        0.9922166666666666,
        0.9942666666666666,
        0.9949166666666667,
        0.9965333333333334,
        0.9974666666666666,
        0.99825,
        0.9986,
        0.99915,
        0.9994666666666666,
        0.99975,
        0.9999166666666667,
        0.99995,
        0.99995,
        0.9999666666666667,
        0.9999833333333333,
        0.9999666666666667,
        0.9999833333333333
    ],
    "test_loss": [
        2.3060512508392335,
        0.1377445754474029,
        0.10152788948975504,
        0.09545357056916691,
        0.07818438061734195,
        0.07697894438491203,
        0.07409979798279237,
        0.07279734480128681,
        0.06907738087587786,
        0.06900604950576816,
        0.0730071339411079,
        0.06847175172416901,
        0.06794254877443745,
        0.07166731784200182,
        0.06980630028790165,
        0.06953888444981804,
        0.07000263312222456,
        0.07070177174929476,
        0.07032395021683076,
        0.07136959155761079,
        0.0734439894698632,
        0.07253533888344912,
        0.07301360070995283,
        0.07373435895903813,
        0.07444359092809154
    ],
    "test_acc": [
        0.077,
        0.9577,
        0.9678,
        0.969,
        0.9762,
        0.9749,
        0.9781,
        0.9771,
        0.9785,
        0.979,
        0.9784,
        0.9793,
        0.9793,
        0.9779,
        0.9792,
        0.9799,
        0.9795,
        0.9805,
        0.9796,
        0.98,
        0.9802,
        0.9802,
        0.9806,
        0.9804,
        0.9808
    ]
}