{
    "train_loss": [
        2.304665460205078,
        0.27302956522467237,
        0.11648222922639301,
        0.08088370055914856,
        0.061447247474322404,
        0.048874904586114765,
        0.03926583016616254,
        0.03218989114959259,
        0.025963233996737594,
        0.02119486922690509,
        0.01720338956208822,
        0.013392605328206264,
        0.010971548855539973,
        0.008180824481142372,
        0.006463858949576995,
        0.005372007008465456,
        0.0043400317375895,
        0.0032956545849569616,
        0.002831563996136841,
        0.0023915820999617153,
        0.002040735376215404,
        0.0018295959567343743,
        0.0016677512496061657,
        0.0014958969414536076,
        0.0013669644694766097
    ],
    "train_acc": [
        0.08203333333333333,
        0.92005,
        0.9645333333333334,
        0.9758166666666667,
        0.9814,
        0.9849666666666667,
        0.9884666666666667,
        0.9904166666666666,
        0.9926833333333334,
        0.9938833333333333,
        0.9953833333333333,
        0.9966166666666667,
        0.9975833333333334,
        0.9985333333333334,
        0.999,
        0.9993166666666666,
        0.9995,
        0.9998,
        0.9998166666666667,
        0.9999166666666667,
        0.9999666666666667,
        0.9999833333333333,
        0.9999833333333333,
        1.0,
        1.0
    ],
    "test_loss": [
        2.3036648399353026,
        0.16805221612919122,
        0.09861124422568827,
        0.07751204967531376,
        0.08366158709658776,
        0.07322604226745898,
        0.06818960611379007,
        0.06940229527371776,
        0.06377996883152519,
        0.06736240867711313,
        0.06727787785646251,
        0.06545910853305759,
        0.06569328084247081,
        0.06711841181508713,
        0.06637597651177894,
        0.06926934425144932,
        0.06835976791635044,
        0.06755135509270965,
        0.06671742562276382,
        0.06703655852629138,
        0.06807494731583844,
        0.06880255991647206,
        0.06807487763788399,
        0.06826896408182107,
        0.06945659825112899
    ],
    "test_acc": [
        0.0829,
        0.9468,
        0.9697,
        0.9755,
        0.9722,
        0.9767,
        0.9779,
        0.9788,
        0.9795,
        0.9781,
        0.9776,
        0.9792,
        0.9796,
        0.9784,
        0.9804,
        0.9792,
        0.98,
        0.9806,
        0.9803,
        0.9804,
        0.9805,
        0.981,
        0.9808,
        0.9801,
        0.9801
    ]
}