{
    "train_loss": [
        2.303097758293152,
        0.26695576733189325,
        0.1156763187073792,
        0.0809551326722838,
        0.06329327580455381,
        0.0505739897470572,
        0.04096759628954654,
        0.033679080721194625,
        0.027075696977965222,
        0.021907266359354253,
        0.016993471643826585,
        0.014581111757066053,
        0.010656800244832993,
        0.008973347810441798,
        0.006878869084535169,
        0.005099552232391034,
        0.004255095994068082,
        0.0033402946298194363,
        0.0026584567883819244,
        0.00239341573968768,
        0.0020678845651179623,
        0.0018074731217447909,
        0.0016462471701250859,
        0.0015173730203310394,
        0.0013850433792495854
    ],
    "train_acc": [
        0.10706666666666667,
        0.9213666666666667,
        0.9656333333333333,
        0.9761833333333333,
        0.9806,
        0.9844833333333334,
        0.9871333333333333,
        0.9896333333333334,
        0.9920166666666667,
        0.994,
        0.9956166666666667,
        0.9962833333333333,
        0.9978666666666667,
        0.9982666666666666,
        0.9990833333333333,
        0.9993666666666666,
        0.9996,
        0.9998666666666667,
        0.9999333333333333,
        0.9999,
        0.99995,
        1.0,
        0.9999833333333333,
        0.9999833333333333,
        1.0
    ],
    "test_loss": [
        2.3041049377441407,
        0.13713037668112665,
        0.10711772864460944,
        0.08919085819963365,
        0.07328147168800933,
        0.07033106496560212,
        0.07157444161060848,
        0.06781084331796883,
        0.06651113526904737,
        0.0722391506322645,
        0.0703960408249448,
        0.06997585805529816,
        0.07557040694819789,
        0.06961278451208709,
        0.07039401065171005,
        0.06883543563001868,
        0.0685650555923311,
        0.06950284915608936,
        0.06914033146689008,
        0.07103786405429832,
        0.07057070108339189,
        0.07245733455663089,
        0.07079438101361006,
        0.07281119816788986,
        0.07251115822841064
    ],
    "test_acc": [
        0.1043,
        0.9592,
        0.966,
        0.9716,
        0.9769,
        0.9795,
        0.9777,
        0.9793,
        0.9795,
        0.9777,
        0.9793,
        0.9792,
        0.9782,
        0.9801,
        0.98,
        0.9805,
        0.9812,
        0.9814,
        0.9813,
        0.9809,
        0.9811,
        0.9811,
        0.9809,
        0.981,
        0.9813
    ]
}