{
    "train_loss": [
        2.3051901514689126,
        0.2985179909932117,
        0.1305077514770751,
        0.0897317057027171,
        0.06765524742208266,
        0.053613150238928695,
        0.042037126927555075,
        0.03410294569073012,
        0.027784921292104022,
        0.022616518486542433,
        0.018483317496905995,
        0.015004072999570295,
        0.011984299727034521,
        0.010115148605933063,
        0.008314036950008449,
        0.006760446675254631,
        0.005523346870463683,
        0.004723486312467746,
        0.003884162213747428,
        0.003329542203786817,
        0.0029195357868036656,
        0.002494912763874375,
        0.0022279711952049182,
        0.001988350091577407,
        0.0017787699942929673
    ],
    "train_acc": [
        0.07936666666666667,
        0.9139833333333334,
        0.9620666666666666,
        0.9739166666666667,
        0.97995,
        0.9836333333333334,
        0.9875666666666667,
        0.9904666666666667,
        0.9926,
        0.99405,
        0.9955166666666667,
        0.9966666666666667,
        0.9979,
        0.99835,
        0.9987833333333334,
        0.9992,
        0.9995833333333334,
        0.99965,
        0.99985,
        0.9999166666666667,
        0.9998666666666667,
        0.9999666666666667,
        0.9999666666666667,
        0.9999666666666667,
        0.9999833333333333
    ],
    "test_loss": [
        2.3060512508392335,
        0.15302188499569894,
        0.11015456459810957,
        0.09664815244548954,
        0.08024932411084883,
        0.07923228283796925,
        0.07333434199877083,
        0.07500595804118203,
        0.07067155235180253,
        0.07283214072539995,
        0.07358293721877053,
        0.0713970173781745,
        0.07063481979303433,
        0.07293817092030586,
        0.07260921385532355,
        0.07453370507648042,
        0.07572232661638181,
        0.07771873971261462,
        0.07742390108651848,
        0.07864946401795908,
        0.07868443656963037,
        0.0800833612292294,
        0.08031216335714607,
        0.0814009353685914,
        0.08272874134203194
    ],
    "test_acc": [
        0.077,
        0.9557,
        0.9661,
        0.9692,
        0.9745,
        0.9738,
        0.9783,
        0.9777,
        0.9779,
        0.9774,
        0.9769,
        0.9789,
        0.9791,
        0.979,
        0.9782,
        0.9788,
        0.9794,
        0.9785,
        0.9796,
        0.9783,
        0.9784,
        0.9792,
        0.9791,
        0.9787,
        0.9789
    ]
}