{
    "train_loss": [
        2.3047236925125123,
        0.28502014761517447,
        0.12299643779999266,
        0.08531063182416061,
        0.06559083620961756,
        0.052333059301010024,
        0.04202371507127924,
        0.03355234344969116,
        0.027669479097173218,
        0.0221374675869835,
        0.01842407702554871,
        0.014617495105400788,
        0.011564033686795058,
        0.009191155403412995,
        0.007422642193409896,
        0.0059637402421284305,
        0.004832615723261794,
        0.003978837386282248,
        0.0033524465014302526,
        0.0027811101017395532,
        0.0024042185587873064,
        0.0021674544153477276,
        0.0019625300914199216,
        0.0017482401073516485,
        0.0015961575781451
    ],
    "train_acc": [
        0.09708333333333333,
        0.9183166666666667,
        0.9635,
        0.9746833333333333,
        0.9800666666666666,
        0.9844833333333334,
        0.9875166666666667,
        0.9904333333333334,
        0.9923166666666666,
        0.9939666666666667,
        0.9953666666666666,
        0.9965166666666667,
        0.9977666666666667,
        0.9983333333333333,
        0.9989,
        0.9992166666666666,
        0.9995666666666667,
        0.99975,
        0.9998166666666667,
        0.9998833333333333,
        0.99995,
        0.99995,
        0.99995,
        0.9999833333333333,
        0.9999666666666667
    ],
    "test_loss": [
        2.304498468017578,
        0.14059061497822403,
        0.10380202633868903,
        0.08579094026167877,
        0.07707400435501477,
        0.07608057662007632,
        0.07231903956129099,
        0.07704479038671125,
        0.07062537681349786,
        0.07787291270544229,
        0.07264958853905847,
        0.07202716170029017,
        0.06877111683026815,
        0.07419715856292314,
        0.07187462406567065,
        0.07317805296657971,
        0.0726246450710938,
        0.07497933200817679,
        0.07252538641008105,
        0.07571235880811983,
        0.07438579431073636,
        0.07652071953837353,
        0.07627977084258446,
        0.07575951087900458,
        0.07785436841833826
    ],
    "test_acc": [
        0.0999,
        0.9589,
        0.9689,
        0.9748,
        0.9757,
        0.9761,
        0.9778,
        0.9762,
        0.9789,
        0.9777,
        0.9778,
        0.9788,
        0.9799,
        0.9791,
        0.9798,
        0.9797,
        0.9809,
        0.9803,
        0.9805,
        0.98,
        0.9807,
        0.9805,
        0.9806,
        0.9809,
        0.9804
    ]
}