{
    "train_loss": [
        2.2972562834421795,
        0.27386246625271937,
        0.11669530149465426,
        0.0808298321541554,
        0.06202640767251918,
        0.0495378980322741,
        0.039956940742003885,
        0.032167298013693654,
        0.025469320124703033,
        0.02077351584321356,
        0.01674864392340096,
        0.013016448395952465,
        0.010765640040940586,
        0.008343244712260518,
        0.006284351818228606,
        0.0051003649550556175,
        0.0042068444574710154,
        0.003435165176438507,
        0.0028981899759477226,
        0.0023885280942745643,
        0.0020640696033558926,
        0.0018675297708918,
        0.0017352707775143094,
        0.001566349261394521,
        0.0014340408220381582
    ],
    "train_acc": [
        0.1213,
        0.92105,
        0.9654666666666667,
        0.9758666666666667,
        0.9809,
        0.9852333333333333,
        0.9881166666666666,
        0.99055,
        0.9925833333333334,
        0.9941166666666666,
        0.9956166666666667,
        0.9967833333333334,
        0.9977666666666667,
        0.9984833333333333,
        0.9992,
        0.99945,
        0.9996166666666667,
        0.9997666666666667,
        0.9998833333333333,
        0.9999,
        0.99995,
        0.9999666666666667,
        0.9999666666666667,
        0.9999833333333333,
        0.9999833333333333
    ],
    "test_loss": [
        2.2965717933654783,
        0.14395342780100182,
        0.09884081862363964,
        0.09382512722744141,
        0.07897673413371667,
        0.07699276936801616,
        0.06982252184539102,
        0.08080204764855443,
        0.0743283474086973,
        0.06737675491800328,
        0.07006376316624519,
        0.06695353754051248,
        0.06559186589403944,
        0.06600121123725021,
        0.06706749530827946,
        0.06711157349507939,
        0.06887183085346803,
        0.06932884245398664,
        0.06985812400181858,
        0.06958177706726479,
        0.07152370868636408,
        0.06944361088146377,
        0.07133790753415924,
        0.0715450005602412,
        0.07105942336919645
    ],
    "test_acc": [
        0.1282,
        0.9559,
        0.971,
        0.971,
        0.9759,
        0.9765,
        0.978,
        0.9764,
        0.9775,
        0.9804,
        0.9799,
        0.9807,
        0.9808,
        0.9808,
        0.9811,
        0.9818,
        0.9822,
        0.9807,
        0.9818,
        0.9821,
        0.9814,
        0.9821,
        0.9821,
        0.9819,
        0.9823
    ]
}