{
    "train_loss": [
        2.2988321739832562,
        0.28636644558459523,
        0.12336387008223683,
        0.08462217379726159,
        0.06420765494680963,
        0.05086186802617934,
        0.04093837027694875,
        0.0324856822574841,
        0.02691173529981752,
        0.02091648577171048,
        0.017504546269792868,
        0.013865445697002966,
        0.011426642926681597,
        0.009311107314625647,
        0.006899496900790594,
        0.005827007277457354,
        0.0050668778086372795,
        0.004001962226959465,
        0.003383154883427778,
        0.002836929128417281,
        0.002391641572938109,
        0.0021553628964564573,
        0.0019167744859901025,
        0.0016944463885433681,
        0.0015452174389669684
    ],
    "train_acc": [
        0.16486666666666666,
        0.9163333333333333,
        0.9632166666666667,
        0.9744833333333334,
        0.9802,
        0.9849,
        0.98755,
        0.9908166666666667,
        0.9923,
        0.9943,
        0.99565,
        0.9967333333333334,
        0.9977833333333334,
        0.9984333333333333,
        0.9991666666666666,
        0.9994166666666666,
        0.9994333333333333,
        0.9997166666666667,
        0.99985,
        0.9998833333333333,
        0.9999666666666667,
        0.9999,
        0.9999833333333333,
        0.9999833333333333,
        1.0
    ],
    "test_loss": [
        2.2975090656280517,
        0.15066383210811765,
        0.1003740262642037,
        0.08143969510975294,
        0.08002801263001748,
        0.08534325860440731,
        0.0676712485635595,
        0.06869186643701104,
        0.07024130843456951,
        0.07268482125163864,
        0.06795461130004915,
        0.06786603184157139,
        0.07019939645359263,
        0.06748648088563568,
        0.07060829643555298,
        0.06756547045695897,
        0.06985591441080141,
        0.07077841128933997,
        0.06984078879434201,
        0.07247343791326416,
        0.07058818909478873,
        0.07179782433116548,
        0.07255836687519222,
        0.07387071998962165,
        0.07273516564768008
    ],
    "test_acc": [
        0.167,
        0.9556,
        0.9686,
        0.9748,
        0.9762,
        0.973,
        0.9796,
        0.9794,
        0.9785,
        0.979,
        0.9796,
        0.9808,
        0.98,
        0.9807,
        0.9806,
        0.9809,
        0.9807,
        0.9809,
        0.9817,
        0.9807,
        0.9815,
        0.9812,
        0.9812,
        0.9813,
        0.9816
    ]
}