{
    "train_loss": [
        2.3051901514689126,
        0.2859515040171643,
        0.12326320828522246,
        0.08585939342756756,
        0.06502739272529726,
        0.05173703297066192,
        0.0405561145386581,
        0.03352333795557885,
        0.026771624726764275,
        0.021904032302073512,
        0.018014520443816826,
        0.01432665585417999,
        0.011557113391140107,
        0.009642889353110513,
        0.0077378694705362554,
        0.0060125176775682725,
        0.0048634588592080035,
        0.004314985175252574,
        0.0034492812123784766,
        0.0028427349203186776,
        0.0024590059313534312,
        0.002151973783193777,
        0.0019385428455396929,
        0.001757591568963259,
        0.0015815602079812681
    ],
    "train_acc": [
        0.07936666666666667,
        0.91755,
        0.96345,
        0.97465,
        0.9804333333333334,
        0.9845833333333334,
        0.98745,
        0.9900666666666667,
        0.9924666666666667,
        0.9940666666666667,
        0.9954,
        0.9970833333333333,
        0.9976666666666667,
        0.99845,
        0.9989166666666667,
        0.99925,
        0.99965,
        0.99955,
        0.9998166666666667,
        0.99995,
        0.99995,
        0.9999833333333333,
        0.9999833333333333,
        0.9999833333333333,
        1.0
    ],
    "test_loss": [
        2.3060512508392335,
        0.1438465223953128,
        0.10773062878157944,
        0.09485998458128889,
        0.07772699524688069,
        0.07870453178497847,
        0.07624923955528065,
        0.07329582915639912,
        0.07169638976288116,
        0.07111136382386321,
        0.07514269642279833,
        0.07054745054216656,
        0.07136518074930355,
        0.07357619236100363,
        0.07358270367738969,
        0.07262725012057654,
        0.07444602328604483,
        0.07469985732788137,
        0.074490802027678,
        0.07545028924942325,
        0.07676804914820812,
        0.07751393954685454,
        0.07857493786233481,
        0.07886480755421933,
        0.07977317576295603
    ],
    "test_acc": [
        0.077,
        0.9564,
        0.9672,
        0.9698,
        0.9767,
        0.9745,
        0.9759,
        0.977,
        0.9782,
        0.9771,
        0.9777,
        0.979,
        0.9789,
        0.979,
        0.9794,
        0.9795,
        0.9801,
        0.9798,
        0.9803,
        0.9804,
        0.9803,
        0.9799,
        0.9805,
        0.98,
        0.9805
    ]
}