{
    "train_loss": [
        2.305034884007772,
        0.28426164913674196,
        0.12246189104147877,
        0.08363973593732031,
        0.06333386961280679,
        0.05045404223131482,
        0.0411799414130083,
        0.033586440736810136,
        0.026928505097439243,
        0.022726177596110696,
        0.017498260332462816,
        0.013932287897162799,
        0.011653734307335253,
        0.009216804170238053,
        0.007854346520687977,
        0.0060329299554125705,
        0.004886498482472113,
        0.004118001070030611,
        0.0033644919806517766,
        0.002790241468863769,
        0.002467846141993444,
        0.0021270790125231843,
        0.001966416435505971,
        0.001724685095852979,
        0.0015926270716536085
    ],
    "train_acc": [
        0.07181666666666667,
        0.9183166666666667,
        0.9644666666666667,
        0.9751,
        0.981,
        0.9844833333333334,
        0.9873333333333333,
        0.9903166666666666,
        0.9922666666666666,
        0.9937166666666667,
        0.9953333333333333,
        0.9970833333333333,
        0.99765,
        0.9982166666666666,
        0.9986833333333334,
        0.9992666666666666,
        0.9994666666666666,
        0.9997333333333334,
        0.9998166666666667,
        0.9999166666666667,
        0.9999833333333333,
        0.9999833333333333,
        0.9999833333333333,
        1.0,
        1.0
    ],
    "test_loss": [
        2.3044456077575686,
        0.14345830274894833,
        0.09877025037957356,
        0.08687975969957187,
        0.07997208739349153,
        0.07565326062403328,
        0.07342948799986625,
        0.07205669805321668,
        0.07035298566342972,
        0.0679578172523834,
        0.06534613152572129,
        0.07089139295670611,
        0.06959848286938104,
        0.06495928335876287,
        0.06647874033017706,
        0.06615336708082596,
        0.06644981027215108,
        0.0690277383337736,
        0.06789945168072091,
        0.06968099675274998,
        0.06960766193269079,
        0.07120595557501465,
        0.07151773215002177,
        0.07156506644305073,
        0.07192832035030096
    ],
    "test_acc": [
        0.0753,
        0.955,
        0.9695,
        0.9741,
        0.9745,
        0.9755,
        0.9755,
        0.9771,
        0.9784,
        0.9779,
        0.9783,
        0.9788,
        0.9793,
        0.9803,
        0.9794,
        0.9801,
        0.9811,
        0.9802,
        0.9811,
        0.9811,
        0.9813,
        0.9806,
        0.9805,
        0.9806,
        0.9805
    ]
}