{
    "train_loss": [
        2.2988321739832562,
        0.3003179602975647,
        0.13235740772020071,
        0.09034575327659647,
        0.06752582044063601,
        0.05310785775993912,
        0.04306614661042501,
        0.03477197584123739,
        0.028404699459918387,
        0.02298084774306141,
        0.01892366733031716,
        0.015242543503940397,
        0.012832622373083299,
        0.010303311453551577,
        0.008104545036013102,
        0.0068594231454103165,
        0.005822499893273258,
        0.004795715442360612,
        0.004126510573709917,
        0.0034105141410370986,
        0.002914113189219036,
        0.002563034270522136,
        0.0022852321602597233,
        0.0020081234037570236,
        0.0017932666056951953
    ],
    "train_acc": [
        0.16486666666666666,
        0.9135833333333333,
        0.9613666666666667,
        0.9726333333333333,
        0.97955,
        0.9846333333333334,
        0.9873333333333333,
        0.9898333333333333,
        0.9923,
        0.994,
        0.9954333333333333,
        0.99655,
        0.99755,
        0.9982833333333333,
        0.99905,
        0.9992833333333333,
        0.9994666666666666,
        0.9995833333333334,
        0.9997666666666667,
        0.99985,
        0.9999333333333333,
        0.9999166666666667,
        0.9999666666666667,
        0.9999666666666667,
        1.0
    ],
    "test_loss": [
        2.2975090656280517,
        0.16171069291345774,
        0.1070767921523191,
        0.08348338355130981,
        0.08105059121217346,
        0.08432974676520098,
        0.06666651587945525,
        0.06795953332841746,
        0.06643020508492045,
        0.07172067025810393,
        0.06679688536013709,
        0.0672444349741265,
        0.06887167022938666,
        0.06840578239653733,
        0.06972877531648955,
        0.06760812140866856,
        0.06870788798213306,
        0.06930585771525238,
        0.0707253596765665,
        0.07166068471292893,
        0.07061000238444849,
        0.07214416757523427,
        0.0730524135533708,
        0.07392022666720673,
        0.07394960201638201
    ],
    "test_acc": [
        0.167,
        0.9527,
        0.968,
        0.9748,
        0.9753,
        0.974,
        0.9788,
        0.9791,
        0.9794,
        0.9789,
        0.9793,
        0.9803,
        0.98,
        0.9799,
        0.9806,
        0.9812,
        0.9802,
        0.9808,
        0.9806,
        0.9807,
        0.9808,
        0.9807,
        0.9815,
        0.9811,
        0.981
    ]
}