{
    "train_loss": [
        2.303097758293152,
        0.2697382909440746,
        0.11603463468383998,
        0.08125615389659069,
        0.06289523865956968,
        0.05009794881605,
        0.040466475651519916,
        0.03331940751239696,
        0.027025854382307927,
        0.02139740152352897,
        0.016903005191836563,
        0.014024589270269887,
        0.010545146537872339,
        0.00918921705665404,
        0.006922325902006075,
        0.005422823937146313,
        0.004314350256106809,
        0.0038791644517021874,
        0.002834574408388062,
        0.0024906737613312846,
        0.002125365669439471,
        0.0019155022619975323,
        0.0017197040466382532,
        0.0015519546079708637,
        0.0014253012590798335
    ],
    "train_acc": [
        0.10706666666666667,
        0.9213,
        0.9653,
        0.97595,
        0.9809333333333333,
        0.9847666666666667,
        0.9872333333333333,
        0.9897833333333333,
        0.9921166666666666,
        0.9941833333333333,
        0.99575,
        0.9966,
        0.99775,
        0.9980833333333333,
        0.9988833333333333,
        0.9994333333333333,
        0.9996333333333334,
        0.9996333333333334,
        0.9998833333333333,
        0.99995,
        0.99995,
        0.9999833333333333,
        0.9999833333333333,
        0.9999833333333333,
        1.0
    ],
    "test_loss": [
        2.3041049377441407,
        0.14014283883105963,
        0.10602242016438394,
        0.08580324944639578,
        0.07446504675628385,
        0.07160527788256295,
        0.0704698612124892,
        0.06939920649355773,
        0.0674816933404014,
        0.077304611348646,
        0.07075902470751608,
        0.0717552655693149,
        0.0800378259760304,
        0.07350126499810794,
        0.07244778102753571,
        0.07155748812413248,
        0.06985945587970664,
        0.07389785395111176,
        0.07284259567627692,
        0.0731875788353113,
        0.0734006162929616,
        0.07540306787111171,
        0.07435065893934562,
        0.07621606081974114,
        0.07562058460310334
    ],
    "test_acc": [
        0.1043,
        0.959,
        0.9657,
        0.9734,
        0.9767,
        0.9774,
        0.9777,
        0.9775,
        0.9787,
        0.9764,
        0.9799,
        0.9792,
        0.9774,
        0.9791,
        0.9789,
        0.9796,
        0.98,
        0.9811,
        0.9804,
        0.9806,
        0.9806,
        0.9809,
        0.9807,
        0.981,
        0.9816
    ]
}