{
    "train_loss": [
        2.3091942808151247,
        0.23094810687054415,
        0.12095985056455538,
        0.08822036609646626,
        0.06930244712435564,
        0.05794030816408755,
        0.04824035823741307,
        0.04502596612863484,
        0.04004700834866328,
        0.03827462455553091,
        0.031971587502476626,
        0.029909202878761462,
        0.03418575504398569,
        0.027434888406515222,
        0.026976398112647793,
        0.02526830369229034,
        0.02009377104281462,
        0.022190821843008038,
        0.025258371533772903,
        0.02426454495714623,
        0.025412755062826826,
        0.020865867826000882,
        0.03208108908404917,
        0.02686398098866379,
        0.023351659070073204
    ],
    "train_acc": [
        0.1055,
        0.9316,
        0.9655166666666667,
        0.9745833333333334,
        0.9789166666666667,
        0.9828333333333333,
        0.9857666666666667,
        0.9863666666666666,
        0.9886333333333334,
        0.9891333333333333,
        0.9903,
        0.9911833333333333,
        0.991,
        0.9929333333333333,
        0.9930666666666667,
        0.9934166666666666,
        0.9944,
        0.9945666666666667,
        0.9944166666666666,
        0.9942833333333333,
        0.9946666666666667,
        0.9951166666666666,
        0.99375,
        0.9946833333333334,
        0.99515
    ],
    "test_loss": [
        2.3092392925262453,
        0.1533153202462243,
        0.14644713895990644,
        0.14302848037773705,
        0.15206483540687196,
        0.1416317450467266,
        0.1599916727572623,
        0.2113373591052843,
        0.19552168097123093,
        0.19348056251136117,
        0.19802744953551354,
        0.22175560096831304,
        0.2601968424521477,
        0.26939282412798204,
        0.257226182442013,
        0.27300976535659477,
        0.2761270441197111,
        0.30074711560924633,
        0.31771720363358624,
        0.33547346457755284,
        0.3223102346851843,
        0.34749397187290515,
        0.3679349964156878,
        0.4175714015073916,
        0.3868318441196831
    ],
    "test_acc": [
        0.1053,
        0.9551,
        0.9621,
        0.9644,
        0.9668,
        0.9701,
        0.9708,
        0.9652,
        0.9683,
        0.9731,
        0.9718,
        0.9711,
        0.97,
        0.9703,
        0.9722,
        0.9722,
        0.973,
        0.9743,
        0.9691,
        0.974,
        0.9698,
        0.9734,
        0.9719,
        0.9714,
        0.972
    ]
}