{
    "train_loss": [
        2.3047236925125123,
        0.42525687888133107,
        0.28936233632053,
        0.2486347551476311,
        0.22889442164139845,
        0.21644314316129415,
        0.19671687476159788,
        0.18598998918038878,
        0.18824977785650293,
        0.17247355827430164,
        0.17383041737538038,
        0.16305639520694304,
        0.15126230317083666,
        0.15285397103942178,
        0.14386897976758334,
        0.1441759024843545,
        0.13307099297382216,
        0.13584687615999702,
        0.137328156621892,
        0.13822993668094083,
        0.1390093162991394,
        0.12762695051527212,
        0.13413194734915537,
        0.12668377345548282,
        0.12091191395797775
    ],
    "train_acc": [
        0.09708333333333333,
        0.8867,
        0.9294666666666667,
        0.9426166666666667,
        0.9468666666666666,
        0.9507333333333333,
        0.9552666666666667,
        0.9574333333333334,
        0.9586833333333333,
        0.96135,
        0.96245,
        0.9645333333333334,
        0.9677833333333333,
        0.96695,
        0.9688833333333333,
        0.9698833333333333,
        0.9706333333333333,
        0.9709666666666666,
        0.972,
        0.9727833333333333,
        0.9723166666666667,
        0.9748666666666667,
        0.9738166666666667,
        0.9751333333333333,
        0.97645
    ],
    "test_loss": [
        2.304498468017578,
        0.28270494353326503,
        0.2749876138243126,
        0.31309002897744576,
        0.4218752963951789,
        0.37328527372995085,
        0.2721310746190769,
        0.28940862061045136,
        0.30959798329933946,
        0.34091921945924586,
        0.2963579265196098,
        0.3664021503974121,
        0.3654769334496774,
        0.2994523405850886,
        0.2877356643819333,
        0.29759190220751885,
        0.3670723400015566,
        0.28339313529852717,
        0.4107264549185958,
        0.46071204241564473,
        0.359327035181481,
        0.400223122766725,
        0.3866528825476103,
        0.3983732955124407,
        0.3984273784338958
    ],
    "test_acc": [
        0.0999,
        0.9216,
        0.9348,
        0.9343,
        0.9194,
        0.9342,
        0.9496,
        0.9459,
        0.9468,
        0.9368,
        0.9529,
        0.9486,
        0.9532,
        0.9562,
        0.958,
        0.9574,
        0.953,
        0.9572,
        0.9534,
        0.9471,
        0.9536,
        0.9597,
        0.9563,
        0.9574,
        0.9546
    ]
}