{
    "train_loss": [
        2.2988321739832562,
        0.22239166953111902,
        0.11971473681678035,
        0.08264656441300243,
        0.06783087147382703,
        0.05362937283945838,
        0.04481947371200722,
        0.041626134460737235,
        0.03935403623928197,
        0.030796090606982934,
        0.03016102562062387,
        0.025556131808357998,
        0.019371802748129073,
        0.023439584961728904,
        0.022131167706065366,
        0.02246219619694281,
        0.021484700725704256,
        0.02162090005428114,
        0.02112172424973158,
        0.02460666512386648,
        0.019371051188447147,
        0.02112017402248194,
        0.026325983061352663,
        0.019182369483032615,
        0.023701796591865006
    ],
    "train_acc": [
        0.16486666666666666,
        0.9335,
        0.9661833333333333,
        0.9760666666666666,
        0.9797666666666667,
        0.9841833333333333,
        0.9863333333333333,
        0.98765,
        0.98865,
        0.99095,
        0.9920333333333333,
        0.9927,
        0.9942833333333333,
        0.9934166666666666,
        0.9942166666666666,
        0.9941833333333333,
        0.9947666666666667,
        0.9947,
        0.9949833333333333,
        0.9945666666666667,
        0.9952666666666666,
        0.9951666666666666,
        0.9946166666666667,
        0.9958333333333333,
        0.99495
    ],
    "test_loss": [
        2.2975090656280517,
        0.14303293104264886,
        0.136208088751632,
        0.1439526539262195,
        0.15709722505573587,
        0.16456287704462966,
        0.16467814017516927,
        0.15846142195456295,
        0.19464170698276298,
        0.20296700545620744,
        0.21934971606225623,
        0.23686848892783413,
        0.22991778378588934,
        0.235889693497413,
        0.27344752505845865,
        0.23813525587086393,
        0.2840156582312297,
        0.2892207745773734,
        0.30583264967746215,
        0.33754577037462763,
        0.33565388722688205,
        0.3815652517378889,
        0.36554610421556577,
        0.3708738313766804,
        0.3513541778641808
    ],
    "test_acc": [
        0.167,
        0.9571,
        0.9636,
        0.9639,
        0.9662,
        0.967,
        0.9703,
        0.9718,
        0.9726,
        0.9705,
        0.9705,
        0.9711,
        0.9721,
        0.9732,
        0.972,
        0.975,
        0.9736,
        0.9739,
        0.9724,
        0.9717,
        0.971,
        0.9709,
        0.9714,
        0.9708,
        0.9735
    ]
}