{
    "train_loss": [
        2.304665460205078,
        0.2106793305261992,
        0.10553019507231098,
        0.07349932278866785,
        0.05538899520255379,
        0.04512096021834343,
        0.038399185944839064,
        0.029449719248961316,
        0.027708264848287468,
        0.02216710476680168,
        0.02379492793315769,
        0.016818530942716455,
        0.016331920642332763,
        0.017160322313995564,
        0.016899438328369962,
        0.017090795147520866,
        0.019348715191191853,
        0.016296683921032666,
        0.02090187873428883,
        0.023162402803192057,
        0.021400179329526457,
        0.019316387783972214,
        0.013138944417181346,
        0.01870713351010983,
        0.017597635192246473
    ],
    "train_acc": [
        0.08203333333333333,
        0.93755,
        0.9690333333333333,
        0.9780333333333333,
        0.9837833333333333,
        0.9867,
        0.9883,
        0.9908333333333333,
        0.9919,
        0.99385,
        0.99285,
        0.9949166666666667,
        0.99505,
        0.99505,
        0.995,
        0.9953166666666666,
        0.9954,
        0.996,
        0.9949333333333333,
        0.9946,
        0.9955,
        0.9953833333333333,
        0.9969166666666667,
        0.9956333333333334,
        0.9957
    ],
    "test_loss": [
        2.3036648399353026,
        0.16324500908574555,
        0.1277085975688613,
        0.13087469597874515,
        0.1504680527832987,
        0.13421409445314658,
        0.1480568482631252,
        0.1641897688834257,
        0.17900256082807003,
        0.17263966333922706,
        0.1893196805886582,
        0.19088302681135327,
        0.20289346064751307,
        0.20697803729354977,
        0.23299307070034425,
        0.2676102072975576,
        0.2535335809335512,
        0.25349742409734083,
        0.2741225431153402,
        0.30464807036770114,
        0.3095601115444511,
        0.31929500297058944,
        0.3252427036036577,
        0.30950851011930863,
        0.4171970252477304
    ],
    "test_acc": [
        0.0829,
        0.955,
        0.9661,
        0.969,
        0.9687,
        0.9745,
        0.9713,
        0.9729,
        0.9721,
        0.9725,
        0.9736,
        0.9743,
        0.9732,
        0.9755,
        0.9732,
        0.9718,
        0.9742,
        0.9736,
        0.973,
        0.9718,
        0.9722,
        0.9731,
        0.9729,
        0.9745,
        0.9699
    ]
}