{
    "train_loss": [
        2.305034884007772,
        0.2852817744902025,
        0.16827227811005094,
        0.13476725085403782,
        0.12003183805678218,
        0.11321391698340877,
        0.09859399565383296,
        0.0866071177124629,
        0.08357513011830417,
        0.08407712821934026,
        0.0794364681511439,
        0.07720651466915267,
        0.07969354609182862,
        0.07070232858434508,
        0.0777377209923414,
        0.08006345859088763,
        0.07196670891310086,
        0.08724388190387099,
        0.08273175705392338,
        0.08544971391577974,
        0.08037952714657713,
        0.08183632344625215,
        0.07644141046692515,
        0.08035683808447092,
        0.08654016246338903
    ],
    "train_acc": [
        0.07181666666666667,
        0.91775,
        0.9544,
        0.9639166666666666,
        0.96835,
        0.9713166666666667,
        0.9752,
        0.9774166666666667,
        0.9785333333333334,
        0.9805333333333334,
        0.9810666666666666,
        0.98275,
        0.9837166666666667,
        0.9842333333333333,
        0.9838666666666667,
        0.98375,
        0.9852,
        0.98405,
        0.98485,
        0.9847166666666667,
        0.9852833333333333,
        0.9865666666666667,
        0.9874333333333334,
        0.9865333333333334,
        0.9866666666666667
    ],
    "test_loss": [
        2.3044456077575686,
        0.18715350410705434,
        0.1944999519324425,
        0.17239560627982792,
        0.19063367977554843,
        0.19916484351633465,
        0.20070900408075118,
        0.226470612247375,
        0.21983071943096802,
        0.2524649611518158,
        0.24248849028479436,
        0.27890834199806186,
        0.3525973610584364,
        0.2618568377416898,
        0.30334950240117153,
        0.3499214692466615,
        0.36002678454913445,
        0.3889811526390107,
        0.3628055291111484,
        0.4221681817686678,
        0.41904112041364444,
        0.4636301684667089,
        0.3723564001595536,
        0.4756439742588666,
        0.40296023422747895
    ],
    "test_acc": [
        0.0753,
        0.9466,
        0.9474,
        0.9594,
        0.9564,
        0.962,
        0.9603,
        0.9618,
        0.9639,
        0.9617,
        0.9616,
        0.9628,
        0.9575,
        0.9664,
        0.9642,
        0.9616,
        0.9649,
        0.9621,
        0.9621,
        0.9618,
        0.9612,
        0.96,
        0.9674,
        0.9663,
        0.9683
    ]
}