{
    "train_loss": [
        2.305674257342021,
        0.7419271844451548,
        0.6001558369768978,
        0.5778864425054152,
        0.5107284973461939,
        0.5081974852518718,
        0.5188153268126775,
        0.44740457181061005,
        0.409020064198287,
        0.3925054476329328,
        0.35049151860713035,
        0.367231931158843,
        0.356427451406423,
        0.3620545568290301,
        0.38245537522668854,
        0.33084275011305986,
        0.38401214877041323,
        0.356716889061679,
        0.3286988777866267,
        0.32402632448254776,
        0.3667936292965358,
        0.37838322374740113,
        0.33203848829629373,
        0.3007781708735053,
        0.298897449738763
    ],
    "train_acc": [
        0.10793333333333334,
        0.8045333333333333,
        0.8545,
        0.8582166666666666,
        0.8730666666666667,
        0.8841666666666667,
        0.8705,
        0.8912166666666667,
        0.90295,
        0.9070166666666667,
        0.9128333333333334,
        0.9139333333333334,
        0.9149,
        0.9142,
        0.91015,
        0.9191166666666667,
        0.9088333333333334,
        0.91185,
        0.9180166666666667,
        0.9212,
        0.9079333333333334,
        0.9072333333333333,
        0.9154666666666667,
        0.9254166666666667,
        0.9236
    ],
    "test_loss": [
        2.3052435230255126,
        0.5969798026667394,
        0.568020958349388,
        0.6073364670143637,
        0.5678736703661441,
        0.5429165745299077,
        0.625046184956838,
        0.4392248017584785,
        0.5010590910608442,
        0.45290592814313,
        0.49497739269747915,
        0.40710402915755406,
        0.6106623549085041,
        0.5413470194802047,
        0.47104996151878314,
        0.4766518439396621,
        0.5094373534049315,
        0.44196268888092616,
        0.4799888660794838,
        0.5101222838514409,
        0.6588801320238689,
        0.4929338989495438,
        0.4677172592788594,
        0.4917437142766743,
        0.5261995617152152
    ],
    "test_acc": [
        0.1066,
        0.838,
        0.875,
        0.867,
        0.8575,
        0.8677,
        0.8257,
        0.8892,
        0.8925,
        0.9122,
        0.8993,
        0.9223,
        0.891,
        0.9156,
        0.9158,
        0.9108,
        0.9101,
        0.9006,
        0.9125,
        0.8885,
        0.8966,
        0.912,
        0.9137,
        0.9126,
        0.912
    ]
}