{
    "train_loss": [
        2.2972562834421795,
        0.42427512036286064,
        0.2784251841083911,
        0.23268196061028162,
        0.22412774637408736,
        0.21118948608288224,
        0.20039828510868363,
        0.18795334322139506,
        0.1833180835259114,
        0.1670578691855265,
        0.16018007336475037,
        0.16285201594804002,
        0.15834194795488288,
        0.15308201950513983,
        0.14669902178013716,
        0.12901471940051196,
        0.14281194799652613,
        0.13807427848567222,
        0.12390541095427467,
        0.13334717153367365,
        0.1329166607617018,
        0.1287427699742841,
        0.11972234518309792,
        0.13822312641837864,
        0.13478255240751189
    ],
    "train_acc": [
        0.1213,
        0.8867833333333334,
        0.93325,
        0.94435,
        0.9487166666666667,
        0.9522833333333334,
        0.9549,
        0.95815,
        0.9603,
        0.9630333333333333,
        0.9642333333333334,
        0.9654,
        0.9658833333333333,
        0.9673833333333334,
        0.9683833333333334,
        0.9720833333333333,
        0.97055,
        0.9713833333333334,
        0.9737,
        0.9733666666666667,
        0.9738833333333333,
        0.9740333333333333,
        0.9749833333333333,
        0.9729166666666667,
        0.9731166666666666
    ],
    "test_loss": [
        2.2965717933654783,
        0.35977576057141997,
        0.30158011540000446,
        0.4189720175173599,
        0.30786088751748214,
        0.28942156645748984,
        0.4835521720255917,
        0.2749636026716921,
        0.37121024333647185,
        0.27648078131141196,
        0.2991566571567851,
        0.31449725605702245,
        0.307005640480263,
        0.3137510986099423,
        0.30611267033935846,
        0.3877378545767509,
        0.31599468942049197,
        0.38668561651043576,
        0.3524330273429244,
        0.35642176822424376,
        0.43127354862253997,
        0.37730720167523296,
        0.4091898365983071,
        0.5436650952860536,
        0.4041531328424674
    ],
    "test_acc": [
        0.1282,
        0.912,
        0.9262,
        0.9055,
        0.9338,
        0.9347,
        0.9344,
        0.9541,
        0.942,
        0.9528,
        0.9518,
        0.9538,
        0.9558,
        0.9581,
        0.9556,
        0.9571,
        0.955,
        0.9566,
        0.9593,
        0.9568,
        0.9566,
        0.9591,
        0.9589,
        0.9499,
        0.9609
    ]
}