{
    "train_loss": [
        2.3047236925125123,
        0.28341043357928863,
        0.17959269492074867,
        0.144457103738645,
        0.12996454474480262,
        0.10665006896976392,
        0.10276529397564992,
        0.09906863581676664,
        0.09229423254323439,
        0.08209972124082297,
        0.07873890219519065,
        0.0840686255190549,
        0.07747115151241048,
        0.06954875121964192,
        0.07107130462553818,
        0.06930855006948425,
        0.07013867677713485,
        0.05747254752966852,
        0.07463107525559622,
        0.07537104569387075,
        0.07077148080317724,
        0.06279398524510044,
        0.06341470212470698,
        0.056513211731603105,
        0.07092856443450561
    ],
    "train_acc": [
        0.09708333333333333,
        0.9195166666666666,
        0.9512833333333334,
        0.96165,
        0.9651,
        0.9717333333333333,
        0.97515,
        0.9747166666666667,
        0.9777666666666667,
        0.9795166666666667,
        0.9803333333333333,
        0.9799,
        0.9820833333333333,
        0.9839333333333333,
        0.9840833333333333,
        0.9845,
        0.9848666666666667,
        0.9870333333333333,
        0.9849333333333333,
        0.9854,
        0.9859833333333333,
        0.9867666666666667,
        0.9875333333333334,
        0.9886166666666667,
        0.9875
    ],
    "test_loss": [
        2.304498468017578,
        0.21420796992979013,
        0.1731829708506877,
        0.2203488464914255,
        0.1870875086763864,
        0.21075167687961707,
        0.2009278199947602,
        0.21196094287975825,
        0.18701109173574348,
        0.2154206392809348,
        0.2605759743440451,
        0.25626953909927835,
        0.2880384600469831,
        0.2643510408823231,
        0.2927991441444914,
        0.26776033307042996,
        0.27976773445150627,
        0.3245629646277507,
        0.3595783932541582,
        0.31132999688574625,
        0.3004334460061478,
        0.2936070232314041,
        0.40018431396862836,
        0.4244627334008939,
        0.4988981552066918
    ],
    "test_acc": [
        0.0999,
        0.9412,
        0.953,
        0.9441,
        0.9594,
        0.9595,
        0.9607,
        0.9615,
        0.9628,
        0.9641,
        0.9607,
        0.9605,
        0.964,
        0.9677,
        0.9658,
        0.965,
        0.9648,
        0.9608,
        0.9631,
        0.9654,
        0.9658,
        0.9708,
        0.966,
        0.9657,
        0.9616
    ]
}