{
    "train_loss": [
        2.3091942808151247,
        0.29217366396563205,
        0.18008224287792496,
        0.15095100037464776,
        0.1382372888413327,
        0.11984359057641972,
        0.11021435912308358,
        0.10520960897605666,
        0.10033959657391579,
        0.09706351452648776,
        0.09896474932696636,
        0.0940714175513803,
        0.09489711423664512,
        0.09655927640365713,
        0.08428147794921635,
        0.08635981040748857,
        0.08387093782795546,
        0.08533649732248212,
        0.07445096120681206,
        0.07972494387608474,
        0.07897532471560227,
        0.08319141627897313,
        0.07167412985888334,
        0.07033067315588692,
        0.07408087419970856
    ],
    "train_acc": [
        0.1055,
        0.9162,
        0.9531666666666667,
        0.9603166666666667,
        0.9647,
        0.9690666666666666,
        0.9721166666666666,
        0.9743,
        0.9761333333333333,
        0.9769,
        0.9769833333333333,
        0.9785333333333334,
        0.97955,
        0.9799333333333333,
        0.9815333333333334,
        0.9816833333333334,
        0.98255,
        0.9827833333333333,
        0.9850833333333333,
        0.9843833333333334,
        0.9844666666666667,
        0.9854333333333334,
        0.9865833333333334,
        0.9874,
        0.9865166666666667
    ],
    "test_loss": [
        2.3092392925262453,
        0.21108537430486468,
        0.16223214105769365,
        0.1899326782142685,
        0.17969383682154985,
        0.294145842597893,
        0.22963893065760768,
        0.21031006469416402,
        0.2586595755901156,
        0.26164286761826033,
        0.2403457005357428,
        0.24820643232521206,
        0.276893690540734,
        0.3117226626791421,
        0.28412951344725673,
        0.3564099497454005,
        0.2946211549454408,
        0.38114432454996133,
        0.3484784121251869,
        0.423275564166971,
        0.3456378735272149,
        0.43104558785435265,
        0.4272342066055663,
        0.4966502882551902,
        0.44246983614914004
    ],
    "test_acc": [
        0.1053,
        0.9435,
        0.9592,
        0.9581,
        0.9587,
        0.9439,
        0.9601,
        0.9651,
        0.958,
        0.9567,
        0.9633,
        0.9639,
        0.9636,
        0.9634,
        0.964,
        0.9609,
        0.965,
        0.9621,
        0.9632,
        0.963,
        0.9688,
        0.9633,
        0.9659,
        0.9603,
        0.9666
    ]
}