{
    "train_loss": [
        2.3091942808151247,
        1.013250658294062,
        0.8805663638774306,
        0.87182655244317,
        0.8051771542805412,
        0.8020078844549191,
        0.7880850463818158,
        0.7705884860382541,
        0.6747794211129988,
        0.6558246224221851,
        0.7044578252865411,
        0.6758927301176758,
        0.6924309187185407,
        0.6878036298947472,
        0.6843004005914693,
        0.7004116718279935,
        0.6630973268165008,
        0.6155718849166416,
        0.6314929633216056,
        0.6222360468799297,
        0.6227696432014723,
        0.5749398052105872,
        0.5915046518318219,
        0.5703457045496939,
        0.5418610601893963
    ],
    "train_acc": [
        0.1055,
        0.7076333333333333,
        0.7634333333333333,
        0.7796833333333333,
        0.8022666666666667,
        0.755,
        0.7494,
        0.76555,
        0.8078,
        0.8064666666666667,
        0.7826333333333333,
        0.7868666666666667,
        0.76955,
        0.7850666666666667,
        0.77705,
        0.7694666666666666,
        0.7927,
        0.8044833333333333,
        0.8024666666666667,
        0.80105,
        0.81395,
        0.82955,
        0.8117833333333333,
        0.8164166666666667,
        0.8209666666666666
    ],
    "test_loss": [
        2.3092392925262453,
        0.9561084643363953,
        0.8025462773015606,
        0.694666144779697,
        0.7529502806119621,
        0.7927550346851349,
        0.8108551199138164,
        0.7066663665942171,
        0.7072581180209075,
        0.7815639364890289,
        0.881789832147304,
        1.7105470056653023,
        0.8036267675042152,
        0.7596471612869212,
        0.7259726635948754,
        0.6743846846997713,
        0.6743378807649016,
        0.6802885827774735,
        0.7251192075276748,
        0.7394972638372331,
        0.6887530808308686,
        0.6861659736838733,
        0.9231966057681071,
        0.6364885090531701,
        0.6548671572166044
    ],
    "test_acc": [
        0.1053,
        0.6885,
        0.7933,
        0.7955,
        0.7792,
        0.7146,
        0.7662,
        0.7769,
        0.7803,
        0.8029,
        0.7922,
        0.7022,
        0.7564,
        0.8096,
        0.7854,
        0.7991,
        0.7933,
        0.8016,
        0.7806,
        0.7969,
        0.8099,
        0.7979,
        0.8039,
        0.8201,
        0.8273
    ]
}