{
    "train_loss": [
        2.3091942808151247,
        0.4054753783493943,
        0.2662007036205553,
        0.23227735625960425,
        0.21707919857775293,
        0.19684866322457267,
        0.18287661957927223,
        0.1634080333936631,
        0.16219034803969606,
        0.1532879890974231,
        0.14749157151532097,
        0.1364480010854988,
        0.1375221111443935,
        0.14316884550927475,
        0.12487270677031584,
        0.11233023701482692,
        0.12208422898341705,
        0.12183798188245847,
        0.12078166086756549,
        0.11062958387467482,
        0.11434919215323856,
        0.13034936606330816,
        0.11593396494324666,
        0.10707309720973396,
        0.10970369307872305
    ],
    "train_acc": [
        0.1055,
        0.8903,
        0.9355,
        0.9444833333333333,
        0.9488666666666666,
        0.9543,
        0.9571333333333333,
        0.96255,
        0.9634,
        0.9650833333333333,
        0.9671166666666666,
        0.9700166666666666,
        0.9701666666666666,
        0.9692833333333334,
        0.97335,
        0.9756,
        0.9744833333333334,
        0.9745333333333334,
        0.9743166666666667,
        0.9766666666666667,
        0.97635,
        0.9742166666666666,
        0.9762666666666666,
        0.9787833333333333,
        0.9782666666666666
    ],
    "test_loss": [
        2.3092392925262453,
        0.3534096002257196,
        0.2828958728421279,
        0.31520024730304497,
        0.25658506084738253,
        0.278572346556139,
        0.26833718969071396,
        0.2721212638350422,
        0.3311516001941972,
        0.25177165562942155,
        0.27688578133093106,
        0.37475311336173084,
        0.3367143369691904,
        0.2809583273138228,
        0.27434810268310755,
        0.3589141989209381,
        0.4367959767892502,
        0.3696819209604144,
        0.3836703384134977,
        0.41897053275205226,
        0.48287345583841634,
        0.3852083762600216,
        0.4328717693211711,
        0.4036017679293129,
        0.45447327218312067
    ],
    "test_acc": [
        0.1053,
        0.9169,
        0.9325,
        0.9416,
        0.9506,
        0.9392,
        0.9476,
        0.9502,
        0.9481,
        0.957,
        0.9554,
        0.956,
        0.9555,
        0.9605,
        0.9639,
        0.9555,
        0.9528,
        0.9554,
        0.9563,
        0.9571,
        0.958,
        0.9572,
        0.9536,
        0.9561,
        0.9605
    ]
}