{
    "train_loss": [
        2.3047236925125123,
        0.22555061546422464,
        0.11018112851487531,
        0.08286608591795169,
        0.06324785643463651,
        0.055850038457266396,
        0.0458750238277729,
        0.040990903386939,
        0.03635867775546249,
        0.02951257426451575,
        0.026890222445273244,
        0.026348447336161467,
        0.022931015850192384,
        0.019304878116555225,
        0.016677528685533377,
        0.012299672537185417,
        0.011682369211671826,
        0.018780469029073585,
        0.024309540566146114,
        0.021281851894226395,
        0.019219358902122542,
        0.019187606863074667,
        0.01917904653684133,
        0.019610161164480455,
        0.020377931853036376
    ],
    "train_acc": [
        0.09708333333333333,
        0.93465,
        0.9681333333333333,
        0.9762833333333333,
        0.9810833333333333,
        0.9838333333333333,
        0.98635,
        0.98815,
        0.9900166666666667,
        0.9908666666666667,
        0.9924666666666667,
        0.9924,
        0.9932666666666666,
        0.9945333333333334,
        0.9953833333333333,
        0.9964333333333333,
        0.9968666666666667,
        0.9954666666666667,
        0.99395,
        0.9949166666666667,
        0.9954833333333334,
        0.9957666666666667,
        0.9957333333333334,
        0.9956166666666667,
        0.9953
    ],
    "test_loss": [
        2.304498468017578,
        0.13639121414638358,
        0.11809488402802272,
        0.1430782958862721,
        0.13881158925618842,
        0.15344911653432317,
        0.15503917596110228,
        0.16424305458765162,
        0.1541873753941165,
        0.16787305820660134,
        0.21238964609951386,
        0.21505419525212027,
        0.22553699536479271,
        0.19311552745944804,
        0.24816343416293266,
        0.24730277355035588,
        0.26859569795306726,
        0.2858437265645994,
        0.29019230842274324,
        0.30441302656799035,
        0.3512606271916199,
        0.31630011834394434,
        0.37102185348277045,
        0.3330879249669872,
        0.33467397259459414
    ],
    "test_acc": [
        0.0999,
        0.9601,
        0.9688,
        0.9655,
        0.9686,
        0.9703,
        0.9714,
        0.9733,
        0.9737,
        0.9743,
        0.9708,
        0.9723,
        0.9739,
        0.9749,
        0.9734,
        0.974,
        0.974,
        0.9718,
        0.9723,
        0.9719,
        0.9685,
        0.9745,
        0.9696,
        0.9724,
        0.9742
    ]
}