{
    "train_loss": [
        2.2988321739832562,
        0.3970758618421542,
        0.2627148390066999,
        0.23047407044508508,
        0.21306593081756706,
        0.20010572713065686,
        0.19164991238543616,
        0.187382624229928,
        0.17814372253856936,
        0.1588226074437747,
        0.16926961022487247,
        0.15817545379739048,
        0.15505027724561582,
        0.14666850664330053,
        0.14860897535521314,
        0.14782680186441916,
        0.15057335744352876,
        0.12753799092148918,
        0.13399662968023554,
        0.13977032012184784,
        0.13179137362897492,
        0.11416170652174475,
        0.1418829360099198,
        0.14108951590891647,
        0.13653598158791314
    ],
    "train_acc": [
        0.16486666666666666,
        0.8926,
        0.93655,
        0.9450166666666666,
        0.9502833333333334,
        0.9538,
        0.9565666666666667,
        0.9587,
        0.95945,
        0.965,
        0.9636333333333333,
        0.9665666666666667,
        0.96745,
        0.9685333333333334,
        0.9687833333333333,
        0.9702833333333334,
        0.9698166666666667,
        0.9727166666666667,
        0.9735333333333334,
        0.9722333333333333,
        0.9740333333333333,
        0.9759333333333333,
        0.9739166666666667,
        0.9746166666666667,
        0.9742666666666666
    ],
    "test_loss": [
        2.2975090656280517,
        0.26592567148325613,
        0.26684708340554353,
        0.22763003950083222,
        0.31283409691488945,
        0.39115597245543615,
        0.2800958940944207,
        0.2663686873359578,
        0.30749322213211905,
        0.3368178890299857,
        0.2907878525712483,
        0.3300106112205846,
        0.3157210607843452,
        0.3438599840128236,
        0.4205691768315879,
        0.35281201721494004,
        0.38933243916554905,
        0.36544641065092953,
        0.40461538003759956,
        0.4099388806690693,
        0.34854100619716055,
        0.49306766091380905,
        0.4438873253194544,
        0.45225971991694713,
        0.4771680613086601
    ],
    "test_acc": [
        0.167,
        0.934,
        0.9297,
        0.9422,
        0.9398,
        0.9133,
        0.9518,
        0.9477,
        0.9542,
        0.9439,
        0.9519,
        0.9484,
        0.9586,
        0.957,
        0.9469,
        0.9551,
        0.953,
        0.9532,
        0.954,
        0.9553,
        0.9569,
        0.9563,
        0.9501,
        0.9558,
        0.9563
    ]
}