{
    "train_loss": [
        2.2988321739832562,
        1.1066421082295477,
        0.9228082455671858,
        0.8931805922337497,
        0.964375031279433,
        1.0454523227095605,
        0.9736794637203217,
        0.9581405242873822,
        0.8926560904466236,
        0.8721656051163872,
        0.8628819236308336,
        0.88817110798248,
        0.9643165164132913,
        1.0259501597294585,
        1.0272092893362046,
        1.04460815148664,
        0.9547328384160996,
        0.8322465647139803,
        0.931522589156831,
        0.9169406662424405,
        0.948614535744985,
        0.9210800830503305,
        0.8637575735794846,
        0.8524917091935873,
        0.9743780263037174
    ],
    "train_acc": [
        0.16486666666666666,
        0.6606666666666666,
        0.7536833333333334,
        0.7598166666666667,
        0.7305333333333334,
        0.6661833333333333,
        0.70435,
        0.7176,
        0.7377333333333334,
        0.72835,
        0.74245,
        0.7235833333333334,
        0.7157166666666667,
        0.6766833333333333,
        0.6907333333333333,
        0.7044666666666667,
        0.7048166666666666,
        0.7680166666666667,
        0.7143,
        0.7080833333333333,
        0.6951666666666667,
        0.7073,
        0.7255,
        0.7322333333333333,
        0.67875
    ],
    "test_loss": [
        2.2975090656280517,
        0.8447974979758263,
        0.7305429774062766,
        0.8409517901897431,
        1.0690184265255929,
        1.0466507122039794,
        1.0629305866122245,
        1.1405494659461082,
        0.9442256099440157,
        0.8317981490135193,
        0.7448674890816211,
        0.9400873612761963,
        0.928030644774437,
        0.9033816556215286,
        1.2792139209985733,
        1.1238571556448937,
        1.3229882693171502,
        0.828287191842096,
        1.053158995783329,
        1.039376330447197,
        1.10577191426754,
        0.9863641992092133,
        0.9942846704483033,
        0.9563241297960281,
        1.0846606292247771
    ],
    "test_acc": [
        0.167,
        0.7434,
        0.7724,
        0.8034,
        0.6642,
        0.6287,
        0.6517,
        0.7165,
        0.7369,
        0.7285,
        0.8183,
        0.7541,
        0.7058,
        0.711,
        0.6599,
        0.6548,
        0.7399,
        0.796,
        0.7505,
        0.7075,
        0.6711,
        0.7088,
        0.7502,
        0.7243,
        0.6687
    ]
}