{
    "train_loss": [
        2.2988321739832562,
        0.8937461484068384,
        0.735777211286644,
        0.758478285938998,
        0.7609451430726621,
        0.7509455332700163,
        0.7336136446386605,
        0.6449070247386803,
        0.6635845111058133,
        0.6611257814902589,
        0.6275030799928677,
        0.6163367088672989,
        0.652271105027768,
        0.609109144536393,
        0.5720951043992968,
        0.5569419956541145,
        0.5528086345661501,
        0.6057667851573889,
        0.4758206406325224,
        0.4927417030585752,
        0.5504484826988365,
        0.5074118343331596,
        0.5108721621628981,
        0.5254203991821993,
        0.49344802054983594
    ],
    "train_acc": [
        0.16486666666666666,
        0.7619333333333334,
        0.8153333333333334,
        0.7746833333333333,
        0.7722,
        0.7740166666666667,
        0.7819166666666667,
        0.8038,
        0.79995,
        0.7985333333333333,
        0.8050166666666667,
        0.80655,
        0.7995833333333333,
        0.8111,
        0.81795,
        0.8196833333333333,
        0.82085,
        0.8159166666666666,
        0.8920666666666667,
        0.8883333333333333,
        0.84535,
        0.8777166666666667,
        0.8704833333333334,
        0.8754,
        0.8847833333333334
    ],
    "test_loss": [
        2.2975090656280517,
        0.6430923121254367,
        0.7400288501620292,
        0.7815303612828255,
        1.1501852411616593,
        0.9070115285515785,
        0.6054182358723367,
        0.6726115719092937,
        0.7131334994971752,
        0.7034214465912432,
        0.6898120166696957,
        0.7307015142496676,
        0.7226821581871058,
        0.7210413338183542,
        0.6428123773306563,
        0.5962720825195259,
        0.7332684834489586,
        0.7989605916321245,
        0.5413404080846691,
        0.6386123565683142,
        0.7183803771712118,
        0.6016837062193227,
        0.8005691944891347,
        0.5684693401007617,
        0.800883891817168
    ],
    "test_acc": [
        0.167,
        0.8469,
        0.7672,
        0.7411,
        0.7669,
        0.7442,
        0.8079,
        0.7978,
        0.8007,
        0.8185,
        0.7982,
        0.813,
        0.8101,
        0.8153,
        0.8131,
        0.8208,
        0.8141,
        0.8178,
        0.906,
        0.8672,
        0.7971,
        0.8821,
        0.8988,
        0.8757,
        0.8658
    ]
}