{
    "train_loss": [
        2.303097758293152,
        0.42385827826421785,
        0.2994909565272537,
        0.2660872199921614,
        0.24359449681253406,
        0.23220310486736007,
        0.20408166940359254,
        0.19236869249473906,
        0.18817099232696086,
        0.17018501643007602,
        0.1599574207987751,
        0.15760413140081883,
        0.15659471237049077,
        0.1531265959160974,
        0.144372660788346,
        0.14057086108970857,
        0.1336165985064788,
        0.13319162921323216,
        0.14535571560608404,
        0.14644321145168226,
        0.12342654219123499,
        0.12289281816981565,
        0.12652845700483656,
        0.12834477172767078,
        0.10911525170035348
    ],
    "train_acc": [
        0.10706666666666667,
        0.8867333333333334,
        0.9285333333333333,
        0.9376166666666667,
        0.9434666666666667,
        0.9483166666666667,
        0.9538833333333333,
        0.95575,
        0.9594666666666667,
        0.96265,
        0.9639833333333333,
        0.9651166666666666,
        0.9661666666666666,
        0.9670666666666666,
        0.9700833333333333,
        0.9703666666666667,
        0.97185,
        0.9723666666666667,
        0.9705333333333334,
        0.9705833333333334,
        0.97355,
        0.9760666666666666,
        0.97475,
        0.9754666666666667,
        0.9771
    ],
    "test_loss": [
        2.3041049377441407,
        0.28691465032719426,
        0.41099726926466684,
        0.32347863167894947,
        0.29439203947764764,
        0.2738306413889705,
        0.28213310019553667,
        0.3571794335429854,
        0.3261262420183146,
        0.3840654088036407,
        0.4034073944337383,
        0.38965692929067514,
        0.41214459595679065,
        0.3174203188832905,
        0.34446677364833084,
        0.32865712109545653,
        0.31260756697408354,
        0.37042218579740355,
        0.42468027382087287,
        0.38974615744196295,
        0.3794857182033078,
        0.41603250354904203,
        0.4281638532246585,
        0.4930578690614957,
        0.41994432835342904
    ],
    "test_acc": [
        0.1043,
        0.9293,
        0.9116,
        0.9314,
        0.9437,
        0.9386,
        0.9473,
        0.9383,
        0.9455,
        0.9442,
        0.9462,
        0.9498,
        0.9434,
        0.954,
        0.9555,
        0.9507,
        0.958,
        0.9566,
        0.9486,
        0.9545,
        0.9573,
        0.9583,
        0.9468,
        0.9517,
        0.9592
    ]
}