{
    "train_loss": [
        2.3051901514689126,
        1.2252671702305475,
        1.072091168574492,
        1.081959594283936,
        1.113863018955787,
        0.9775085792568726,
        1.0115179726978143,
        0.9451127751491963,
        0.8873127361067481,
        0.9837078778910943,
        1.2103596284389495,
        1.2354926471829415,
        1.3471802889347075,
        1.2318963144620259,
        1.1024578003644943,
        1.0591144348980666,
        1.0975326400001844,
        1.0912700110197067,
        1.152219276845455,
        1.1456447086016337,
        1.2939096219539643,
        1.15809687008063,
        1.2267433750271797,
        1.1547908830265203,
        1.186995105322202
    ],
    "train_acc": [
        0.07936666666666667,
        0.6007833333333333,
        0.6592333333333333,
        0.6490833333333333,
        0.6339833333333333,
        0.7234333333333334,
        0.7118833333333333,
        0.7361666666666666,
        0.7555166666666666,
        0.7091833333333334,
        0.5975333333333334,
        0.5769166666666666,
        0.5479333333333334,
        0.5793,
        0.6164333333333334,
        0.6276333333333334,
        0.6169166666666667,
        0.6200833333333333,
        0.5925666666666667,
        0.5849,
        0.53675,
        0.5785166666666667,
        0.574,
        0.6001833333333333,
        0.5939166666666666
    ],
    "test_loss": [
        2.3060512508392335,
        0.9237084634780883,
        1.146655292725563,
        1.1673088072299957,
        1.0634497111283243,
        0.894271122391522,
        0.8979329077296309,
        0.897320537624613,
        1.0141893087983131,
        1.0470064236402512,
        1.2291061002254486,
        1.3073506546497344,
        1.4415914528608322,
        1.1528493449687958,
        1.2839904211759567,
        1.185948791360855,
        1.253302916097641,
        1.0847228024721145,
        1.2960331989765168,
        1.1681467584371568,
        1.1927583530902863,
        1.2614580285072328,
        1.5385633131742478,
        1.4500172560453415,
        1.2928120939016343
    ],
    "test_acc": [
        0.077,
        0.6626,
        0.5914,
        0.5812,
        0.6468,
        0.743,
        0.7349,
        0.7989,
        0.6795,
        0.6553,
        0.5838,
        0.5366,
        0.5425,
        0.595,
        0.6587,
        0.6419,
        0.6329,
        0.6345,
        0.5302,
        0.6082,
        0.5909,
        0.5393,
        0.5985,
        0.5952,
        0.6237
    ]
}