{
    "train_loss": [
        2.304665460205078,
        0.9812693786393851,
        0.763694243871405,
        0.7252481444540297,
        0.7493711516633474,
        0.6499861590261585,
        0.6548061835542185,
        0.7323412823222931,
        0.7834307675967715,
        0.6560462154430999,
        0.6864149390029934,
        0.6232816217791257,
        0.6545570032778094,
        0.6199490296911496,
        0.6652598787198989,
        0.7870102081953589,
        0.7151059357045901,
        0.6397951822164823,
        0.6938554280640574,
        0.6050573067340614,
        0.6007637342297057,
        0.621085382143815,
        0.6136271241048147,
        0.6912415553834172,
        0.6402662517969746
    ],
    "train_acc": [
        0.08203333333333333,
        0.7016333333333333,
        0.8096333333333333,
        0.8139833333333333,
        0.8161666666666667,
        0.8470166666666666,
        0.8420333333333333,
        0.8153833333333333,
        0.8003333333333333,
        0.8351,
        0.8285833333333333,
        0.8442333333333333,
        0.83755,
        0.8357333333333333,
        0.8376666666666667,
        0.7840333333333334,
        0.80925,
        0.8392,
        0.8132,
        0.8409666666666666,
        0.8381833333333333,
        0.8347,
        0.8405833333333333,
        0.8134833333333333,
        0.8256166666666667
    ],
    "test_loss": [
        2.3036648399353026,
        0.7942642428994179,
        0.7177943708475679,
        0.6635650478737429,
        0.6930101540461983,
        0.8798446482983804,
        0.6855197489812039,
        0.7301519043329637,
        0.6601766202689294,
        0.7289700888889047,
        0.5643381254473592,
        0.8527292703182782,
        0.6937951940718726,
        0.8757094975831685,
        0.6686481722314573,
        1.071137399509821,
        0.7266512968751342,
        0.6511000830317943,
        0.8574808951840323,
        0.7278553868002857,
        0.638103955432959,
        0.7158450822429498,
        1.1497681736799041,
        0.8780445482135403,
        0.8094581059096964
    ],
    "test_acc": [
        0.0829,
        0.7646,
        0.7742,
        0.8336,
        0.8231,
        0.8142,
        0.8385,
        0.8345,
        0.8212,
        0.8601,
        0.8519,
        0.8576,
        0.8265,
        0.7622,
        0.8632,
        0.8159,
        0.8146,
        0.851,
        0.8242,
        0.8566,
        0.836,
        0.843,
        0.8476,
        0.8336,
        0.8077
    ]
}