{
    "train_loss": [
        2.305034884007772,
        0.6860043632406936,
        0.4720974298885073,
        0.42394059976709153,
        0.3704813048035946,
        0.3634096033263294,
        0.36792401442630546,
        0.34669044844116753,
        0.3371856604256654,
        0.36748413294660914,
        0.3425888732839986,
        0.3257590566297949,
        0.30183445599266656,
        0.27993189813518815,
        0.28561253889150856,
        0.2685459744332759,
        0.268676085096221,
        0.27650864764984484,
        0.25626378597590876,
        0.2654912267215637,
        0.2660082528164993,
        0.25947376267069533,
        0.2691306618745909,
        0.24106017073837882,
        0.24065355963074248
    ],
    "train_acc": [
        0.07181666666666667,
        0.8193666666666667,
        0.8881166666666667,
        0.9047,
        0.9173666666666667,
        0.9185833333333333,
        0.9215,
        0.9241666666666667,
        0.9259833333333334,
        0.9194333333333333,
        0.9247,
        0.9299166666666666,
        0.9328333333333333,
        0.9365666666666667,
        0.9393166666666667,
        0.9399,
        0.9421,
        0.9411833333333334,
        0.9427333333333333,
        0.94465,
        0.9438333333333333,
        0.94135,
        0.9415333333333333,
        0.9472,
        0.94805
    ],
    "test_loss": [
        2.3044456077575686,
        0.5068086000428038,
        0.3848061812552391,
        0.4599487741634657,
        0.41019637066989856,
        0.38240971072495994,
        0.5597454433888895,
        0.37194771414823297,
        0.44006706934440726,
        0.4733866785877763,
        0.5018092707509888,
        0.42365911091494074,
        0.39091428039458753,
        0.35888128279405457,
        0.4395008751471283,
        0.4057449918872816,
        0.40454586102708295,
        0.40201394491959963,
        0.5042699646535244,
        0.35800128928607255,
        0.4845344855850418,
        0.4174005843531135,
        0.4538819940375919,
        0.4669220059636493,
        0.4708235269901289
    ],
    "test_acc": [
        0.0753,
        0.8952,
        0.9137,
        0.9104,
        0.8981,
        0.9253,
        0.8817,
        0.9341,
        0.9213,
        0.9155,
        0.9157,
        0.9271,
        0.9231,
        0.9291,
        0.9269,
        0.9307,
        0.9273,
        0.936,
        0.9213,
        0.9307,
        0.93,
        0.9239,
        0.9314,
        0.9281,
        0.941
    ]
}