{
    "train_loss": [
        2.305674257342021,
        0.29441498334209126,
        0.18381118499849206,
        0.14884922497899206,
        0.13676899823167266,
        0.12258656855542881,
        0.10590020738062961,
        0.11026644114947586,
        0.10329534980467127,
        0.10391322754913644,
        0.10280668992118493,
        0.096962707582254,
        0.09335642594329141,
        0.08853799386732064,
        0.09580725037087032,
        0.10607298594194425,
        0.09835057744251706,
        0.09112913595964614,
        0.07897782073936611,
        0.08370138764251189,
        0.08808164250719341,
        0.08809895890803152,
        0.09299332014356283,
        0.07504567995712458,
        0.07871854587724798
    ],
    "train_acc": [
        0.10793333333333334,
        0.9169666666666667,
        0.95175,
        0.9610666666666666,
        0.96535,
        0.96885,
        0.9726333333333333,
        0.97255,
        0.9746666666666667,
        0.9760166666666666,
        0.97625,
        0.97755,
        0.9788166666666667,
        0.9805833333333334,
        0.97945,
        0.9785833333333334,
        0.9799333333333333,
        0.9807666666666667,
        0.9835333333333334,
        0.9827833333333333,
        0.9830666666666666,
        0.9830166666666666,
        0.98365,
        0.9857333333333334,
        0.9851666666666666
    ],
    "test_loss": [
        2.3052435230255126,
        0.24012997231119662,
        0.22546379030022362,
        0.21345074640867678,
        0.20984269121916513,
        0.18322020067147915,
        0.17982541222819873,
        0.19015446858075624,
        0.21579876865915112,
        0.24275326258553104,
        0.2610227348648783,
        0.2890173845740089,
        0.2840200195321698,
        0.2730884787778497,
        0.2745224762929703,
        0.3621049450669111,
        0.36844811572218344,
        0.3223609463212133,
        0.47169926083921,
        0.41331716847369715,
        0.428990713635694,
        0.39903111671821695,
        0.41668895134777884,
        0.4409443406016206,
        0.4703645351546537
    ],
    "test_acc": [
        0.1066,
        0.9423,
        0.9437,
        0.9536,
        0.9549,
        0.9614,
        0.9644,
        0.9616,
        0.9603,
        0.9586,
        0.9584,
        0.9594,
        0.9611,
        0.9627,
        0.9632,
        0.9579,
        0.959,
        0.9637,
        0.958,
        0.9598,
        0.9588,
        0.9649,
        0.9646,
        0.9628,
        0.962
    ]
}