{
    "train_loss": [
        2.3056429417292277,
        0.7595485435021808,
        0.5105377864345656,
        0.46293935651572077,
        0.44244497783205683,
        0.43162324602657043,
        0.44209697839443424,
        0.38208366518861114,
        0.36004975972719094,
        0.3732540283192261,
        0.3407551048774398,
        0.34132383530996363,
        0.32944367206628705,
        0.31180805870737655,
        0.3101643412580918,
        0.33396018030897595,
        0.3269162506736817,
        0.32223370320547634,
        0.30253607359535156,
        0.30234112616793124,
        0.3284545120869052,
        0.28810633407370817,
        0.30587390141350784,
        0.338784422199736,
        0.28315672864394387
    ],
    "train_acc": [
        0.07833333333333334,
        0.7934666666666667,
        0.8793833333333333,
        0.8966166666666666,
        0.9042,
        0.9047333333333333,
        0.8973666666666666,
        0.9145666666666666,
        0.9200166666666667,
        0.9200833333333334,
        0.9241333333333334,
        0.9254,
        0.9277666666666666,
        0.9309666666666667,
        0.9322333333333334,
        0.9273333333333333,
        0.92985,
        0.9289,
        0.9328166666666666,
        0.9316333333333333,
        0.92845,
        0.9369166666666666,
        0.9374833333333333,
        0.9323166666666667,
        0.9353833333333333
    ],
    "test_loss": [
        2.3049506702423095,
        0.5149760898259469,
        0.4415484267492109,
        0.5803649061943928,
        0.4431049195439526,
        0.5250312673253047,
        0.43474525995889707,
        0.3865396466395141,
        0.46853553405432014,
        0.42094640970080366,
        0.385921127416016,
        0.361611205904841,
        0.5042243470987728,
        0.4996594677040819,
        0.46685736210193635,
        0.593603386945926,
        0.4936114600878958,
        0.4057659435145437,
        0.5221645699411777,
        0.507895700672141,
        0.4997142009556835,
        0.426061978377544,
        0.7006533690778233,
        0.48416941616053083,
        0.4074613568917908
    ],
    "test_acc": [
        0.0826,
        0.898,
        0.8866,
        0.8928,
        0.9064,
        0.9064,
        0.9053,
        0.9247,
        0.9169,
        0.9153,
        0.9134,
        0.931,
        0.9219,
        0.9181,
        0.9228,
        0.9144,
        0.926,
        0.9211,
        0.9122,
        0.9208,
        0.9225,
        0.9329,
        0.909,
        0.9155,
        0.9314
    ]
}