{
    "train_loss": [
        2.304665460205078,
        0.9997007860208551,
        0.7307430186387152,
        0.5916666993944634,
        0.5408425672659204,
        0.5176714138468776,
        0.4723243943467774,
        0.4502980252527754,
        0.4813650944576399,
        0.4523241612035753,
        0.4145261087133765,
        0.42113714438867317,
        0.3811824763967319,
        0.4027619216975264,
        0.3760580377956566,
        0.37181897231450517,
        0.3731598804731232,
        0.40235072211947803,
        0.37247630390046665,
        0.4001647284022149,
        0.40683569656095936,
        0.3852192326292351,
        0.3956255905063322,
        0.3954596172991212,
        0.43026941406878133
    ],
    "train_acc": [
        0.08203333333333333,
        0.70555,
        0.8225333333333333,
        0.8625666666666667,
        0.86955,
        0.8732833333333333,
        0.8841333333333333,
        0.8889333333333334,
        0.8831833333333333,
        0.8886,
        0.9006833333333333,
        0.89785,
        0.9117166666666666,
        0.9082166666666667,
        0.91125,
        0.9119833333333334,
        0.9113333333333333,
        0.9069,
        0.91215,
        0.9028,
        0.89785,
        0.9071333333333333,
        0.9066333333333333,
        0.90715,
        0.8918666666666667
    ],
    "test_loss": [
        2.3036648399353026,
        0.7727060502916574,
        0.5121858962779399,
        1.0625025407910347,
        0.5588684104790212,
        0.5690551976525697,
        0.4963721666795598,
        0.44712881141819455,
        0.5612732521717629,
        0.4358159247768946,
        0.5683125409190223,
        0.4316939613372349,
        0.4310961906389056,
        0.5611349881525731,
        0.47674519386516556,
        0.42462284272808537,
        0.4790440692394772,
        0.5026973677730101,
        0.5162373160908528,
        0.50689979560602,
        0.47957293903209647,
        0.6070037279175086,
        0.545022349673264,
        0.5533507166149798,
        0.6233878975635921
    ],
    "test_acc": [
        0.0829,
        0.8287,
        0.8824,
        0.7311,
        0.8691,
        0.8628,
        0.8801,
        0.8973,
        0.8579,
        0.908,
        0.8626,
        0.9232,
        0.923,
        0.9049,
        0.9047,
        0.9076,
        0.8959,
        0.9026,
        0.9195,
        0.8973,
        0.8863,
        0.8971,
        0.9049,
        0.9065,
        0.8707
    ]
}