{
    "train_loss": [
        2.303097758293152,
        0.2787993849210674,
        0.17540624002403735,
        0.14750720592469,
        0.13478745514215767,
        0.11907547427983939,
        0.10963094407450923,
        0.10150841846815584,
        0.0874121605451787,
        0.08701802343271547,
        0.07660576012093055,
        0.08852420183871057,
        0.07582946794710281,
        0.08488899277803404,
        0.08835517266572616,
        0.08657412825175737,
        0.09206645375319783,
        0.08427877367668585,
        0.07841167043384878,
        0.06871271194447538,
        0.0718893604819874,
        0.08938845217039267,
        0.09039531043291191,
        0.0790842882010981,
        0.09162514973196946
    ],
    "train_acc": [
        0.10706666666666667,
        0.9198,
        0.95305,
        0.9606166666666667,
        0.966,
        0.9704666666666667,
        0.9729,
        0.9748,
        0.9789333333333333,
        0.9785166666666667,
        0.9816333333333334,
        0.9801,
        0.9824,
        0.9825666666666667,
        0.9814333333333334,
        0.9824,
        0.9815666666666667,
        0.9836333333333334,
        0.9854333333333334,
        0.9859166666666667,
        0.9858166666666667,
        0.9848,
        0.9850666666666666,
        0.9863166666666666,
        0.98575
    ],
    "test_loss": [
        2.3041049377441407,
        0.23665816204906442,
        0.2423379638007842,
        0.20187459644300496,
        0.18579226755641204,
        0.30657233044841986,
        0.21051230072143204,
        0.24815250947397927,
        0.23980815465707156,
        0.21779592857806207,
        0.3132598209122005,
        0.25404032410596744,
        0.3079415416029995,
        0.2944325567808766,
        0.3136328913924762,
        0.3480881495518058,
        0.33295700271427303,
        0.421647411269065,
        0.3651390361801962,
        0.35671804113177763,
        0.4318289678170901,
        0.41523560195605314,
        0.436356662301036,
        0.4388984165565055,
        0.46085371551939386
    ],
    "test_acc": [
        0.1043,
        0.9378,
        0.9427,
        0.957,
        0.96,
        0.9431,
        0.9605,
        0.9596,
        0.9618,
        0.9657,
        0.9586,
        0.9663,
        0.9634,
        0.9649,
        0.9665,
        0.9633,
        0.9651,
        0.9556,
        0.9689,
        0.968,
        0.9624,
        0.9693,
        0.9661,
        0.9649,
        0.9658
    ]
}