{
    "train_loss": [
        2.3051901514689126,
        0.4950899474891446,
        0.3233346478701647,
        0.2863823182336103,
        0.2565018379868857,
        0.23675254262005765,
        0.21891244806119944,
        0.23163628624750113,
        0.2185657045346123,
        0.19970517936260276,
        0.20386715788938842,
        0.19274322275364836,
        0.1894882364656567,
        0.18375374870056527,
        0.176866651756917,
        0.17380823578609664,
        0.17473490158068986,
        0.16112803762253414,
        0.1710472422613478,
        0.17143045875885743,
        0.15560954606470387,
        0.16699076920395753,
        0.15971093857794708,
        0.16154228170524285,
        0.15337200171204915
    ],
    "train_acc": [
        0.07936666666666667,
        0.8699,
        0.9209,
        0.9309833333333334,
        0.9396333333333333,
        0.9454166666666667,
        0.9495333333333333,
        0.9482,
        0.9518666666666666,
        0.9552666666666667,
        0.954,
        0.9577166666666667,
        0.9578666666666666,
        0.9605166666666667,
        0.9611,
        0.9622833333333334,
        0.9605666666666667,
        0.96435,
        0.9641,
        0.9648666666666667,
        0.9663666666666667,
        0.9652666666666667,
        0.9666833333333333,
        0.96675,
        0.9685833333333334
    ],
    "test_loss": [
        2.3060512508392335,
        0.49299229187979365,
        0.27327746996133356,
        0.32437434808721594,
        0.23817885516261594,
        0.25400348588031046,
        0.2986462566319598,
        0.32280245690756876,
        0.2535204256439414,
        0.29419729370740133,
        0.2938616870042151,
        0.2816804372374749,
        0.48810618658075045,
        0.3409348437753701,
        0.30957665755428027,
        0.31170661092802665,
        0.32821900158085965,
        0.30597493903326506,
        0.3900975982887206,
        0.3443771375102147,
        0.37639044096407887,
        0.4025115397428901,
        0.36983417862045026,
        0.3340703711231653,
        0.444695725040324
    ],
    "test_acc": [
        0.077,
        0.8877,
        0.9372,
        0.9278,
        0.9451,
        0.9456,
        0.9393,
        0.9394,
        0.9488,
        0.9433,
        0.9402,
        0.9482,
        0.9313,
        0.9437,
        0.951,
        0.9481,
        0.947,
        0.9524,
        0.9446,
        0.9498,
        0.9516,
        0.9497,
        0.9543,
        0.9493,
        0.9469
    ]
}