{
    "train_loss": [
        2.2972562834421795,
        0.780897753609065,
        0.5862169275801784,
        0.5198012545148687,
        0.5066967889326239,
        0.43240899758040807,
        0.43764517469616393,
        0.4678231159072936,
        0.42272528046350555,
        0.4001827187732035,
        0.4293814978023907,
        0.41042754143539323,
        0.36470009141034154,
        0.37190197122641633,
        0.37301649582690305,
        0.35713176262192214,
        0.3403646427751775,
        0.3575249545337649,
        0.3752942916884774,
        0.3506975893887253,
        0.3080897099349155,
        0.3211128962644302,
        0.3237620315815046,
        0.31663830823518013,
        0.30039770515279257
    ],
    "train_acc": [
        0.1213,
        0.7914833333333333,
        0.8561666666666666,
        0.8786333333333334,
        0.8882166666666667,
        0.8986666666666666,
        0.9009,
        0.8969833333333334,
        0.8993333333333333,
        0.90785,
        0.9000333333333334,
        0.9010833333333333,
        0.9131666666666667,
        0.9143666666666667,
        0.9127666666666666,
        0.9139166666666667,
        0.91425,
        0.9133166666666667,
        0.9067666666666667,
        0.91335,
        0.9224,
        0.9223,
        0.9221166666666667,
        0.92535,
        0.92765
    ],
    "test_loss": [
        2.2965717933654783,
        0.62603382520749,
        0.5468335945326835,
        0.5125789879530814,
        0.5080211224930361,
        0.44010042645055075,
        0.51694432567896,
        1.147749350134743,
        0.46361262917618834,
        0.9096562730287746,
        0.6343857644686814,
        0.42157222781879444,
        0.6202169418759048,
        0.5004872672833484,
        0.6899737251733976,
        0.5566771874754957,
        0.7676289562251682,
        0.504125556388762,
        0.574459810993046,
        0.48917362305020323,
        0.5260351180237892,
        0.5622443636969775,
        0.4842615802826542,
        0.49182993254792257,
        0.5567031272544574
    ],
    "test_acc": [
        0.1282,
        0.853,
        0.8413,
        0.8934,
        0.8897,
        0.9037,
        0.8799,
        0.8754,
        0.8926,
        0.835,
        0.8904,
        0.912,
        0.9022,
        0.9018,
        0.8979,
        0.8808,
        0.8651,
        0.8965,
        0.9143,
        0.9167,
        0.9053,
        0.9047,
        0.9254,
        0.9003,
        0.9244
    ]
}