{
    "train_loss": [
        2.2972562834421795,
        1.0902436208595832,
        0.9758902723545209,
        0.8764967824399471,
        0.8248951787418499,
        0.8991180447988212,
        0.9574680582167193,
        0.8275505483489484,
        0.8598513208752732,
        0.8972463398655256,
        0.8806666962997793,
        0.7840101855262916,
        0.8058234145503363,
        0.872480642702069,
        0.80831499975125,
        0.75682730423829,
        0.7734166465991349,
        0.7601611727357216,
        0.7834584313036786,
        0.7447255257727634,
        0.7216279676787974,
        0.7555527514925043,
        0.7510134274051992,
        0.7160047792257734,
        0.698792414460976
    ],
    "train_acc": [
        0.1213,
        0.6590833333333334,
        0.7065,
        0.7480666666666667,
        0.7565666666666667,
        0.7608333333333334,
        0.7016333333333333,
        0.7472833333333333,
        0.72315,
        0.69355,
        0.7093666666666667,
        0.7570166666666667,
        0.7465166666666667,
        0.7107666666666667,
        0.7413833333333333,
        0.78045,
        0.7876833333333333,
        0.7792333333333333,
        0.7875333333333333,
        0.7924,
        0.8099333333333333,
        0.7894166666666667,
        0.78845,
        0.8044666666666667,
        0.8091166666666667
    ],
    "test_loss": [
        2.2965717933654783,
        0.9540663572907447,
        0.8802114354647697,
        0.8257050336003303,
        0.8497092315852642,
        0.9422465853571892,
        0.9170767827749252,
        0.7314366413533687,
        1.0981698479652404,
        0.9368254233837128,
        0.8115275630094111,
        0.8654480145223439,
        1.0755800826072692,
        1.0211969041705131,
        0.8363862466384653,
        0.8184404815312754,
        0.8443610568427248,
        0.9532299149632454,
        0.8358352171065024,
        0.8473747043483602,
        1.0210955665805086,
        0.9934509193317727,
        0.8392253988578566,
        2.8372794176101683,
        0.7969048285834859
    ],
    "test_acc": [
        0.1282,
        0.6841,
        0.7094,
        0.7381,
        0.7224,
        0.6967,
        0.7649,
        0.781,
        0.6416,
        0.6828,
        0.7516,
        0.7734,
        0.6493,
        0.7132,
        0.7432,
        0.804,
        0.7489,
        0.7303,
        0.7652,
        0.804,
        0.8121,
        0.7619,
        0.8485,
        0.71,
        0.8119
    ]
}