{
    "train_loss": [
        2.303097758293152,
        0.21446314027052915,
        0.10843537641210714,
        0.07403631306486326,
        0.059857221027472936,
        0.045191475405698234,
        0.039781365112866555,
        0.03366932587849051,
        0.026978518298213364,
        0.023364974385525594,
        0.02163130192219591,
        0.022263153120582236,
        0.0230020811143408,
        0.014874067786840575,
        0.016487961118752094,
        0.014227318682814679,
        0.014406037288477436,
        0.013158976209787001,
        0.020921197632659913,
        0.01157711288974863,
        0.017753941188918817,
        0.015675196146941257,
        0.01604612159579362,
        0.023093195001991612,
        0.025576968076416177
    ],
    "train_acc": [
        0.10706666666666667,
        0.9360833333333334,
        0.9690833333333333,
        0.9779333333333333,
        0.9825,
        0.9868333333333333,
        0.9879833333333333,
        0.9900166666666667,
        0.9915833333333334,
        0.9929333333333333,
        0.9937333333333334,
        0.9933833333333333,
        0.9935333333333334,
        0.9955333333333334,
        0.9957,
        0.9961666666666666,
        0.9960666666666667,
        0.9962333333333333,
        0.99485,
        0.9967833333333334,
        0.9956,
        0.9964166666666666,
        0.9960166666666667,
        0.9952666666666666,
        0.9951666666666666
    ],
    "test_loss": [
        2.3041049377441407,
        0.13341184903357645,
        0.16961600248680553,
        0.1158997910629867,
        0.12663504307685625,
        0.15466207811761623,
        0.14688069066467968,
        0.1654901506860199,
        0.15385740436565085,
        0.16113814471864116,
        0.2169409852230815,
        0.17388311549906074,
        0.20845944156529522,
        0.2116849242952304,
        0.22162399493222884,
        0.24315618920609872,
        0.23704135209726923,
        0.2725912685381417,
        0.2551033971611639,
        0.25365068274209523,
        0.2947593740535164,
        0.28642340269122707,
        0.35764323477126936,
        0.3401575704809843,
        0.29648581582464084
    ],
    "test_acc": [
        0.1043,
        0.9618,
        0.9549,
        0.9731,
        0.9739,
        0.9702,
        0.9717,
        0.9718,
        0.9756,
        0.9754,
        0.9706,
        0.9756,
        0.9734,
        0.9764,
        0.9752,
        0.9719,
        0.9754,
        0.974,
        0.9744,
        0.975,
        0.9755,
        0.9771,
        0.9721,
        0.973,
        0.9747
    ]
}