{
    "train_loss": [
        2.3051901514689126,
        0.2892252310713093,
        0.18135650364986214,
        0.1532592373328654,
        0.13086804172324543,
        0.12288664710789945,
        0.11058891958805771,
        0.10204513679537223,
        0.10815449775073116,
        0.09353510418773109,
        0.08877739747894967,
        0.08289173796053483,
        0.07926246363582394,
        0.07921745685582053,
        0.0839041735764315,
        0.08230868481513227,
        0.07331568095349962,
        0.0885684006913788,
        0.09831831032655641,
        0.0824052202522165,
        0.08792706296417664,
        0.09731236934651263,
        0.09919580191407071,
        0.11213979661370763,
        0.10784188579024646
    ],
    "train_acc": [
        0.07936666666666667,
        0.9175166666666666,
        0.9515333333333333,
        0.9596333333333333,
        0.9663,
        0.9681666666666666,
        0.9718166666666667,
        0.9761,
        0.9746,
        0.9781666666666666,
        0.9797166666666667,
        0.9817833333333333,
        0.9820166666666666,
        0.9827833333333333,
        0.9824833333333334,
        0.9829,
        0.9841666666666666,
        0.9824166666666667,
        0.9827833333333333,
        0.9851666666666666,
        0.9851,
        0.9843166666666666,
        0.9841,
        0.9829,
        0.9843
    ],
    "test_loss": [
        2.3060512508392335,
        0.19877051303610205,
        0.209423381928257,
        0.19092526243200972,
        0.18266008928826413,
        0.2581004411777522,
        0.22168645453904542,
        0.20453589931986882,
        0.23335096531662033,
        0.2207072955556123,
        0.33319311307391297,
        0.3110448494061175,
        0.2849467763587515,
        0.26895160713900435,
        0.344131740274537,
        0.3989625388535409,
        0.3163837072277551,
        0.4085024119818732,
        0.4411785358696199,
        0.3985364954019173,
        0.45146760992992796,
        0.4679519917755988,
        0.4718138325568274,
        0.5505242160510275,
        0.5131926639124608
    ],
    "test_acc": [
        0.077,
        0.9445,
        0.9468,
        0.9569,
        0.9617,
        0.9532,
        0.9619,
        0.9626,
        0.962,
        0.9663,
        0.9522,
        0.9626,
        0.9648,
        0.9677,
        0.9602,
        0.9602,
        0.9646,
        0.963,
        0.9621,
        0.9668,
        0.965,
        0.9644,
        0.9665,
        0.9598,
        0.9685
    ]
}