{
    "train_loss": [
        2.3091942808151247,
        0.7641829089966448,
        0.5320322314445569,
        0.4827581109671257,
        0.4482865119766599,
        0.40982017110366,
        0.43978132726409624,
        0.4633381141578309,
        0.426973814034409,
        0.40612687758866667,
        0.40696401817147687,
        0.41671196669494615,
        0.4241527194564495,
        0.4793997319732714,
        0.4364637345595762,
        0.42351358147745616,
        0.3750607993619428,
        0.3969274783723538,
        0.372670155460346,
        0.37610323370172627,
        0.37515968485416273,
        0.3417460195349214,
        0.3022453893229357,
        0.3069441420642576,
        0.2791698776156928
    ],
    "train_acc": [
        0.1055,
        0.7961833333333334,
        0.8735,
        0.8842666666666666,
        0.8922666666666667,
        0.9085166666666666,
        0.9021,
        0.9014666666666666,
        0.9128666666666667,
        0.9186833333333333,
        0.9180666666666667,
        0.9172166666666667,
        0.9157333333333333,
        0.8932833333333333,
        0.90375,
        0.9131833333333333,
        0.9228166666666666,
        0.9201166666666667,
        0.9236333333333333,
        0.9234666666666667,
        0.9230166666666667,
        0.92235,
        0.93215,
        0.9279166666666666,
        0.9347333333333333
    ],
    "test_loss": [
        2.3092392925262453,
        0.6489866025757045,
        0.4306283600269817,
        0.5355304344589517,
        0.4494596165553148,
        0.6462246303683321,
        0.4707672060526235,
        0.4381237611135482,
        0.49346679459752923,
        0.4978544689036575,
        0.44380585417765395,
        0.4837092080551197,
        0.5513205048443713,
        0.6368194362683324,
        0.49973998036912953,
        0.5199899764243819,
        0.4948833526745395,
        0.48714244088913017,
        0.8295275005256997,
        0.5450816592379161,
        0.5204596329470907,
        0.4955814401735348,
        0.5390811536683424,
        0.45945019969555867,
        0.45992316928630755
    ],
    "test_acc": [
        0.1053,
        0.8273,
        0.8846,
        0.8911,
        0.8988,
        0.8625,
        0.9091,
        0.9056,
        0.9121,
        0.9138,
        0.9293,
        0.9176,
        0.8977,
        0.8561,
        0.9189,
        0.8993,
        0.9192,
        0.916,
        0.8998,
        0.9114,
        0.9146,
        0.9184,
        0.9142,
        0.9217,
        0.9262
    ]
}