{
    "train_loss": [
        2.305674257342021,
        0.43074731773324115,
        0.2657145995570424,
        0.2320187518171515,
        0.20703063373427458,
        0.20202954177618493,
        0.1920096524284425,
        0.17588167260267473,
        0.16939223519020594,
        0.16084558522744888,
        0.15317414348858507,
        0.16621956382409547,
        0.15343565601112658,
        0.15000567340686177,
        0.14110149882876813,
        0.14527909423612237,
        0.13503682893376145,
        0.1318342896997399,
        0.12640864131494847,
        0.1199872278681963,
        0.12137329863311876,
        0.11403977036407772,
        0.11823049393372717,
        0.11229612599129511,
        0.11777362907204635
    ],
    "train_acc": [
        0.10793333333333334,
        0.8857,
        0.9340166666666667,
        0.9441833333333334,
        0.9503333333333334,
        0.95395,
        0.9569333333333333,
        0.9598,
        0.9618333333333333,
        0.9637833333333333,
        0.9643333333333334,
        0.9641333333333333,
        0.9665,
        0.96795,
        0.9686833333333333,
        0.9689166666666666,
        0.9708333333333333,
        0.97105,
        0.973,
        0.97415,
        0.9740666666666666,
        0.97615,
        0.9753333333333334,
        0.9762166666666666,
        0.9765
    ],
    "test_loss": [
        2.3052435230255126,
        0.386362567905162,
        0.257330180535221,
        0.27248699798648196,
        0.23429452923452776,
        0.3228442906534981,
        0.3192211037656847,
        0.263406458867067,
        0.38303941514863926,
        0.260181607962572,
        0.3597884671300702,
        0.449251025896015,
        0.3815216983101302,
        0.2921141553711801,
        0.2753620670602053,
        0.33960658862030035,
        0.3136108022316657,
        0.3408161689697221,
        0.39980837898437377,
        0.3258249194293593,
        0.3801848419883774,
        0.3794459927724723,
        0.37465948263493626,
        0.40009300985989105,
        0.6306399756049266
    ],
    "test_acc": [
        0.1066,
        0.9023,
        0.9333,
        0.936,
        0.9502,
        0.9457,
        0.9299,
        0.9487,
        0.92,
        0.953,
        0.9399,
        0.942,
        0.9442,
        0.9566,
        0.9598,
        0.9526,
        0.9564,
        0.9554,
        0.9514,
        0.9553,
        0.9561,
        0.9558,
        0.9573,
        0.9582,
        0.9471
    ]
}