{
    "train_loss": [
        2.3047236925125123,
        0.6460667938372818,
        0.4623252835195395,
        0.40520758161709053,
        0.3861287415861099,
        0.4162168695404531,
        0.3778105476789828,
        0.3604662664891103,
        0.3390369145003674,
        0.32309719046706364,
        0.31551813239009563,
        0.2961352194760601,
        0.28869483432987825,
        0.27928030034564694,
        0.27964750056871296,
        0.28311461533228355,
        0.28058789187612043,
        0.28246329521598057,
        0.2766003024731531,
        0.2617716894400642,
        0.23125916626999551,
        0.25264717662165775,
        0.24514595548419135,
        0.24914521293459438,
        0.23206320801245583
    ],
    "train_acc": [
        0.09708333333333333,
        0.8313833333333334,
        0.8892,
        0.90795,
        0.9125333333333333,
        0.9124166666666667,
        0.9191166666666667,
        0.9205333333333333,
        0.9256666666666666,
        0.9303666666666667,
        0.9293833333333333,
        0.93375,
        0.9350666666666667,
        0.93835,
        0.9386333333333333,
        0.93635,
        0.9397333333333333,
        0.9391166666666667,
        0.9397333333333333,
        0.9402166666666667,
        0.94865,
        0.94295,
        0.9447,
        0.94375,
        0.9468833333333333
    ],
    "test_loss": [
        2.304498468017578,
        0.46535243617272937,
        0.367907286235076,
        0.3985429047851288,
        0.6630816847034963,
        0.41630115387409294,
        0.41515154631974494,
        0.39165694410357654,
        0.4144618775488028,
        0.35737689259244126,
        0.4532796814002664,
        0.4035193206188662,
        0.3949260601552461,
        0.4037436656340831,
        0.3772893103170606,
        0.663359254037605,
        0.5134168248833778,
        0.48969235385431104,
        0.4677756523811102,
        0.4066237187671443,
        0.6379049969659069,
        0.476528134784773,
        0.43221741450128004,
        0.5850587245136961,
        0.4743071217515634
    ],
    "test_acc": [
        0.0999,
        0.8726,
        0.9124,
        0.9096,
        0.8538,
        0.9163,
        0.9106,
        0.92,
        0.9198,
        0.9269,
        0.9209,
        0.9219,
        0.9375,
        0.9127,
        0.9351,
        0.8986,
        0.9165,
        0.9208,
        0.9096,
        0.9312,
        0.9241,
        0.9362,
        0.9296,
        0.9105,
        0.9406
    ]
}