{
    "train_loss": [
        2.2972562834421795,
        0.2777915857794733,
        0.17835885866882698,
        0.14211967036143466,
        0.1258612985236734,
        0.11823503088889152,
        0.10852248983747055,
        0.10551552771562979,
        0.10334252753089991,
        0.09613507725819756,
        0.09870027410374774,
        0.09094674066047766,
        0.08991407119173976,
        0.08344160645971624,
        0.08299594242832042,
        0.09924018975424391,
        0.09682131253507607,
        0.09420172833844048,
        0.09034605161030433,
        0.0853665478744383,
        0.10339961138669773,
        0.10557728275026017,
        0.08966614524777775,
        0.09995034950790525,
        0.09497476980897153
    ],
    "train_acc": [
        0.1213,
        0.9213333333333333,
        0.9531166666666666,
        0.9621,
        0.9685666666666667,
        0.9705333333333334,
        0.9738166666666667,
        0.97485,
        0.97615,
        0.9778166666666667,
        0.9791,
        0.9801666666666666,
        0.9808833333333333,
        0.98215,
        0.9826833333333334,
        0.9814333333333334,
        0.9824,
        0.9833333333333333,
        0.9835166666666667,
        0.9848333333333333,
        0.9838333333333333,
        0.9830833333333333,
        0.9857166666666667,
        0.98485,
        0.9853
    ],
    "test_loss": [
        2.2965717933654783,
        0.24354582944982175,
        0.1772216013809574,
        0.1728309405178792,
        0.18881427664284475,
        0.22039343759076993,
        0.21625585056774863,
        0.25135788997485153,
        0.22987442644412098,
        0.2569658781672642,
        0.25979279202559735,
        0.24830495526017785,
        0.32462672047553504,
        0.2624580431348458,
        0.34779827994843787,
        0.35469651739235847,
        0.34001373070260293,
        0.3976326669663766,
        0.3544481586868408,
        0.41324800369620696,
        0.5310900281093678,
        0.43833600053760785,
        0.47918994928226866,
        0.581605661082204,
        0.462388758760107
    ],
    "test_acc": [
        0.1282,
        0.9279,
        0.9534,
        0.9578,
        0.9601,
        0.9593,
        0.9624,
        0.9593,
        0.9573,
        0.9613,
        0.9622,
        0.9651,
        0.9603,
        0.9665,
        0.9631,
        0.9623,
        0.9659,
        0.9632,
        0.9641,
        0.9649,
        0.9612,
        0.9647,
        0.966,
        0.957,
        0.9637
    ]
}