{
    "train_loss": [
        2.303097758293152,
        1.0539433507627498,
        0.9551479971518119,
        0.9939786355952421,
        0.9350564750516788,
        0.8998152005678343,
        0.958066688751181,
        0.9884434814835588,
        0.8058138395846252,
        0.8370253542748279,
        0.964122994258022,
        0.8879669618034736,
        0.8621831542054812,
        0.8573815866781415,
        0.8777986507969998,
        0.8350112466335297,
        0.8177377084126982,
        0.8190022179609242,
        0.7729888056435253,
        0.7760502485059616,
        0.8063225025337732,
        0.8120077765542723,
        0.7798712826508369,
        0.7490151582854863,
        0.7144163426179548
    ],
    "train_acc": [
        0.10706666666666667,
        0.6854,
        0.7166666666666667,
        0.6965,
        0.7123,
        0.72325,
        0.6812666666666667,
        0.6988333333333333,
        0.7733333333333333,
        0.75045,
        0.6913166666666667,
        0.72795,
        0.7242166666666666,
        0.7174,
        0.7151333333333333,
        0.7352166666666666,
        0.7381,
        0.7453,
        0.7566833333333334,
        0.7552666666666666,
        0.7402,
        0.74145,
        0.7459,
        0.7555,
        0.765
    ],
    "test_loss": [
        2.3041049377441407,
        0.8955343450546265,
        0.8591497221268714,
        0.8153069888472557,
        0.7554770077347756,
        0.9560419893503189,
        1.0017253283262253,
        1.0488586868033745,
        0.8003733137965217,
        0.9896175468921662,
        0.9558849947214126,
        0.9601402005553246,
        0.9010868890285492,
        0.9693698033571243,
        0.9472984732866288,
        0.9320985350728035,
        0.9183573917455972,
        1.01876652354002,
        0.9265959242165088,
        0.9191824821591377,
        0.9752257617461378,
        0.9970926406741142,
        0.8048013587115376,
        1.0478815683484077,
        0.8797851298510848
    ],
    "test_acc": [
        0.1043,
        0.7446,
        0.7423,
        0.7027,
        0.7572,
        0.6836,
        0.6445,
        0.7967,
        0.7844,
        0.6947,
        0.6955,
        0.6891,
        0.7161,
        0.7344,
        0.7419,
        0.6983,
        0.7661,
        0.7612,
        0.7367,
        0.7545,
        0.7364,
        0.7444,
        0.7701,
        0.7409,
        0.7821
    ]
}