{
    "train_loss": [
        2.2972562834421795,
        0.21399566066820797,
        0.10817760795865591,
        0.07407877225946273,
        0.05882016382677675,
        0.05002839640964438,
        0.045359816594150545,
        0.034093474271019025,
        0.03148545192914668,
        0.024965517819208045,
        0.02688942798293711,
        0.03165113635093358,
        0.027455632681703902,
        0.021571853762502348,
        0.02131102563593512,
        0.01949912756082434,
        0.027028733879690237,
        0.02018614439894155,
        0.02241901706615879,
        0.024013029891604885,
        0.018164391679697526,
        0.020164414236204596,
        0.022962130669383234,
        0.0186824390174543,
        0.029683539062157063
    ],
    "train_acc": [
        0.1213,
        0.9373,
        0.96975,
        0.9781,
        0.9828166666666667,
        0.9849833333333333,
        0.98635,
        0.9898166666666667,
        0.99055,
        0.9924833333333334,
        0.9922,
        0.9919833333333333,
        0.9925666666666667,
        0.99375,
        0.9943833333333333,
        0.9945833333333334,
        0.9935666666666667,
        0.9947666666666667,
        0.9944666666666667,
        0.9945333333333334,
        0.9956666666666667,
        0.9956833333333334,
        0.995,
        0.9958166666666667,
        0.9942166666666666
    ],
    "test_loss": [
        2.2965717933654783,
        0.12493210215660511,
        0.13524848552877228,
        0.14961024438066087,
        0.14754843607269644,
        0.1379073608275448,
        0.157406885041253,
        0.16284414138410053,
        0.19261825885250083,
        0.16450854941463178,
        0.21248132558565402,
        0.21369721780544224,
        0.2220772448895574,
        0.2483757750955251,
        0.24428018664336815,
        0.2560867637806921,
        0.31470234598021807,
        0.286309061079931,
        0.3308516828169084,
        0.31725582499269267,
        0.36242609707100926,
        0.32240213370659515,
        0.4012825619263833,
        0.35523070462720524,
        0.3996143616453669
    ],
    "test_acc": [
        0.1282,
        0.9633,
        0.9635,
        0.9646,
        0.9663,
        0.9717,
        0.9708,
        0.9715,
        0.9652,
        0.9746,
        0.9733,
        0.9727,
        0.9734,
        0.9721,
        0.9738,
        0.9732,
        0.9723,
        0.9745,
        0.9716,
        0.9727,
        0.9699,
        0.9723,
        0.9689,
        0.9756,
        0.9725
    ]
}