{
    "train_loss": [
        2.3056429417292277,
        0.27775957605780954,
        0.16751196563713602,
        0.14404865412404566,
        0.1233648371878912,
        0.11592439379466125,
        0.1069094844820984,
        0.10448184488376525,
        0.09806759956154397,
        0.09579784999939461,
        0.0886106650267773,
        0.10624682567761455,
        0.0878822505287641,
        0.07811219192781903,
        0.07948843424264644,
        0.08253589741388996,
        0.09607679105693336,
        0.09052563301863716,
        0.09661119704863258,
        0.09455731113751792,
        0.09698093107964906,
        0.10134810391652341,
        0.09360099644285001,
        0.0836271086157505,
        0.10060062425482791
    ],
    "train_acc": [
        0.07833333333333334,
        0.9204666666666667,
        0.9548833333333333,
        0.9617333333333333,
        0.9676333333333333,
        0.97045,
        0.97405,
        0.9737666666666667,
        0.9767166666666667,
        0.9775166666666667,
        0.9792333333333333,
        0.9776,
        0.9808166666666667,
        0.9828666666666667,
        0.9829333333333333,
        0.9837166666666667,
        0.9823166666666666,
        0.9829833333333333,
        0.9827333333333333,
        0.9829333333333333,
        0.9839166666666667,
        0.9841833333333333,
        0.9851166666666666,
        0.98655,
        0.98545
    ],
    "test_loss": [
        2.3049506702423095,
        0.16810810559526582,
        0.23260917440278972,
        0.17933610750510434,
        0.2021865164951508,
        0.17243494933723835,
        0.22866088961655343,
        0.25114671291083795,
        0.2545984323308229,
        0.24233828418554332,
        0.38173215542878747,
        0.2730671468483463,
        0.2501849813422901,
        0.2950633547613361,
        0.3406522614977165,
        0.35586792522820226,
        0.3547499255929325,
        0.3812112720733443,
        0.34616656059498785,
        0.3449733556190361,
        0.3910559312429589,
        0.44863844656053764,
        0.5115074463498378,
        0.6716434881069661,
        0.4583332115867576
    ],
    "test_acc": [
        0.0826,
        0.9542,
        0.9438,
        0.9599,
        0.9601,
        0.9668,
        0.9595,
        0.9565,
        0.9629,
        0.961,
        0.9563,
        0.9651,
        0.9663,
        0.9622,
        0.9605,
        0.9656,
        0.9632,
        0.9671,
        0.9672,
        0.9658,
        0.9658,
        0.9649,
        0.9616,
        0.9584,
        0.9666
    ]
}