{
    "train_loss": [
        2.2988321739832562,
        0.28341348669054955,
        0.17763959803187415,
        0.13730848723090847,
        0.1245880834931347,
        0.11476561756089716,
        0.10863398931868484,
        0.09949784525383276,
        0.0970350393430391,
        0.10293370898130268,
        0.09697956022355854,
        0.09337180662190671,
        0.08829726432519974,
        0.10603512575334859,
        0.10011276864515019,
        0.09683585455435906,
        0.09672324140424443,
        0.08942910647828879,
        0.07929991387103284,
        0.09964446767558466,
        0.12186973266271028,
        0.0837739705270232,
        0.08094881363587517,
        0.09653503933871807,
        0.08369036025058305
    ],
    "train_acc": [
        0.16486666666666666,
        0.9188833333333334,
        0.9528,
        0.9637833333333333,
        0.9677166666666667,
        0.9709166666666667,
        0.9736,
        0.97555,
        0.9767,
        0.9771833333333333,
        0.97915,
        0.9798666666666667,
        0.9811,
        0.9794333333333334,
        0.9807666666666667,
        0.98225,
        0.9822333333333333,
        0.9830833333333333,
        0.9854333333333334,
        0.98415,
        0.9821666666666666,
        0.98565,
        0.9873333333333333,
        0.9853166666666666,
        0.9868333333333333
    ],
    "test_loss": [
        2.2975090656280517,
        0.20397960899006576,
        0.2125164145409959,
        0.17781562642703502,
        0.18530259408923747,
        0.27202531750118997,
        0.21138814131947692,
        0.19414494417546244,
        0.2021093310119185,
        0.20504418489835408,
        0.26752482906337316,
        0.26685262089355194,
        0.3172850450345165,
        0.31599202818558497,
        0.3020489160165914,
        0.32912789988821417,
        0.3341312925396881,
        0.3197295701413937,
        0.41531738330229134,
        0.4011695193102758,
        0.522182016123582,
        0.41328541160750865,
        0.42781159966726506,
        0.505520151258017,
        0.45984471285979034
    ],
    "test_acc": [
        0.167,
        0.9418,
        0.9469,
        0.9568,
        0.9604,
        0.9516,
        0.9603,
        0.9673,
        0.9659,
        0.965,
        0.9628,
        0.9636,
        0.9627,
        0.9637,
        0.9678,
        0.9664,
        0.9645,
        0.9676,
        0.9641,
        0.9632,
        0.9599,
        0.9644,
        0.9707,
        0.965,
        0.9664
    ]
}