{
    "train_loss": [
        2.3051901514689126,
        0.23288816330062692,
        0.11477469892282534,
        0.08330350503041105,
        0.06929064815348171,
        0.055600656727833826,
        0.04648839060293423,
        0.03719926778286169,
        0.031956695243799786,
        0.03232014299588251,
        0.025254845600620766,
        0.028201010164901202,
        0.021383936666218833,
        0.020771898692882415,
        0.024857782275216955,
        0.024443165984901098,
        0.01647385349183525,
        0.019955785472651383,
        0.024856132874960135,
        0.027307673762443946,
        0.023182774886047263,
        0.022636387987077594,
        0.0189695830600522,
        0.02240373335125213,
        0.02416132479996115
    ],
    "train_acc": [
        0.07936666666666667,
        0.9308833333333333,
        0.9671333333333333,
        0.9756,
        0.9797,
        0.9832666666666666,
        0.98595,
        0.9885666666666667,
        0.9905666666666667,
        0.9902166666666666,
        0.9922333333333333,
        0.9916166666666667,
        0.9939166666666667,
        0.9945,
        0.9932833333333333,
        0.9938666666666667,
        0.99525,
        0.99485,
        0.99405,
        0.9942166666666666,
        0.9946666666666667,
        0.9944833333333334,
        0.9953333333333333,
        0.9951166666666666,
        0.9944666666666667
    ],
    "test_loss": [
        2.3060512508392335,
        0.14302407818344653,
        0.14417609358401132,
        0.15896701511370256,
        0.13018243206553445,
        0.14768760734319453,
        0.13602735038792768,
        0.14241237949226243,
        0.18625064651268397,
        0.168318356532399,
        0.1926815818082123,
        0.20066208921737438,
        0.21311924682249014,
        0.24336621076875703,
        0.23273385497541776,
        0.27018716207975874,
        0.23707121730899872,
        0.2911481487770796,
        0.28207447431697896,
        0.3017476310201072,
        0.27057947399762944,
        0.30192238688084055,
        0.288766711463693,
        0.29424839088944116,
        0.35848430457943375
    ],
    "test_acc": [
        0.077,
        0.9587,
        0.9613,
        0.9608,
        0.9713,
        0.9687,
        0.9726,
        0.9736,
        0.9685,
        0.9746,
        0.9735,
        0.9731,
        0.9732,
        0.9715,
        0.9742,
        0.969,
        0.9733,
        0.9727,
        0.9748,
        0.9728,
        0.973,
        0.9729,
        0.9729,
        0.9752,
        0.9725
    ]
}