{
    "train_loss": [
        2.305034884007772,
        0.41517032502519047,
        0.2711981410731889,
        0.22761558172461938,
        0.20171728365219405,
        0.19061861552875087,
        0.19651429314293856,
        0.18357290174328653,
        0.16773709035341802,
        0.16521390244932949,
        0.1702822592460155,
        0.16479526976986938,
        0.14872084448231532,
        0.14674231212242472,
        0.14876068714095753,
        0.13866828593084268,
        0.1337207569472543,
        0.13057970097553104,
        0.13404571216886405,
        0.12692913993190796,
        0.12488776233203629,
        0.12722500554882515,
        0.1185445836850929,
        0.1342597397390092,
        0.13508309934958052
    ],
    "train_acc": [
        0.07181666666666667,
        0.8880666666666667,
        0.93415,
        0.9449666666666666,
        0.9520166666666666,
        0.9553166666666667,
        0.9558,
        0.9587666666666667,
        0.9629,
        0.96315,
        0.9642833333333334,
        0.9656833333333333,
        0.9678,
        0.9682,
        0.9696833333333333,
        0.97055,
        0.97205,
        0.9721,
        0.9728333333333333,
        0.9738166666666667,
        0.9745333333333334,
        0.9754333333333334,
        0.9753833333333334,
        0.9752666666666666,
        0.9741666666666666
    ],
    "test_loss": [
        2.3044456077575686,
        0.2827976970583666,
        0.27058058032108717,
        0.22579653318476048,
        0.2351260320386602,
        0.24245712450642787,
        0.3246521027156414,
        0.2604035032510967,
        0.2678479292262847,
        0.3094315787888092,
        0.30043613722623064,
        0.33662783943460167,
        0.31100742162591555,
        0.31585224417237284,
        0.39023433764957993,
        0.2993722699072673,
        0.36645716199906975,
        0.38470357062075,
        0.43300375739077135,
        0.40736742105767015,
        0.3467805816999433,
        0.342669994441739,
        0.36096419624990655,
        0.4815885086150688,
        0.48382616483417107
    ],
    "test_acc": [
        0.0753,
        0.9212,
        0.9321,
        0.9471,
        0.9449,
        0.948,
        0.9428,
        0.9546,
        0.9512,
        0.9456,
        0.9527,
        0.9517,
        0.953,
        0.9527,
        0.9408,
        0.9601,
        0.956,
        0.9547,
        0.9471,
        0.9523,
        0.9554,
        0.9611,
        0.9595,
        0.9502,
        0.953
    ]
}