{
    "train_loss": [
        2.3056429417292277,
        0.21674893419111807,
        0.11090831504526093,
        0.08496015631176512,
        0.06393609136360764,
        0.050020363822156765,
        0.04135562541109862,
        0.03650626438862285,
        0.03597992767622509,
        0.02755788155355918,
        0.020539739679853734,
        0.017918989147840982,
        0.02013857756543344,
        0.017405358355036288,
        0.01969721085403098,
        0.017891405376438133,
        0.016745886449832662,
        0.014703683154680677,
        0.013143693207720332,
        0.016282119062711105,
        0.020037843956890795,
        0.015860641834738336,
        0.0199711223371657,
        0.014510034698977764,
        0.019670309271555903
    ],
    "train_acc": [
        0.07833333333333334,
        0.9348666666666666,
        0.968,
        0.9757166666666667,
        0.9807666666666667,
        0.9848333333333333,
        0.9872666666666666,
        0.9893166666666666,
        0.9894,
        0.99215,
        0.9935833333333334,
        0.9949333333333333,
        0.9943,
        0.9947833333333334,
        0.9946666666666667,
        0.9950833333333333,
        0.9952666666666666,
        0.9956833333333334,
        0.99635,
        0.9961666666666666,
        0.9956,
        0.99595,
        0.9955666666666667,
        0.9962,
        0.9953833333333333
    ],
    "test_loss": [
        2.3049506702423095,
        0.1443622884817887,
        0.14343232412172366,
        0.13145935077294352,
        0.14080478796750084,
        0.15465117795347483,
        0.17003734948192342,
        0.17007192902073776,
        0.18738397882454486,
        0.18867787880636747,
        0.19345673656808468,
        0.2112927458845016,
        0.20964904722551372,
        0.1993872009879529,
        0.24032063238087267,
        0.2556292105265896,
        0.2390037639370843,
        0.24700903030165727,
        0.2544804311647239,
        0.2844010361042223,
        0.2623746912079152,
        0.31582439589133265,
        0.2998262401757529,
        0.29359672382696095,
        0.3200046059126523
    ],
    "test_acc": [
        0.0826,
        0.9581,
        0.9644,
        0.9679,
        0.9688,
        0.9691,
        0.9695,
        0.9707,
        0.9676,
        0.9719,
        0.9731,
        0.973,
        0.9736,
        0.9737,
        0.9735,
        0.972,
        0.9747,
        0.9744,
        0.9746,
        0.9733,
        0.9748,
        0.9734,
        0.9721,
        0.9749,
        0.974
    ]
}