{
    "train_loss": [
        2.305674257342021,
        0.2159297089421268,
        0.11125792355522086,
        0.07826213499044231,
        0.06033212244499547,
        0.04992858022795274,
        0.03839931822846302,
        0.033964491763679244,
        0.027059275208653935,
        0.023905408534403167,
        0.019249329090668985,
        0.018603796856046878,
        0.01846568114948282,
        0.017355509081922522,
        0.018577949563649825,
        0.014978420512077673,
        0.01396397000975471,
        0.015906155200206166,
        0.01823902194091989,
        0.021350208323125935,
        0.015395170860516923,
        0.01395427861682469,
        0.011707790219766175,
        0.02015829325536563,
        0.017417522666280483
    ],
    "train_acc": [
        0.10793333333333334,
        0.9363166666666667,
        0.9677166666666667,
        0.9768166666666667,
        0.9819166666666667,
        0.9851333333333333,
        0.9879666666666667,
        0.9893166666666666,
        0.99175,
        0.9925833333333334,
        0.9938166666666667,
        0.9943166666666666,
        0.9941166666666666,
        0.9946833333333334,
        0.9949,
        0.9956666666666667,
        0.9958333333333333,
        0.9959666666666667,
        0.9952333333333333,
        0.9944833333333334,
        0.9958666666666667,
        0.9963833333333333,
        0.9971,
        0.9952166666666666,
        0.9955333333333334
    ],
    "test_loss": [
        2.3052435230255126,
        0.15366199882797665,
        0.1243685531883093,
        0.12751948933209498,
        0.13680023012160394,
        0.1408850555185296,
        0.14397558597169444,
        0.1758882423580095,
        0.1716046104378213,
        0.1882761654412378,
        0.20544197119250884,
        0.1933999307637913,
        0.20188218340152397,
        0.2197901873239831,
        0.22426989651200807,
        0.2384465026175435,
        0.2559918242903013,
        0.26108710039097804,
        0.28363679475921494,
        0.2868909317982046,
        0.2912221533586734,
        0.2818676582813773,
        0.32948639315372263,
        0.3369879025871921,
        0.3490158528968328
    ],
    "test_acc": [
        0.1066,
        0.9569,
        0.9649,
        0.9671,
        0.9682,
        0.9705,
        0.9713,
        0.9714,
        0.9713,
        0.9722,
        0.9699,
        0.9748,
        0.9734,
        0.975,
        0.9746,
        0.9742,
        0.9736,
        0.9738,
        0.9736,
        0.9715,
        0.9727,
        0.9754,
        0.9737,
        0.9716,
        0.9747
    ]
}