{
    "train_loss": [
        2.304665460205078,
        0.29622956662556776,
        0.17983924294445072,
        0.15120979730906783,
        0.12768869371405345,
        0.11831785287403598,
        0.11049595681042844,
        0.10863253311900815,
        0.09785525814039425,
        0.0925062479393416,
        0.09730277433329268,
        0.09477256239095587,
        0.0919896042498143,
        0.0827930080098308,
        0.08264832467078305,
        0.08831668693439242,
        0.08510232622040985,
        0.07211104098205551,
        0.08327419814937764,
        0.08420446695270821,
        0.09264388948275087,
        0.1012127797486694,
        0.08292155612909667,
        0.08457329537772433,
        0.10233911749425278
    ],
    "train_acc": [
        0.08203333333333333,
        0.9147,
        0.95315,
        0.9603,
        0.9659833333333333,
        0.9699333333333333,
        0.9713,
        0.9731166666666666,
        0.9761333333333333,
        0.9776166666666667,
        0.9776,
        0.97835,
        0.9794,
        0.981,
        0.9815666666666667,
        0.9812166666666666,
        0.98155,
        0.9846166666666667,
        0.9832666666666666,
        0.98295,
        0.9827,
        0.9823833333333334,
        0.9844333333333334,
        0.9845333333333334,
        0.9828
    ],
    "test_loss": [
        2.3036648399353026,
        0.20758346723238938,
        0.1686883276035449,
        0.16820952192000513,
        0.19697021341315885,
        0.17750915793547536,
        0.1828580624482474,
        0.20378750826930453,
        0.2361397931492018,
        0.2677772831405128,
        0.23607848259642078,
        0.233673314322961,
        0.2591363746549852,
        0.26637737830896135,
        0.28903893779667145,
        0.3036791694781915,
        0.3299472484453797,
        0.338343211619119,
        0.3778423789240454,
        0.42015527886440523,
        0.4418739767173381,
        0.45109000991717313,
        0.37120077391338,
        0.4559422787344138,
        0.4982145330193719
    ],
    "test_acc": [
        0.0829,
        0.944,
        0.9574,
        0.9589,
        0.9534,
        0.9586,
        0.9644,
        0.9641,
        0.9616,
        0.9547,
        0.9611,
        0.9632,
        0.9621,
        0.9634,
        0.9626,
        0.9649,
        0.9622,
        0.9605,
        0.963,
        0.9597,
        0.9592,
        0.9604,
        0.9647,
        0.9596,
        0.9593
    ]
}