{
    "train_loss": [
        2.305034884007772,
        0.21615716189939993,
        0.10994462527674853,
        0.0781505114724369,
        0.06048756894344587,
        0.04700774742507121,
        0.040214017321841634,
        0.03094834505024857,
        0.023844321439884637,
        0.026830678452059376,
        0.026799269042728387,
        0.02589113740776482,
        0.017580582876317367,
        0.019044755581929095,
        0.020975794618016616,
        0.019811285743572587,
        0.02094520490118199,
        0.017331756072449463,
        0.020706247138034976,
        0.020693594565286754,
        0.015416457163532382,
        0.023474029892984694,
        0.020811973057751013,
        0.021419076172872087,
        0.022381185994734716
    ],
    "train_acc": [
        0.07181666666666667,
        0.9357833333333333,
        0.9683333333333334,
        0.9766,
        0.9822166666666666,
        0.9860166666666667,
        0.9881333333333333,
        0.9904666666666667,
        0.9922333333333333,
        0.9921333333333333,
        0.9924666666666667,
        0.9926666666666667,
        0.9947833333333334,
        0.9945166666666667,
        0.9948,
        0.9949,
        0.9946833333333334,
        0.9954,
        0.9950166666666667,
        0.9950333333333333,
        0.9961666666666666,
        0.9948666666666667,
        0.99545,
        0.9954666666666667,
        0.9955666666666667
    ],
    "test_loss": [
        2.3044456077575686,
        0.1488299852930708,
        0.12904975516164086,
        0.12692078626935982,
        0.13659868005962852,
        0.15378178400559067,
        0.17177796451323796,
        0.1971153092697556,
        0.19070540958865667,
        0.20797480776474175,
        0.20887810107845786,
        0.2153344846279576,
        0.23214047891980977,
        0.24242923778365452,
        0.27997679148438176,
        0.26532796868306546,
        0.28514221104664306,
        0.33018772035707483,
        0.34545270550593393,
        0.3405439192208705,
        0.3530235637737817,
        0.32629638138210065,
        0.3769160599164671,
        0.3565530566835442,
        0.3718805027165233
    ],
    "test_acc": [
        0.0753,
        0.9586,
        0.9668,
        0.969,
        0.9667,
        0.9711,
        0.9688,
        0.9694,
        0.9711,
        0.9694,
        0.9718,
        0.9719,
        0.9718,
        0.972,
        0.9701,
        0.9713,
        0.9711,
        0.9691,
        0.9721,
        0.972,
        0.9725,
        0.9718,
        0.9719,
        0.9749,
        0.9729
    ]
}