{
    "train_loss": [
        2.3056429417292277,
        0.4366516953092573,
        0.285440650078291,
        0.25255605043582763,
        0.2307642030460002,
        0.21173421753448893,
        0.1903213051746273,
        0.19393737010799766,
        0.17613957247748457,
        0.1750444838333661,
        0.173962120695578,
        0.1608142859672037,
        0.15295001933580113,
        0.15076396648815268,
        0.1527454521146247,
        0.14849965559400566,
        0.13434837501128571,
        0.12214856481996958,
        0.13671462272775528,
        0.12698503032950692,
        0.12912228472985993,
        0.12313897481340115,
        0.12214245867296143,
        0.128848784065433,
        0.1148024992239359
    ],
    "train_acc": [
        0.07833333333333334,
        0.8850333333333333,
        0.9302166666666667,
        0.9409,
        0.9465166666666667,
        0.9522666666666667,
        0.9556666666666667,
        0.9559166666666666,
        0.9591333333333333,
        0.9611666666666666,
        0.96205,
        0.9639666666666666,
        0.9659166666666666,
        0.9672,
        0.9680166666666666,
        0.9681666666666666,
        0.9706833333333333,
        0.97335,
        0.9705833333333334,
        0.9723333333333334,
        0.9733666666666667,
        0.9738833333333333,
        0.974,
        0.9745333333333334,
        0.9756166666666667
    ],
    "test_loss": [
        2.3049506702423095,
        0.28669115144945684,
        0.3017393521936232,
        0.2661052500398073,
        0.2822430703206701,
        0.2650913287165254,
        0.2912458743902133,
        0.24269176096722087,
        0.28746455391036535,
        0.2496555482280717,
        0.2748774863767274,
        0.2666007871245385,
        0.2791373657058778,
        0.3104693981462084,
        0.33534246688679464,
        0.34872948560121614,
        0.4130767975957163,
        0.3840781758429672,
        0.32685679403764606,
        0.3637986024067156,
        0.3618554747717277,
        0.42135948604832235,
        0.39856494123407965,
        0.39336349072698285,
        0.39831329438815277
    ],
    "test_acc": [
        0.0826,
        0.9276,
        0.9404,
        0.9383,
        0.9411,
        0.9504,
        0.9407,
        0.9495,
        0.9506,
        0.9541,
        0.9529,
        0.9541,
        0.954,
        0.9547,
        0.9459,
        0.954,
        0.9439,
        0.9545,
        0.9562,
        0.9532,
        0.9511,
        0.9491,
        0.9523,
        0.9533,
        0.9586
    ]
}