{
    "train_loss": [
        2.305674257342021,
        1.2972486087878545,
        1.1092837474405766,
        1.1344552339434624,
        1.1917847589294115,
        1.213801926143964,
        1.1060309982856116,
        1.1688773945450783,
        1.006422615192334,
        1.1693302731768538,
        1.0773015304525693,
        1.0105726689359484,
        1.1206200812458993,
        1.0350101711069544,
        1.048490588337183,
        1.1481463245709738,
        1.0913286278525989,
        1.0405484547813733,
        1.1153542253911495,
        1.1393984421730041,
        1.093677030448119,
        1.123845372482141,
        1.216729887509346,
        1.1474041082998117,
        1.2309145009795825
    ],
    "train_acc": [
        0.10793333333333334,
        0.5636333333333333,
        0.6369333333333334,
        0.6208666666666667,
        0.5980833333333333,
        0.5999666666666666,
        0.65415,
        0.59745,
        0.6751166666666667,
        0.5998,
        0.6529333333333334,
        0.6715166666666667,
        0.62955,
        0.6660833333333334,
        0.6664333333333333,
        0.6215333333333334,
        0.6499666666666667,
        0.6627166666666666,
        0.62615,
        0.5984,
        0.6339,
        0.6170333333333333,
        0.5818166666666666,
        0.6103166666666666,
        0.5661166666666667
    ],
    "test_loss": [
        2.3052435230255126,
        1.1941036851406097,
        1.1131291342020035,
        1.0409579920768737,
        1.2190724915027618,
        1.3636437785983087,
        1.2015450314998626,
        1.0801332364797591,
        1.2121040630817412,
        1.0949999069571494,
        1.0243993956705206,
        1.116993824183292,
        1.0535230256795882,
        1.2023740846395492,
        1.2048226681351661,
        1.2373696956396103,
        1.7125005336645058,
        2.0860373110294343,
        1.258756281900406,
        1.2004942010879516,
        1.178637949347496,
        1.4683614182949065,
        1.3612881845951081,
        1.1162217166226358,
        1.4385861580848693
    ],
    "test_acc": [
        0.1066,
        0.5972,
        0.6056,
        0.637,
        0.5426,
        0.688,
        0.565,
        0.6378,
        0.6555,
        0.6546,
        0.6757,
        0.6308,
        0.6719,
        0.5799,
        0.6691,
        0.5876,
        0.6882,
        0.6121,
        0.5781,
        0.6646,
        0.6079,
        0.5959,
        0.6287,
        0.6332,
        0.5336
    ]
}