{
    "train_loss": [
        2.3051901514689126,
        0.732289862537905,
        0.5595805270026215,
        0.4815834983932206,
        0.48550573782133516,
        0.46800539452751155,
        0.42196551901733903,
        0.4120452832091074,
        0.4278263240616469,
        0.4452787308658812,
        0.43859762266842006,
        0.410413595941778,
        0.40674565771309434,
        0.41071663445418266,
        0.3666455868206922,
        0.36576454117674917,
        0.3687759741143479,
        0.388374659022266,
        0.34167905265546467,
        0.327892844309964,
        0.3330675227943999,
        0.3186865724738686,
        0.30141764231520723,
        0.3425927678441503,
        0.3142853927820481
    ],
    "train_acc": [
        0.07936666666666667,
        0.8191,
        0.87165,
        0.8875,
        0.8985666666666666,
        0.9071666666666667,
        0.9170333333333334,
        0.9217833333333333,
        0.91825,
        0.9059833333333334,
        0.90955,
        0.9070666666666667,
        0.9093833333333333,
        0.90095,
        0.9306333333333333,
        0.92965,
        0.9301833333333334,
        0.9243,
        0.9322333333333334,
        0.9361666666666667,
        0.93595,
        0.9399833333333333,
        0.9422166666666667,
        0.9355333333333333,
        0.9392666666666667
    ],
    "test_loss": [
        2.3060512508392335,
        0.7229692814436043,
        0.6111931676135166,
        0.47826349591269973,
        0.46209626702505047,
        0.4371237021988798,
        0.4562681033293211,
        0.4439033428365365,
        0.4245058691107848,
        0.47960877415234243,
        0.4888427840299229,
        0.6843381910545728,
        0.4946034456743784,
        1.2408709733866137,
        0.5389642635769596,
        0.4751938902551852,
        0.5417898831584285,
        0.6084780006496991,
        0.49287048633445574,
        0.5513623059163718,
        0.7311003493221001,
        0.48333339854947216,
        0.6151787905005395,
        0.5676695364180905,
        0.5771382553399014
    ],
    "test_acc": [
        0.077,
        0.8703,
        0.88,
        0.8946,
        0.9091,
        0.9186,
        0.9215,
        0.9141,
        0.9175,
        0.9028,
        0.9181,
        0.8297,
        0.9224,
        0.8521,
        0.9233,
        0.928,
        0.9075,
        0.927,
        0.9339,
        0.9205,
        0.9237,
        0.9334,
        0.9334,
        0.9219,
        0.9243
    ]
}