{
    "train_loss": [
        2.303097758293152,
        0.8193228257274255,
        0.5737817916864433,
        0.6259113695163939,
        0.5356962259366705,
        0.4529221696181543,
        0.454066815626374,
        0.39467239047720615,
        0.4063376926754509,
        0.39412667530378004,
        0.3789254779379047,
        0.37044168216462636,
        0.3960485977649822,
        0.3553698864787398,
        0.3409649713095435,
        0.3065872364524971,
        0.32856465383259004,
        0.34464798991706147,
        0.3318580837389187,
        0.34339053819494264,
        0.35296614965012524,
        0.30610693185885574,
        0.28015408134273645,
        0.2827562388108546,
        0.3030203574634355
    ],
    "train_acc": [
        0.10706666666666667,
        0.7792,
        0.8735666666666667,
        0.8583333333333333,
        0.8826666666666667,
        0.8970333333333333,
        0.8945666666666666,
        0.9142333333333333,
        0.914,
        0.9127166666666666,
        0.91415,
        0.9158,
        0.9126333333333333,
        0.9202833333333333,
        0.9239833333333334,
        0.9297166666666666,
        0.9256666666666666,
        0.9194166666666667,
        0.9213666666666667,
        0.9230333333333334,
        0.9205333333333333,
        0.92785,
        0.9368666666666666,
        0.9355833333333333,
        0.929
    ],
    "test_loss": [
        2.3041049377441407,
        0.4878898930497467,
        0.5603793278409168,
        0.8153716980531346,
        0.449366717989021,
        0.4982815574035747,
        0.42881090026614765,
        0.46322007535966797,
        0.46818156477698064,
        0.3507778779560356,
        0.5143836661883099,
        0.5330476286642268,
        0.5338001167806197,
        0.3967234008776979,
        0.49714344410926914,
        0.36684348774133707,
        0.47167644595909153,
        0.5067410731263597,
        0.5180844043021782,
        0.5598977817966166,
        0.5443664299200272,
        0.4075814876369354,
        0.5022604193253933,
        0.5385878233614481,
        0.5102768798893935
    ],
    "test_acc": [
        0.1043,
        0.8695,
        0.8947,
        0.8692,
        0.8912,
        0.8714,
        0.9192,
        0.9179,
        0.8915,
        0.9279,
        0.8975,
        0.9096,
        0.9133,
        0.9198,
        0.9187,
        0.9278,
        0.9101,
        0.9043,
        0.9011,
        0.9051,
        0.9106,
        0.9217,
        0.923,
        0.9248,
        0.9155
    ]
}