{
    "train_loss": [
        2.304665460205078,
        0.4047831619495293,
        0.26356073605925195,
        0.22403011355928815,
        0.20890675488200286,
        0.19608549579763507,
        0.1986509936712196,
        0.17474329703724506,
        0.17179706049920662,
        0.1708593780727512,
        0.17853092839173182,
        0.15205240386707064,
        0.16383552133539095,
        0.1614525583987002,
        0.15724010559002247,
        0.15274115136106842,
        0.15855039636050694,
        0.1528139058562908,
        0.1526977003015676,
        0.13688870590965416,
        0.14180438581589783,
        0.15232050800136882,
        0.1345853831831621,
        0.13156268151774114,
        0.12607787928764985
    ],
    "train_acc": [
        0.08203333333333333,
        0.8938333333333334,
        0.9359166666666666,
        0.9468,
        0.9509166666666666,
        0.9540833333333333,
        0.95535,
        0.9590166666666666,
        0.9617333333333333,
        0.96195,
        0.9630666666666666,
        0.9671,
        0.9652833333333334,
        0.9671833333333333,
        0.96835,
        0.96845,
        0.96905,
        0.9693833333333334,
        0.9698666666666667,
        0.9728333333333333,
        0.9724166666666667,
        0.9716,
        0.9724166666666667,
        0.97395,
        0.9753
    ],
    "test_loss": [
        2.3036648399353026,
        0.27595889977824406,
        0.25912709711936766,
        0.27315181597663757,
        0.26673242551785953,
        0.28401028761495983,
        0.2478656065883767,
        0.2931949930247389,
        0.2573547894073872,
        0.3057274556607039,
        0.2843877335430144,
        0.41444895980061763,
        0.3304347992939093,
        0.3056036473722668,
        0.32102905996938946,
        0.36306936240174603,
        0.36729824429213065,
        0.36267413031007406,
        0.43088918212548033,
        0.4578894963761618,
        0.43593351097027117,
        0.366039116968968,
        0.4048028880138684,
        0.4093783058747301,
        0.37214853615159155
    ],
    "test_acc": [
        0.0829,
        0.9306,
        0.9456,
        0.9374,
        0.9368,
        0.9453,
        0.953,
        0.9526,
        0.9554,
        0.9523,
        0.9536,
        0.9415,
        0.9532,
        0.9561,
        0.9582,
        0.954,
        0.9535,
        0.9566,
        0.9519,
        0.9524,
        0.9546,
        0.9554,
        0.9498,
        0.9561,
        0.9572
    ]
}